{"type":"FeatureCollection","features":[{"type":"Feature","properties":{"name":"Република Србија","purpose":"VIIRS national clip mask","generated_by":"black_marble/build_serbia_boundary.py","vertices":3496,"sources":[{"iso":"SRB","boundary_id":"SRB-ADM0-94879208","boundary_name":"Serbia","year":"2017","source":"OpenStreetMap, Wambacher","license":"Open Data Commons Open Database License 1.0","api":"https://www.geoboundaries.org/api/current/gbOpen/SRB/ADM0/"},{"iso":"XKX","boundary_id":"XKX-ADM0-92638718","boundary_name":"Kosovo","year":"2021","source":"Open Street Map","license":"Creative Commons Attribution-ShareAlike 2.0","api":"https://www.geoboundaries.org/api/current/gbOpen/XKX/ADM0/"}],"note":"Composite national clip mask used by the PIO Rajac VIIRS Serbia service."},"geometry":{"type":"MultiPolygon","coordinates":[[[[19.667932800000017,46.18487440000007],[19.66153849999995,46.19005240000007],[19.631616900000097,46.169255700000065],[19.567629399999987,46.17871790000015],[19.563149700000054,46.17697840000011],[19.564261900000076,46.17561789999996],[19.559832500000027,46.17392940000008],[19.563169300000084,46.169758300000126],[19.558632200000034,46.168016],[19.56044289999994,46.16629770000014],[19.52656289999993,46.147692300000074],[19.516758700000025,46.151735300000155],[19.502454,46.142086300000074],[19.5094421,46.1373526000001],[19.508082199999933,46.133599],[19.52706850000004,46.120936700000016],[19.508968200000083,46.11072610000002],[19.485760699999958,46.1034939000001],[19.481839900000068,46.10480420000016],[19.480349700000033,46.10176510000002],[19.470782499999984,46.09659020000015],[19.46442289999993,46.09527490000005],[19.466929400000026,46.089006],[19.466528200000084,46.081649],[19.438251799999932,46.066178299999876],[19.42300590000002,46.05493980000011],[19.415439299999946,46.045730700000036],[19.3950701,46.041967800000066],[19.380179800000064,46.03580610000006],[19.364162,46.05216990000008],[19.28160079999992,46.0145217000001],[19.302713200000085,45.9915575],[19.296538300000066,45.98779680000007],[19.28534959999996,45.99675850000011],[19.236594200000013,45.99507290000008],[19.23270880000007,45.999355200000025],[19.199586800000077,45.99816060000012],[19.204917200000068,45.99268410000013],[19.16561859999996,45.99427510000015],[19.165601200000083,45.99597290000014],[19.147739000000115,45.99612470000005],[19.145647300000064,46.00137460000013],[19.147209499999974,46.008009800000025],[19.133785900000078,46.037071400000116],[19.11363950000009,46.0379544],[19.10457930000007,46.03998760000002],[19.06567600000011,46.000043],[19.079550400000016,45.963535100000115],[19.063286100000084,45.96377170000011],[19.05500310000008,45.965500000000134],[19.03268790000004,45.96465280000001],[19.018780400000082,45.963137800000084],[19.005814099999952,45.958709400000146],[18.99787520000001,45.946211400000095],[19.00885619999997,45.92328660000004],[18.994696400000066,45.923882900000024],[18.987973399999987,45.93221360000007],[18.962018300000068,45.92587070000002],[18.906004699999983,45.93527379999995],[18.889905400000032,45.92136760000011],[18.886462400000084,45.921391300000096],[18.87914610000007,45.91643650000009],[18.8711919000001,45.91619889999998],[18.86461980000007,45.9207411000001],[18.868204800000058,45.91123810000005],[18.827550499999973,45.904790700000035],[18.821634,45.91463420000002],[18.814287500000034,45.90880350000003],[18.8249682,45.900085],[18.829847900000175,45.873563],[18.83365040000001,45.86838660000012],[18.852364300000147,45.861305600000094],[18.856380500000114,45.85636620000014],[18.85787590000001,45.84743850000007],[18.856508700000063,45.83276410000002],[18.850014400000077,45.820825300000024],[18.847583800000052,45.81199950000007],[18.849933799999974,45.80074140000005],[18.8541209,45.792907],[18.859589800000094,45.788468],[18.88076220000005,45.78283070000015],[18.888707900000043,45.77526640000008],[18.90087440000002,45.7217419000001],[18.90863879999995,45.705161100000055],[18.9247004,45.69080630000002],[18.959137300000066,45.67668780000014],[18.963281699999982,45.67385170000017],[18.966272499999945,45.66635780000007],[18.962469899999917,45.65907190000013],[18.937945400000103,45.64159980000005],[18.9337582,45.631831],[18.93034019999999,45.629142000000115],[18.91437680000007,45.623592600000165],[18.907760499999938,45.61890170000015],[18.90576649999997,45.6161335000001],[18.906552,45.607067200000074],[18.912896499999988,45.59880270000002],[18.913440300000048,45.59539930000011],[18.89340990000005,45.58030350000007],[18.887790600000017,45.571167900000034],[18.889210500000047,45.56607079999998],[18.899724200000094,45.557758],[18.917609500000026,45.55445780000014],[18.92874620000009,45.54390250000006],[18.950376,45.53395130000001],[18.95958939999997,45.53372510000014],[18.983777700000076,45.536908500000095],[18.992196500000148,45.54031780000008],[19.008880500000032,45.55673470000005],[19.02113760000003,45.55715270000002],[19.02724859999995,45.55184070000013],[19.034659100000056,45.534942300000125],[19.04129690000002,45.532925],[19.052676,45.533048],[19.071114299999977,45.530637],[19.095944600000053,45.52030280000014],[19.10114240000007,45.51432280000006],[19.102301400000044,45.50546250000008],[19.095452900000055,45.494902100000104],[19.08671819999995,45.48933640000001],[19.08229770000014,45.48829180000007],[19.04455,45.484949],[19.0339818,45.48677520000001],[19.010986300000013,45.496153400000026],[19.0001587000001,45.494343],[18.99688060000011,45.49138360000012],[18.991367400000115,45.47780280000012],[18.99141709999998,45.46578640000013],[18.987145700000042,45.45516110000011],[18.988437,45.44683360000016],[18.991433799999925,45.4419304],[18.999591300000077,45.436738800000114],[19.01802959999992,45.429788700000074],[19.025278600000036,45.42490180000004],[19.029809200000045,45.41859120000015],[19.0305467,45.41141710000005],[19.023382099999935,45.403107700000135],[19.01548,45.400863700000116],[18.993143199999963,45.40004990000011],[18.97615,45.39428880000003],[18.9694652,45.38681240000011],[18.97156940000002,45.37720730000012],[18.979590700000074,45.37019430000004],[19.005405100000075,45.357634100000155],[19.011468600000114,45.358667300000036],[19.02316810000002,45.351914800000145],[19.048008800000105,45.3484846],[19.056018400000028,45.34310550000009],[19.07791430000003,45.34123590000013],[19.092770299999984,45.335138200000074],[19.099373,45.32662009999996],[19.0990569,45.31041979999998],[19.102533800000117,45.30197210000006],[19.115388,45.29255949999998],[19.1445078000001,45.28023760000008],[19.193894,45.26570310000011],[19.2410339,45.24775290000008],[19.28486449999997,45.237317400000165],[19.335613800000033,45.2325441000001],[19.3709192,45.23165510000007],[19.420634,45.2334919],[19.422589,45.22533880000009],[19.427440900000022,45.21750470000006],[19.44708419999995,45.196321100000034],[19.44162230000012,45.19332360000004],[19.43534360000001,45.19306890000007],[19.434849699999972,45.19014],[19.4280809,45.187209600000074],[19.435886099999948,45.1727183000001],[19.418633899999975,45.165788900000166],[19.389978400000075,45.17257020000011],[19.373176200000046,45.17133540000003],[19.37259789999996,45.169954],[19.364200799999935,45.17284470000004],[19.353050600000017,45.180605899999875],[19.342025,45.174007500000016],[19.321596700000043,45.19733580000002],[19.31886320000001,45.20762930000012],[19.287705500000015,45.20589460000008],[19.2835038,45.20902910000012],[19.280300599999975,45.2091031],[19.280930700000113,45.20250510000011],[19.287946,45.19492440000016],[19.287529300000017,45.193837200000075],[19.280400300000053,45.19463310000003],[19.279896099999917,45.19361850000007],[19.295072599999912,45.17296800000014],[19.291368700000078,45.173361399999976],[19.286614100000122,45.17108940000014],[19.2766125,45.172080400000084],[19.27079779999997,45.17570420000004],[19.262271900000087,45.174885100000154],[19.246300400000052,45.1794949],[19.235395,45.17905049999996],[19.2285602,45.184219100000064],[19.214838100000065,45.18782240000013],[19.189678100000037,45.2009382],[19.18544250000008,45.2018637],[19.178948799999944,45.20012400000013],[19.176216600000032,45.202511],[19.17063070000006,45.199745900000096],[19.166017300000078,45.189709200000095],[19.184330500000044,45.184340300000144],[19.194538600000044,45.1789152],[19.187238,45.16599729999996],[19.1420508,45.12992490000016],[19.11998370000009,45.13373310000014],[19.114342499999964,45.13770670000008],[19.08656220000006,45.14541790000004],[19.0875471,45.13836340000006],[19.081228,45.1343286],[19.077897000000178,45.12727640000003],[19.076800200000037,45.11373729999997],[19.08428260000005,45.1113995],[19.082370299999923,45.11010850000014],[19.083737100000064,45.10736900000012],[19.0877858,45.106882900000016],[19.093506699999978,45.10155270000007],[19.0944444000001,45.09751680000011],[19.0916436,45.092869399999984],[19.0927827000001,45.09065070000008],[19.10585759999998,45.07916120000016],[19.095230199999946,45.05854430000011],[19.09888820000009,45.05752870000009],[19.10135,45.05390309999996],[19.105893300000048,45.05153230000013],[19.10109680000005,45.043242],[19.094161199999974,45.037445100000014],[19.095630500000027,45.03354860000002],[19.098763900000108,45.03285950000003],[19.09735779999994,45.02249819999997],[19.102717400000017,45.010695300000066],[19.096718399999986,45.005279],[19.094016500000066,44.9980387],[19.085829099999955,44.99348640000011],[19.08089830000017,44.98848210000011],[19.0609,44.9827272],[19.05194780000005,44.977328],[19.07569430000018,44.971078300000045],[19.084304200000076,44.97434280000016],[19.087833200000034,44.97407630000009],[19.092864,44.97097170000012],[19.11108270000011,44.96985580000012],[19.11868119999997,44.975715200000025],[19.138335,44.980711],[19.147410799999932,44.975395900000024],[19.147431700000084,44.95768570000001],[19.154293400000086,44.95768290000012],[19.1541037,44.95508080000013],[19.156487600000105,44.952941800000076],[19.143085600000177,44.94681050000008],[19.1431538,44.94134610000003],[19.135859200000027,44.939133],[19.124245100000053,44.93904520000012],[19.111541500000044,44.93267570000012],[19.109279599999923,44.934167],[19.101284499999963,44.92991289999998],[19.086926199999937,44.92528649999997],[19.08848269999993,44.92398080000015],[19.08493930000003,44.92308680000008],[19.08421069999997,44.91938110000007],[19.088151500000095,44.91816930000016],[19.087406400000077,44.91623990000005],[19.08389610000006,44.916675199999986],[19.080534799999953,44.91338090000011],[19.087197900000035,44.910399600000176],[19.082218599999976,44.90626530000003],[19.074433099999908,44.905396600000074],[19.06976609999998,44.90147060000015],[19.064272700000174,44.90205110000005],[19.044114400000126,44.9125831],[19.035384700000066,44.92154019999998],[19.032289599999956,44.92250480000007],[19.01459469999992,44.92117880000012],[18.997976100000017,44.91556],[18.996447100000125,44.91186460000006],[18.989243300000055,44.90579200000013],[18.9916882,44.90260930000005],[18.992391599999962,44.89387650000009],[18.99962069999998,44.88490510000014],[19.00310720000016,44.88436890000003],[19.01437720000007,44.869102800000064],[19.01911229999996,44.85524340000012],[19.04436,44.85939819999999],[19.06062689999999,44.86037859999993],[19.070487000000128,44.86320980000011],[19.07595349999997,44.86645130000005],[19.08887420000002,44.87983340000011],[19.1179517,44.886251500000014],[19.12323980000002,44.89068460000016],[19.128268200000036,44.89837110000002],[19.146549200000038,44.90341070000011],[19.157917599999905,44.91014030000002],[19.167802199999926,44.918848],[19.177294100000154,44.921726],[19.18761650000016,44.92119550000007],[19.196889800000065,44.91793220000005],[19.204031199999974,44.909588499999984],[19.208217200000092,44.899330299999974],[19.214274299999943,44.89625770000015],[19.22357219999992,44.89729430000011],[19.232212600000025,44.9038508000001],[19.25094969999998,44.91332110000013],[19.26004660000001,44.91230110000009],[19.270942700000035,44.906207900000084],[19.27741029999993,44.904607100000135],[19.291565400000025,44.909270900000024],[19.299161600000048,44.90950640000017],[19.312695,44.90678560000009],[19.321800600000017,44.89971520000006],[19.335543600000108,44.895318700000075],[19.346541,44.88940620000005],[19.351763600000083,44.8895227000001],[19.352464100000134,44.88583310000001],[19.367179600000043,44.88142710000017],[19.366350199999943,44.87523230000005],[19.359711100000084,44.866638399999886],[19.36747240000011,44.85610889999998],[19.365418499999976,44.854337400000134],[19.351894,44.85859030000012],[19.345950099999925,44.852483600000085],[19.34737819999998,44.847063300000116],[19.345481900000095,44.839684700000134],[19.35553649999997,44.83449990000014],[19.353184600000077,44.826368100000025],[19.343374,44.82637960000005],[19.339822500000082,44.828152],[19.335705299999972,44.82804520000002],[19.33360040000008,44.8238237],[19.3358409,44.819426799999974],[19.33334420000017,44.81773720000001],[19.326619499999936,44.82293650000014],[19.317876400000046,44.82163750000012],[19.317510099999936,44.818577300000015],[19.32325920000011,44.81591170000013],[19.324090599999977,44.812759800000094],[19.313092,44.81262020000008],[19.310110800000018,44.805456000000106],[19.31129770000001,44.80239],[19.316991299999984,44.799708800000076],[19.317339,44.7955963],[19.314492200000018,44.79392490000009],[19.304658400000108,44.794277],[19.30227520000011,44.790012700000034],[19.29459730000002,44.78585349999997],[19.294857,44.78349730000008],[19.29730890000002,44.78223050000008],[19.305538400000103,44.783907200000044],[19.310781799999972,44.780401700000084],[19.314197300000103,44.78115289999988],[19.3179616,44.785500700000114],[19.324325500000043,44.78408180000014],[19.325769199999968,44.77825300000012],[19.321936600000072,44.774500100000125],[19.3050328,44.77329820000017],[19.30119180000014,44.76909580000006],[19.307035499999984,44.76410920000012],[19.319475700000055,44.76493120000009],[19.323844099999974,44.7637128],[19.324443,44.7577296],[19.316438599999913,44.75665659999987],[19.314805099999944,44.75299280000013],[19.318684800000142,44.750140900000076],[19.329874600000153,44.749744600000156],[19.33067779999999,44.747898000000134],[19.327314799999954,44.74601680000006],[19.327332800000022,44.742496100000096],[19.324036300000103,44.741992700000026],[19.3234288000001,44.740244400000165],[19.31796959999997,44.73958070000009],[19.3120616,44.74111330000011],[19.301743,44.730925900000045],[19.303294900000083,44.7274829000001],[19.312565300000074,44.72333370000001],[19.31404909999992,44.720799600000134],[19.310822799999983,44.71608880000008],[19.300517799999966,44.713351200000034],[19.302396399999964,44.708620500000166],[19.306752500000016,44.7090268],[19.309038699999974,44.7057228],[19.2999329000001,44.6951876],[19.303817699999968,44.68906940000005],[19.29886790000006,44.68722320000006],[19.294743200000028,44.688258500000074],[19.290482100000077,44.69216490000002],[19.28868149999994,44.69102770000006],[19.287182300000097,44.687417],[19.291292699999985,44.68250030000007],[19.28921950000006,44.68174550000015],[19.28910479999996,44.67946550000016],[19.2810776,44.67825660000011],[19.2791694,44.67131390000014],[19.27619240000007,44.66799780000002],[19.28267009999996,44.66204890000006],[19.280396100000075,44.661788700000045],[19.279549600000053,44.658717],[19.277110600000015,44.65729340000007],[19.27163,44.6573189],[19.263789400000064,44.66033190000013],[19.259209099999964,44.65741330000003],[19.259180400000105,44.655009899999925],[19.263068400000066,44.65282830000007],[19.266318,44.64785770000003],[19.257290300000022,44.63466990000012],[19.250757700000065,44.63381800000013],[19.236406299999942,44.62299039999988],[19.224866799999916,44.619990299999984],[19.217697,44.62046840000011],[19.214902800000118,44.61935130000006],[19.215661599999976,44.6166389],[19.222919599999955,44.614859900000056],[19.227234799999962,44.6107750000001],[19.222003099999938,44.603268900000046],[19.219228600000065,44.59339090000009],[19.209535,44.592663900000105],[19.21641,44.59087290000008],[19.210791500000084,44.58809359999998],[19.206671600000107,44.58341059999992],[19.206292099999985,44.57692610000004],[19.202115500000048,44.57750440000012],[19.198970500000087,44.57481530000001],[19.190932699999905,44.576953900000035],[19.185790200000042,44.5761323000001],[19.183630900000082,44.57311540000006],[19.18231129999998,44.56141810000014],[19.192037200000016,44.55502510000002],[19.19204680000007,44.55180930000006],[19.190156700000045,44.54678140000004],[19.179601799999944,44.53983770000002],[19.17747829999996,44.53984040000006],[19.179268900000125,44.53916950000013],[19.175615,44.53431510000013],[19.17602830000004,44.53106670000011],[19.168846700000017,44.52462330000003],[19.16310029999994,44.5220733000001],[19.1634899,44.52338890000004],[19.157061700000156,44.52395980000006],[19.155362700000126,44.525541499999974],[19.151497,44.52392560000004],[19.143965399999956,44.52690290000004],[19.140529600000093,44.52463890000013],[19.131461799999954,44.522844],[19.128446900000085,44.519946900000036],[19.123042600000076,44.5005471],[19.13244130000004,44.49108340000015],[19.1342702,44.48021290000008],[19.1407092,44.471131100000036],[19.1362671,44.456590400000096],[19.1448567,44.45064480000002],[19.1440685,44.445701],[19.149226,44.4370525],[19.1471140000001,44.41547750000012],[19.14289009999999,44.411323300000106],[19.118349600000045,44.40292120000004],[19.10981750000002,44.3971095],[19.10721570000004,44.3937633000001],[19.1070474,44.383154700000034],[19.103741700000057,44.37811769999996],[19.10279280000003,44.37125880000002],[19.106488799999966,44.36681160000012],[19.11278989999994,44.36948330000001],[19.1197808,44.36731720000006],[19.11947780000014,44.36369660000014],[19.11204319999996,44.36079530000006],[19.109064899999964,44.35721940000013],[19.11410770000009,44.344582200000104],[19.12281960000007,44.340795200000116],[19.136436600000025,44.339011],[19.136685299999954,44.33542610000012],[19.129677100000094,44.329434900000024],[19.13151840000006,44.31808790000014],[19.13686430000007,44.31306260000002],[19.14769689999997,44.309671],[19.155196400000023,44.3041958],[19.158973200000048,44.299827800000116],[19.161548800000162,44.28848790000012],[19.165736799999934,44.284312300000124],[19.175839,44.2798692],[19.17995430000002,44.27983220000016],[19.189526200000103,44.28378340000006],[19.198448700000085,44.29115050000013],[19.20964379999998,44.29115050000013],[19.21724610000001,44.28711070000003],[19.22279939999993,44.26902130000002],[19.229275100000166,44.2639746000001],[19.23905610000014,44.26155369999998],[19.25260039999995,44.26309910000015],[19.2695116000001,44.269839200000035],[19.279314,44.27670439999997],[19.29809240000003,44.2693898],[19.315697800000123,44.27323439999992],[19.3251712,44.271251],[19.327956600000107,44.26880720000008],[19.32994610000003,44.25052470000014],[19.34222939999995,44.243012500000134],[19.3487738,44.23173700000012],[19.34306259999994,44.22324380000015],[19.34363610000014,44.2188852000001],[19.3495448,44.21475129999999],[19.354609400000015,44.21382820000002],[19.359803800000122,44.20740560000007],[19.355388600000026,44.199554700000135],[19.359078799999963,44.18425330000008],[19.366632400000015,44.18092410000014],[19.380430100000012,44.17967460000011],[19.397301300000095,44.17112140000012],[19.408274599999913,44.16908],[19.41995120000007,44.1440412],[19.43379230000005,44.13511010000002],[19.44365090000008,44.131770300000085],[19.44875879999995,44.13156830000008],[19.454965100000095,44.14084170000018],[19.46646320000002,44.148774200000105],[19.4741467,44.1497991],[19.48172729999999,44.14590490000006],[19.48339390000001,44.14181630000013],[19.48208440000002,44.13838370000002],[19.47396809999998,44.132232400000134],[19.47009929999996,44.12696990000012],[19.469736799999964,44.12138850000014],[19.472127500000056,44.11844650000006],[19.4754026,44.116924800000106],[19.490844599999946,44.11649080000012],[19.493163199999913,44.115205199999934],[19.4959027000001,44.10069430000016],[19.5112517,44.08128840000012],[19.5464171000001,44.07453010000012],[19.557930900000088,44.0696837000001],[19.56563490000002,44.061500200000125],[19.568864700000063,44.0508757],[19.573842299999967,44.04666129999998],[19.578481599999975,44.04617209999998],[19.58133689999994,44.04817810000009],[19.582875200000046,44.0532202],[19.582114100000126,44.06756270000011],[19.58419620000012,44.07011770000008],[19.589202,44.0721026],[19.597941,44.07111590000011],[19.600433799999962,44.06931620000006],[19.604448900000023,44.05067600000018],[19.61178239999998,44.050007400000084],[19.617952,44.05394670000004],[19.623642500000017,44.05089020000014],[19.62287729999997,44.047121600000025],[19.613842300000044,44.035001499999964],[19.6220363,44.0226540000001],[19.620316299999956,44.015527700000064],[19.616762400000084,44.01319310000014],[19.598799500000098,44.010162],[19.588399800000104,44.003149],[19.563944200000094,43.999117800000136],[19.563682200000073,43.99547960000001],[19.56777150000005,43.98899750000015],[19.566655200000014,43.984342400000116],[19.550924700000053,43.98029230000003],[19.53895590000002,43.97353410000005],[19.529086900000095,43.95724919999998],[19.52430290000018,43.955789700000025],[19.486580400000094,43.955475100000115],[19.448330199999987,43.95956260000008],[19.43283359999998,43.95782330000003],[19.419858,43.959991700000046],[19.40958059999997,43.9654819000001],[19.4075348,43.96815430000004],[19.40361230000002,43.96863550000006],[19.39937569999995,43.966832600000146],[19.3957352,43.961568600000135],[19.388663399999984,43.96026420000004],[19.378796800000032,43.962507800000026],[19.375425099999973,43.96663940000013],[19.362014800000054,43.97202570000013],[19.35747210000011,43.97567160000017],[19.3583984,43.97996640000002],[19.356618399999945,43.98128780000013],[19.334259400000064,43.98259180000002],[19.315855199999987,43.99328360000004],[19.304667699999982,43.997461300000055],[19.28408,43.99718960000013],[19.26704170000005,44.00037260000005],[19.247578300000043,44.01417179999993],[19.24069179999998,44.01463809999996],[19.235686,44.011794],[19.236463300000025,43.98808850000006],[19.238936,43.9829047],[19.24964419999992,43.97279069999996],[19.254199,43.96593010000004],[19.255431300000055,43.9604139],[19.251136499999973,43.95490280000001],[19.253535,43.95099510000017],[19.269023000000175,43.945300400000065],[19.271798599999954,43.93848510000015],[19.283741,43.9311014000001],[19.283906200000104,43.92691250000007],[19.289166799999975,43.92474990000005],[19.293998300000055,43.91983750000003],[19.296953300000098,43.90991290000005],[19.310460199999966,43.8976667],[19.309341099999926,43.89450050000005],[19.315195899999935,43.88968920000008],[19.31398850000005,43.886494800000094],[19.315609400000085,43.88308950000004],[19.3195677,43.88018480000005],[19.32644250000004,43.8782496],[19.335803600000077,43.86964950000004],[19.337949800000047,43.8632389],[19.353763,43.84613480000007],[19.364993,43.83724770000015],[19.374696,43.83444610000015],[19.371294399999954,43.8271383],[19.372038700000076,43.82459280000006],[19.38660130000011,43.81346290000005],[19.38907030000007,43.80973920000014],[19.39193549999999,43.80880100000013],[19.394532699999957,43.798304799999926],[19.405714700000033,43.797482500000115],[19.4113994,43.79392880000006],[19.415668,43.7942349],[19.417931599999974,43.79708010000002],[19.421058600000038,43.7967789],[19.43144390000009,43.78399230000002],[19.431260200000168,43.776852800000086],[19.447306600000047,43.775224700000024],[19.45475920000007,43.77125030000002],[19.458263599999952,43.76714],[19.465393499999948,43.764483],[19.467324400000052,43.75382090000011],[19.477157200000022,43.747092600000144],[19.477361400000063,43.741327],[19.481058500000074,43.73367550000006],[19.496851800000115,43.72645450000016],[19.49850870000006,43.72401730000007],[19.508420800000067,43.72062450000004],[19.513385700000015,43.715566900000056],[19.518979200000047,43.71434380000011],[19.51902860000007,43.705960800000014],[19.514550300000053,43.70080330000013],[19.51829779999997,43.69603640000008],[19.51708050000002,43.689502600000026],[19.52815090000007,43.67066490000013],[19.531796700000086,43.6677600000001],[19.526483199999916,43.64972410000013],[19.515263800000128,43.64682890000006],[19.512367200000085,43.64422680000001],[19.515031799999974,43.640440500000125],[19.5117927,43.63521470000006],[19.510666600000093,43.62818560000005],[19.50692130000016,43.62814970000011],[19.507316,43.63331],[19.500523199999975,43.63336710000016],[19.498761600000023,43.6389388],[19.494079300000067,43.637360300000125],[19.4880842,43.63245000000012],[19.492326099999957,43.62553630000008],[19.491698700000086,43.62001750000013],[19.499505299999953,43.61605930000002],[19.491274900000178,43.6002979000001],[19.491819199999952,43.59643160000013],[19.495039,43.598534800000095],[19.497099700000035,43.598071400000094],[19.50196,43.590959399999974],[19.51105,43.58615310000005],[19.505936700000063,43.58425160000007],[19.497367800000177,43.57749600000017],[19.480763500000023,43.571693700000026],[19.473592099999962,43.57625790000003],[19.451748700000053,43.57891820000003],[19.4460929,43.58186340000003],[19.442573900000127,43.5800177000001],[19.437169700000084,43.581084],[19.41813339999993,43.57828600000016],[19.422280100000023,43.575296200000025],[19.4084431,43.569761200000016],[19.4025314000001,43.57029840000007],[19.405236799999955,43.57724170000006],[19.40020219999991,43.57810680000006],[19.392444600000033,43.57368940000015],[19.387936600000103,43.5771891],[19.399545000000103,43.58124940000005],[19.4019571,43.58756340000002],[19.39565040000008,43.59169710000009],[19.388393800000074,43.590451800000096],[19.3848266,43.59145300000017],[19.382577200000014,43.59439600000013],[19.381902500000137,43.601594700000135],[19.370894200000066,43.6052411],[19.36938040000001,43.610665199999914],[19.3624883,43.60780320000009],[19.3618055,43.60553909999999],[19.35667360000008,43.60564510000006],[19.336809800000026,43.588494699999956],[19.331206500000064,43.59062210000013],[19.326145,43.588808700000016],[19.313908800000036,43.587937400000044],[19.303981,43.589797800000156],[19.291145200000074,43.60009840000015],[19.288758,43.595453],[19.2730588,43.59667960000007],[19.266529300000116,43.60524010000012],[19.26359030000009,43.606807799999956],[19.255524699999967,43.59790210000011],[19.268553200000042,43.60192],[19.272725899999955,43.59652590000013],[19.2659412000001,43.5939356],[19.262708699999962,43.5893612000001],[19.24589629999997,43.592677400000014],[19.247612300000014,43.59027590000011],[19.246548100000098,43.588202],[19.25087530000002,43.58376059999995],[19.25386119999996,43.57547150000016],[19.25044720000011,43.566182],[19.2519645000001,43.562585200000115],[19.246987100000013,43.55769420000007],[19.248897300000124,43.5557483],[19.24622839999995,43.54805040000008],[19.248837700000024,43.53193530000004],[19.25151409999995,43.5290814],[19.226451399999974,43.527798],[19.223921500000074,43.52645500000011],[19.2281352,43.51195569999999],[19.226274100000012,43.5050973000001],[19.22378860000009,43.503572099999985],[19.226851099999976,43.494925800000146],[19.22363740000003,43.49132790000016],[19.227154900000073,43.485015800000156],[19.22310090000002,43.4819389000001],[19.247877699999947,43.468391],[19.254188800000065,43.46112060000013],[19.267631299999948,43.457464400000106],[19.273538400000064,43.45366010000015],[19.2774364,43.45359130000014],[19.282944100000066,43.44842440000002],[19.284444,43.4488037000001],[19.292056499999944,43.44387900000015],[19.29964730000006,43.4438369],[19.308140799999933,43.43978830000009],[19.32246079999993,43.44064440000005],[19.33420239999998,43.436129],[19.338617700000043,43.42836110000013],[19.350007300000073,43.4154676],[19.3607925,43.41063730000002],[19.366100300000085,43.41258250000004],[19.383207300000095,43.41202680000009],[19.3904157,43.407198700000095],[19.38913050000008,43.406045900000095],[19.39396490000007,43.40085440000007],[19.40027910000009,43.39941340000007],[19.4125886,43.391856500000074],[19.419958600000143,43.393209700000114],[19.4248389,43.391093000000126],[19.428512099999978,43.39252170000003],[19.438170399999933,43.39015920000014],[19.43990630000002,43.39116839999997],[19.449248899999986,43.38733800000011],[19.450594499999966,43.36670790000011],[19.456716200000017,43.36501620000007],[19.461357299999975,43.35848360000011],[19.4597498,43.3540489],[19.462687500000072,43.35185800000011],[19.46080020000005,43.34458059999997],[19.481699600000013,43.332758],[19.486053700000014,43.326295500000015],[19.51757400000014,43.319204900000045],[19.52154930000006,43.31974630000008],[19.528111500000023,43.315949100000125],[19.5324716,43.30836290000002],[19.535555600000066,43.30785040000006],[19.537989,43.302421300000105],[19.527315800000054,43.283410200000105],[19.527356600000076,43.27780759999996],[19.52972910000011,43.271376100000055],[19.53369260000011,43.26965570000016],[19.539053,43.2622063],[19.54307110000002,43.259595700000034],[19.54171380000014,43.25883100000016],[19.5450826,43.24639070000006],[19.562138700000105,43.24083850000005],[19.566477,43.241918500000054],[19.574350900000127,43.23956],[19.580748,43.24011560000008],[19.59115229999992,43.23834070000015],[19.60288159999999,43.23295619999993],[19.618944,43.22962160000009],[19.619798200000105,43.22514180000013],[19.626149699999985,43.222343],[19.634678100000087,43.209812900000145],[19.640698,43.206681300000014],[19.637715900000046,43.20044470000005],[19.64188660000002,43.18866750000012],[19.661383200000046,43.184941400000014],[19.66488080000005,43.186459],[19.67266890000002,43.183502],[19.680005900000083,43.17876730000006],[19.68200410000003,43.17234130000003],[19.68593080000005,43.168155],[19.704268899999988,43.17064720000002],[19.734741699999972,43.17125760000005],[19.735273600000085,43.166330900000105],[19.73856109999997,43.16387070000013],[19.737080600000013,43.16214900000011],[19.74182419999994,43.15915440000015],[19.74673649999994,43.15889340000007],[19.756027300000028,43.16025],[19.75666579999995,43.16262480000006],[19.76058159999991,43.16434130000016],[19.765082800000016,43.16363590000003],[19.769918499999903,43.16620089999998],[19.77093780000007,43.1629292],[19.779230200000143,43.15677420000003],[19.779836,43.14626479999998],[19.781721900000093,43.1438806999999],[19.78078449999998,43.14064470000005],[19.77720670000008,43.13969140000006],[19.77696949999995,43.137819200000024],[19.77954529999994,43.1380828],[19.77940579999995,43.13596280000007],[19.78681309999996,43.131408],[19.786517700000047,43.12889430000001],[19.791477,43.12379350000003],[19.80547690000003,43.12223110000008],[19.80785869999994,43.1209311],[19.8075543,43.1172873000001],[19.811856,43.115464800000154],[19.820293400000082,43.11555780000003],[19.826222700000073,43.118138800000054],[19.83794240000003,43.115361],[19.8408821000001,43.11184830000002],[19.8400691,43.10992380000016],[19.83385629999998,43.10714660000002],[19.836993800000073,43.100199100000054],[19.834471100000087,43.096158],[19.838420900000017,43.0945061999999],[19.841311200000064,43.095081],[19.84591370000004,43.09985289999997],[19.85141780000015,43.100071400000104],[19.8516967,43.102288300000055],[19.861235199999953,43.105992699999945],[19.86207150000007,43.11008210000011],[19.870461500000033,43.11296829999998],[19.87989209999995,43.108417700000075],[19.883633,43.10499550000003],[19.882081899999946,43.10230960000007],[19.886383100000046,43.10132870000007],[19.888171,43.0972589000001],[19.902454000000148,43.09898090000013],[19.90685170000006,43.09109139999998],[19.916273699999977,43.08532530000002],[19.918406400000038,43.090840800000024],[19.923129300000028,43.09590760000003],[19.931219300000066,43.09590209999993],[19.937484499999925,43.10033379999999],[19.944970400000102,43.1006938000001],[19.948559900000078,43.10284110000015],[19.95033760000007,43.102088500000036],[19.960562300000163,43.10953520000015],[19.97023960000007,43.11126870000004],[19.973784499999965,43.106375600000035],[19.97369930000002,43.1031916],[19.969988799999953,43.08802549999996],[19.967614299999923,43.086703],[19.976333400000158,43.07272950000004],[19.9841105000001,43.06571939999998],[19.99219619999991,43.051796499999966],[20.011630399999945,43.04265790000005],[20.027630300000055,43.03768530000002],[20.047181299999977,43.02680980000008],[20.04917430000006,43.022236700000065],[20.05629639999995,43.01739830000014],[20.054456300000084,43.00967280000003],[20.059810600000105,43.00770480000011],[20.053823299999976,43.004728],[20.05716450000017,43.00190860000015],[20.059417600000074,42.9946787],[20.068260500000065,42.990867100000116],[20.0758929000001,42.99148320000012],[20.083508499999937,42.989125800000124],[20.087178700000038,42.986194400000045],[20.09034580000008,42.97565480000003],[20.09373260000001,42.97500670000005],[20.096816800000113,42.97143369999998],[20.108495,42.97220410000017],[20.121779199999935,42.963496000000134],[20.12512819999995,42.96699680000006],[20.13359220000001,42.97149540000015],[20.136617100000024,42.97474280000006],[20.13771890000004,42.98006030000005],[20.1473024,42.98967369999997],[20.15054989999993,42.988963],[20.151337,42.98582569999991],[20.15287539999997,42.9856355],[20.151616,42.980739800000094],[20.15346140000014,42.974921400000085],[20.157946,42.976091],[20.162142600000095,42.9733099],[20.171979300000032,42.97226220000016],[20.180984499999965,42.96528520000004],[20.196261400000083,42.95848369999999],[20.202886300000046,42.95774380000006],[20.209715300000028,42.95941020000009],[20.218758200000025,42.95481330000007],[20.225336500000083,42.9483697],[20.22968170000007,42.9466341000001],[20.23031720000006,42.944615500000054],[20.233533300000033,42.94526760000002],[20.24100690000006,42.94062540000016],[20.252592300000117,42.940461900000116],[20.27006330000006,42.932654600000035],[20.276502299999947,42.93362950000005],[20.27834770000004,42.93551460000003],[20.27911549999999,42.93262050000004],[20.284484599999928,42.93166570000011],[20.284978099999933,42.92742370000013],[20.288540099999977,42.92764360000001],[20.2994124,42.921905800000104],[20.312304499999982,42.923468100000036],[20.313345199999958,42.921614],[20.311703599999987,42.92103260000016],[20.311218,42.917532400000084],[20.317391600000064,42.9173599],[20.320051200000023,42.91498010000009],[20.322754100000054,42.915994900000044],[20.326927900000044,42.912315],[20.330275300000096,42.91354869999998],[20.337241,42.90768170000001],[20.34641419999997,42.91127680000011],[20.351064399999927,42.89599760000016],[20.345842800000128,42.88808670000003],[20.346776300000045,42.876156700000024],[20.343095199999937,42.86846570000017],[20.349392800000032,42.85604140000015],[20.34890059999998,42.84631430000002],[20.352927699999952,42.84053970000002],[20.3540448,42.8326335000001],[20.364553899999976,42.83223760000004],[20.38204730000001,42.84223900000012],[20.389424500000075,42.84217450000011],[20.393773900000042,42.84447310000007],[20.398567600000035,42.844161600000064],[20.408785700000124,42.8472074],[20.41617569999994,42.8458859000001],[20.432713199999966,42.8343797],[20.441921499999978,42.8335467],[20.463874,42.85329540000015],[20.477724900000112,42.8596597],[20.48688350000009,42.86786280000001],[20.501884100000098,42.870958300000154],[20.514964700000064,42.87783340000004],[20.535928900000044,42.8825584],[20.538465,42.885324300000036],[20.53607320000009,42.88576569999998],[20.536008800000047,42.88858000000016],[20.521146699999974,42.89335919999996],[20.5203206,42.89820250000014],[20.506574800000067,42.904801],[20.50075380000004,42.9173123],[20.48725690000009,42.928358400000036],[20.48579280000007,42.933082],[20.489974500000017,42.93512610000005],[20.49664720000004,42.944274],[20.4974666,42.95127009999999],[20.500874400000043,42.956446],[20.50849180000006,42.9632456],[20.514216699999963,42.9648383],[20.515306300000077,42.9697228],[20.528781700000025,42.975076600000136],[20.53641410000006,42.97470090000013],[20.539961100000085,42.96546770000003],[20.54367330000008,42.962280100000044],[20.54804729999995,42.9614421],[20.55035840000005,42.96294860000012],[20.556437099999926,42.96863320000011],[20.554353500000047,42.97493590000005],[20.558308500000066,42.978593100000126],[20.563774100000046,42.97955760000002],[20.56759180000006,42.983716800000025],[20.566355899999962,42.98600730000004],[20.570475699999918,42.99627319999996],[20.572926600000017,42.99889580000007],[20.58073070000006,43.0010694],[20.58154109999998,43.008122600000036],[20.57931860000008,43.01102630000014],[20.581196900000066,43.01207540000007],[20.589846,43.01366360000003],[20.590668199999982,43.01612249999988],[20.60136950000009,43.01481310000008],[20.606665700000065,43.01634200000012],[20.609608500000036,43.014502900000025],[20.61739760000006,43.01647980000013],[20.61879239999996,43.01589930000006],[20.61754780000001,43.00885450000004],[20.61501420000002,43.00390570000002],[20.616934899999933,43.002159699999936],[20.619694,43.001512200000036],[20.623179700000094,43.00286219999998],[20.62992890000004,43.00827390000012],[20.640510800000015,43.005648400000155],[20.640943200000095,43.00929580000013],[20.637104400000055,43.01514650000013],[20.6401586,43.01705900000013],[20.641034700000034,43.0211241],[20.645384500000034,43.02261390000001],[20.65126579999992,43.020968],[20.65075020000006,43.02720570000014],[20.654232899999954,43.03316440000003],[20.663810599999977,43.03289210000008],[20.670326,43.03516780000007],[20.671649099999968,43.044725],[20.669989199999975,43.046752900000115],[20.665999300000067,43.047657500000014],[20.671163399999955,43.05383499999988],[20.669487,43.06410440000013],[20.662506,43.06513830000006],[20.658296,43.06835679999989],[20.656847600000106,43.07194249999992],[20.662974800000086,43.076514700000075],[20.664919900000086,43.07545450000009],[20.67094810000009,43.0761726],[20.68826540000009,43.08182010000007],[20.69250470000003,43.08791570000011],[20.69368069999996,43.09356620000011],[20.68868520000018,43.10059129999996],[20.69379,43.10318719999998],[20.693867,43.1073091],[20.68548050000004,43.12301389999999],[20.673199,43.12686280000014],[20.672659500000066,43.1318096],[20.66087250000004,43.13754370000015],[20.66444230000002,43.143333800000164],[20.661665300000095,43.15081240000006],[20.662482700000055,43.15317190000002],[20.657357600000182,43.153895],[20.653371100000015,43.15836920000004],[20.650274,43.15781890000011],[20.6431945,43.16203540000015],[20.631910600000026,43.163430700000106],[20.625043799999958,43.16842279999997],[20.61868009999995,43.16911619999996],[20.61146279999997,43.174592],[20.611716,43.176678200000026],[20.6157356,43.17925930000007],[20.614340200000015,43.190141],[20.60467770000008,43.19671550000004],[20.602404799999988,43.20029940000012],[20.596838800000057,43.20305400000012],[20.597109400000022,43.20539940000003],[20.603255400000023,43.210859],[20.6055657,43.21035280000007],[20.60734249999996,43.20683560000003],[20.615436599999953,43.20447570000016],[20.63434120000005,43.20853550000015],[20.644163800000115,43.206615600000134],[20.656263899999942,43.20991540000011],[20.676887299999976,43.208979],[20.687627,43.213286600000174],[20.688603399999977,43.2188081000001],[20.696830900000066,43.22209690000011],[20.69938540000004,43.22527530000002],[20.707665299999974,43.22632670000013],[20.70982749999996,43.227473499999974],[20.71065870000001,43.23155660000015],[20.721266299999968,43.234852100000126],[20.731699500000104,43.24934800000017],[20.74019250000009,43.25089550000013],[20.74632820000005,43.24746530000016],[20.75651369999997,43.246290700000145],[20.76353720000003,43.24342160000009],[20.775886,43.24640550000004],[20.79503589999996,43.245656600000075],[20.793228099999965,43.2576241000001],[20.801984,43.265703000000144],[20.80722890000004,43.26746040000006],[20.82751250000001,43.2657200000001],[20.8300665000001,43.26166050000012],[20.835466199999928,43.26150390000015],[20.836660900000027,43.2566716],[20.84771430000012,43.251612800000146],[20.851734300000032,43.25116150000008],[20.859416100000033,43.24136140000013],[20.873098800000093,43.2313383],[20.877322900000024,43.22652019999998],[20.877592,43.22329530000013],[20.88029819999997,43.22275029999997],[20.881223,43.210946399999955],[20.888171700000044,43.207112000000166],[20.890699499999926,43.20387520000003],[20.889172500000086,43.202982200000065],[20.884511800000098,43.204067899999984],[20.882400700000062,43.20595380000009],[20.867325600000072,43.20570720000006],[20.864935600000024,43.207788900000025],[20.85130270000002,43.2053886],[20.844996,43.207458700000075],[20.842979400000047,43.203231],[20.8454089,43.198474800000156],[20.8571591,43.18970220000011],[20.849205800000107,43.18571430000003],[20.836720199999945,43.184315600000104],[20.83383249999997,43.17988660000009],[20.841548599999953,43.17359110000007],[20.858445200000176,43.174845],[20.86601180000008,43.165471500000024],[20.871775800000023,43.164972],[20.87604479999993,43.167135700000074],[20.884189,43.167484000000115],[20.883615099999986,43.16597020000012],[20.888962200000094,43.16208440000008],[20.888819000000126,43.15913969999997],[20.894240900000057,43.15568109999998],[20.899022700000103,43.15453570000011],[20.9028386,43.15622060000004],[20.91202640000006,43.1487702],[20.9250659,43.14793750000001],[20.92933490000007,43.1463574],[20.93193240000005,43.14494730000007],[20.93744730000003,43.134622800000045],[20.94647530000003,43.13380160000014],[20.955555100000083,43.127607],[20.968307899999957,43.12468810000013],[20.972368400000164,43.12544209999999],[20.971695,43.13091859999997],[20.976152500000126,43.134369],[20.995923200000107,43.13650970000003],[20.998914000000127,43.138416600000085],[21.00584760000004,43.13530400000013],[21.01733390000004,43.1342376],[21.0190505,43.131356300000164],[21.02864210000007,43.12936749999989],[21.036903300000063,43.120284],[21.042238100000077,43.118407200000036],[21.0544855,43.107480400000156],[21.066986900000018,43.110353200000134],[21.068767899999955,43.11345480000011],[21.07987950000006,43.1148141000001],[21.08288710000005,43.11762130000005],[21.082162899999958,43.128903500000035],[21.09189580000003,43.135580700000105],[21.102114700000016,43.12587660000008],[21.1053801,43.118238],[21.10724259999995,43.11689709999996],[21.110401199999956,43.1173922000001],[21.116764300000114,43.1112187],[21.12606000000011,43.11115160000014],[21.136903800000084,43.11355219999996],[21.140940200000102,43.10958810000011],[21.141283,43.105566],[21.14972060000008,43.09177370000015],[21.1479251,43.0883917000001],[21.14366059999992,43.08688850000004],[21.139487500000143,43.08252959999999],[21.14353179999995,43.076584],[21.143146700000045,43.0740785000001],[21.146654600000033,43.071736099999896],[21.146437400000025,43.06933040000001],[21.149935899999946,43.06766219999997],[21.152898,43.06070290000008],[21.15219,43.04933530000011],[21.153984600000058,43.045687300000054],[21.15223090000012,43.040806499999974],[21.155866800000013,43.03014490000015],[21.159110100000134,43.02887270000008],[21.166158900000028,43.02903709999998],[21.16770960000008,43.02692680000001],[21.166335400000037,43.02526640000008],[21.167242599999952,43.02041550000001],[21.16344449999997,43.015305000000126],[21.169592200000068,43.008118900000056],[21.16963510000005,43.004502000000116],[21.172197300000107,43.00383469999997],[21.171371299999976,43.00114649999995],[21.17543240000009,43.00029930000005],[21.192939200000012,43.008179200000086],[21.194172800000104,43.00973280000005],[21.192369500000098,43.015579500000115],[21.19770170000004,43.02382360000007],[21.20094380000006,43.02326729999987],[21.206156,43.025102100000026],[21.213719900000058,43.02189410000011],[21.2223732,43.02015140000003],[21.22570360000003,43.02097090000012],[21.22571480000005,43.017823],[21.229858899999954,43.01494030000015],[21.232908400000042,43.00984680000005],[21.235858800000074,43.010348900000054],[21.23872650000004,43.00595830000003],[21.238486,42.98999170000002],[21.244479,42.9813127999999],[21.24018460000002,42.97485510000013],[21.23984429999996,42.966131],[21.2345573,42.959711700000014],[21.23522310000004,42.95219190000006],[21.244879800000035,42.93849100000011],[21.245276,42.933867],[21.250920300000132,42.93156750000014],[21.253206699999964,42.9261848000001],[21.2654,42.91269070000004],[21.269776599999943,42.910409700000116],[21.270592799999974,42.897554900000046],[21.274144500000034,42.895059199999935],[21.281162000000165,42.89529139999996],[21.287651599999947,42.901704600000016],[21.29214630000007,42.90353440000007],[21.299217700000042,42.901551],[21.304431400000112,42.90629990000008],[21.314680600000088,42.90238990000006],[21.330789099999947,42.90297460000011],[21.336094899999978,42.89927819999997],[21.339655400000083,42.90077620000011],[21.343385499999954,42.89879650000012],[21.34528130000001,42.894702400000085],[21.343887499999937,42.89165940000004],[21.349398699999938,42.889883399999974],[21.35121530000015,42.887799800000096],[21.34987519999993,42.88137519999998],[21.352277399999934,42.87932519999998],[21.356472400000087,42.879238700000144],[21.360678100000086,42.87283869999993],[21.363855799999953,42.87163160000006],[21.369667100000072,42.87397290000001],[21.379936699999973,42.87288400000017],[21.385450400000025,42.86654470000002],[21.392136400000084,42.86867209999997],[21.394695100000035,42.86794739999988],[21.395943100000068,42.868974100000116],[21.39442129999992,42.871987],[21.40288730000003,42.87508530000002],[21.407425699999976,42.8737992],[21.412069199999962,42.87422250000003],[21.413896900000054,42.87575530000004],[21.435227399999917,42.87287040000007],[21.434238700000037,42.867555],[21.436018400000023,42.86472440000006],[21.436941099999956,42.851656],[21.423452199999986,42.84721579999996],[21.424009799999908,42.832615900000064],[21.418309,42.828595400000154],[21.4171043,42.82590080000011],[21.417809100000056,42.817524700000035],[21.42461119999996,42.81055170000002],[21.4227009,42.81055640000005],[21.422519100000045,42.805797600000176],[21.413796500000046,42.80679720000006],[21.409517600000072,42.804568600000096],[21.40634,42.7940997],[21.4120416,42.79241430000002],[21.412868600000024,42.790205600000036],[21.408191599999952,42.787584200000026],[21.409601200000054,42.78384210000007],[21.40778839999996,42.78177750000009],[21.411103800000035,42.7760503],[21.4072969,42.76663270000006],[21.402914799999962,42.76694910000015],[21.397395099999983,42.76265190000004],[21.394363899999973,42.757644300000095],[21.394929200000036,42.74946319999998],[21.398366500000066,42.74460270000003],[21.408303299999943,42.743429200000094],[21.414995199999964,42.74620250000004],[21.417776900000092,42.744205299999976],[21.42039120000004,42.74619300000012],[21.42690710000005,42.745883500000105],[21.43168680000008,42.74818020000009],[21.440964399999984,42.74875999999989],[21.44249220000006,42.74713930000013],[21.449954,42.74975679999994],[21.451761800000043,42.74476630000004],[21.467258300000026,42.736151300000074],[21.474577,42.74622920000013],[21.47914069999996,42.7474838],[21.485228700000107,42.74225970000015],[21.49783329999991,42.7376764],[21.501526199999944,42.73323550000009],[21.511138500000015,42.73238090000007],[21.51323890000009,42.729684800000086],[21.521076600000015,42.728463],[21.526085800000033,42.7255295],[21.53795430000008,42.72374920000016],[21.54007720000004,42.72369070000008],[21.54358480000002,42.72946360000009],[21.552530299999944,42.7310963],[21.558133300000122,42.738229900000135],[21.560004400000025,42.7383484],[21.561739,42.733560600000146],[21.567910300000108,42.731333900000095],[21.571451199999956,42.727830900000015],[21.57831090000002,42.728651],[21.581386300000077,42.72529050000014],[21.584601900000052,42.727588800000035],[21.59196659999992,42.7259749000001],[21.594521399999962,42.71025120000013],[21.590803600000015,42.706331100000114],[21.592340299999933,42.70285210000003],[21.599172099999976,42.70384910000013],[21.60453290000015,42.702190100000166],[21.60887810000014,42.69774250000006],[21.61700359999992,42.696089],[21.6196324,42.696811400000115],[21.623207300000047,42.69481280000008],[21.624534,42.696290500000146],[21.630211499999916,42.69694709999993],[21.630083,42.699078100000065],[21.632481700000028,42.7001636],[21.6361698,42.696556500000156],[21.638099000000125,42.69777770000013],[21.639664199999913,42.6923554],[21.648722199999952,42.68549320000011],[21.64870590000004,42.67949290000013],[21.6536453,42.676027099999885],[21.6584851,42.66926849999987],[21.6647385,42.666375099999925],[21.667520599999932,42.66897130000001],[21.67393329999993,42.670954800000175],[21.674858599999936,42.67522760000003],[21.67756609999998,42.67628180000003],[21.676036800000077,42.68247760000003],[21.678475100000014,42.68680410000002],[21.6908001,42.691234400000155],[21.69933789999999,42.690769200000034],[21.70399009999994,42.69251710000003],[21.708049699999947,42.6897598],[21.7171436000001,42.68978859999987],[21.72021209999997,42.69228050000004],[21.722769700000015,42.6917471000001],[21.724593599999935,42.6949487],[21.72924990000007,42.6952326],[21.732550199999935,42.693763100000126],[21.737554,42.69469630000003],[21.74590770000009,42.699812],[21.750949399999968,42.70090340000007],[21.75234949999998,42.70055140000011],[21.752817,42.69476950000006],[21.755955300000096,42.69271970000011],[21.761285,42.68267650000013],[21.7695976,42.67883140000009],[21.77161500000011,42.67596110000011],[21.772773200000017,42.66685520000004],[21.7806748000001,42.66255580000012],[21.787810600000057,42.6550003000001],[21.78942280000001,42.65130110000007],[21.7832509000001,42.64659950000009],[21.778589800000077,42.64673280000011],[21.778998200000103,42.64345560000004],[21.77043340000006,42.634623],[21.7679898,42.63381090000013],[21.760867200000064,42.637992600000075],[21.75797760000006,42.63669360000006],[21.753988400000082,42.62847180000017],[21.753958700000112,42.62448070000016],[21.756701400000168,42.62227470000005],[21.75702339999998,42.61905],[21.75141030000009,42.61254990000009],[21.751714700000036,42.6089268],[21.75084110000006,42.60745430000003],[21.7455716,42.60895290000002],[21.74474760000004,42.603926299999955],[21.7419648,42.604565600000115],[21.73841660000005,42.60116850000003],[21.740127299999983,42.59095869999993],[21.74754770000004,42.58104320000001],[21.748121699999956,42.570255],[21.744769,42.56520590000008],[21.74888350000009,42.5616776],[21.747816,42.558907800000156],[21.741429599999947,42.55332140000013],[21.728316299999904,42.54703289999992],[21.7144184,42.550058399999955],[21.706674600000042,42.549722700000075],[21.701969499999905,42.54534819999998],[21.70309430000009,42.544105400000035],[21.701322600000026,42.5408764],[21.6935241,42.5393545],[21.69709970000008,42.53576850000013],[21.696725800000024,42.53133580000002],[21.69849970000007,42.52857780000011],[21.70756719999997,42.52212330000003],[21.7105732,42.5165844],[21.706956899999966,42.51340290000002],[21.696565200000066,42.51590660000005],[21.692178700000056,42.51507000000015],[21.691528600000083,42.50785640000015],[21.693695799999944,42.5052938],[21.69066049999998,42.50238230000002],[21.680620200000078,42.49966620000015],[21.66722950000002,42.493018],[21.67209050000008,42.48591420000008],[21.671419099999923,42.48459050000014],[21.6614742000001,42.48522380000014],[21.658212700000036,42.48379330000006],[21.6597729,42.4799824000001],[21.657249300000103,42.47572780000013],[21.64211080000001,42.46867180000004],[21.63136850000012,42.459927600000015],[21.629026899999985,42.45953659999998],[21.62458229999993,42.447362900000144],[21.63218519999998,42.43985440000006],[21.631555599999956,42.435564],[21.63772390000014,42.42939570000016],[21.638664400000152,42.42405780000007],[21.63695339999998,42.421041500000115],[21.6434585,42.41810780000003],[21.646501500000056,42.413301500000046],[21.64487240000011,42.408324000000164],[21.635664,42.4036312],[21.636933,42.40343940000014],[21.635668300000077,42.39786250000003],[21.62816090000007,42.39269850000011],[21.62075420000008,42.3781257],[21.614769300000148,42.375734000000136],[21.6057975,42.37540870000004],[21.602745300000038,42.38250539999996],[21.600495,42.383650200000034],[21.593048599999918,42.380125400000054],[21.589681700000085,42.381476800000144],[21.579559700000118,42.37541400000015],[21.584738500000014,42.36753409999989],[21.5782661,42.36531190000005],[21.57645640000004,42.36278720000007],[21.57311150000004,42.365950400000145],[21.566125900000088,42.367822600000125],[21.566166500000065,42.3667322],[21.563522199999966,42.36746070000004],[21.558348100000103,42.36599130000013],[21.557149700000082,42.36247730000002],[21.551919900000087,42.3651676],[21.551881799999933,42.36786540000014],[21.549537399999963,42.36796200000015],[21.545940400000063,42.37336119999992],[21.54144480000008,42.369970300000034],[21.54118,42.367539599999986],[21.536952900000017,42.36675480000008],[21.540224099999932,42.35971260000008],[21.537006500000018,42.3569167],[21.538247299999966,42.3535635],[21.535789800000032,42.3532002],[21.53473459999998,42.34806770000006],[21.52977610000005,42.34276090000009],[21.531327199999964,42.333150099999955],[21.528192800000113,42.327383100000134],[21.53558959999998,42.3221173],[21.541285900000048,42.3207501],[21.537385300000096,42.31949179999998],[21.540488,42.31804260000001],[21.542240900000024,42.31875070000012],[21.538063300000033,42.31080720000017],[21.540981600000123,42.309141000000125],[21.547541200000012,42.311153700000034],[21.550016,42.31377340000006],[21.551743600000066,42.312474200000054],[21.558264899999983,42.3154335000001],[21.564814499999954,42.309784600000114],[21.564414500000055,42.30407530000002],[21.562442699999963,42.3017307],[21.5650066,42.30079200000017],[21.56083449999994,42.298821900000064],[21.583328400000028,42.283266100000105],[21.581443700000023,42.280307],[21.582685300000094,42.27573760000013],[21.58923989999994,42.26731769999998],[21.586085600000047,42.26349070000009],[21.5922225,42.257781600000044],[21.600433500000065,42.25404370000001],[21.5996705,42.25621030000008],[21.603748300000063,42.25575160000011],[21.605028499999946,42.25425549999994],[21.612000900000055,42.256665800000064],[21.61996259999995,42.252180500000065],[21.625782299999912,42.25115080000012],[21.649864,42.24885930000005],[21.653999099999908,42.2470052000001],[21.657202499999926,42.24879580000015],[21.66281820000006,42.24638570000002],[21.665084199999967,42.243039200000055],[21.671294,42.24185850000009],[21.672946200000013,42.24298640000012],[21.6758529,42.24075090000008],[21.684897799999987,42.2421250000001],[21.691388800000027,42.238518900000145],[21.694395499999928,42.2331714],[21.698684400000104,42.23224350000015],[21.698308900000086,42.234118300000034],[21.702010300000097,42.233879900000034],[21.701967399999944,42.23669990000013],[21.7053067,42.236829299999954],[21.71207120000014,42.24109370000002],[21.711988100000042,42.24400730000008],[21.714143800000045,42.24395030000011],[21.71655030000005,42.24686350000013],[21.717026499999974,42.2534018],[21.72065740000005,42.257263500000136],[21.725270800000033,42.25796230000009],[21.72651529999996,42.260026900000014],[21.724112,42.25955040000002],[21.724262200000055,42.260757400000045],[21.727180500000088,42.260868500000015],[21.727098200000057,42.26439579999999],[21.733607099999972,42.2609996],[21.749622299999942,42.261431],[21.756330700000035,42.257124600000054],[21.764892300000042,42.25985610000009],[21.76837,42.26510129999991],[21.77380519999997,42.26530140000017],[21.772543499999983,42.26829620000012],[21.776710600000172,42.26701479999997],[21.77816,42.26882140000009],[21.77525140000006,42.271556400000065],[21.777946499999928,42.271911700000146],[21.786304299999927,42.280723300000034],[21.78655750000013,42.2846841],[21.789531499999953,42.28451270000005],[21.7948844,42.298236399999894],[21.80412270000005,42.29379549999999],[21.8097618,42.29297810000003],[21.81614330000002,42.2945383],[21.82521989999998,42.30051550000002],[21.823423400000024,42.30285240000012],[21.825908699999957,42.305324900000016],[21.8357398,42.3111737000001],[21.833818,42.320358600000134],[21.837444900000037,42.32323020000007],[21.844368700000075,42.32575030000004],[21.851684199999966,42.3256932000001],[21.857898900000066,42.32261539999996],[21.86025390000009,42.31935940000005],[21.8662872000001,42.31698740000007],[21.869054699999936,42.30956470000001],[21.87367430000006,42.308561400000144],[21.874139700000057,42.310959100000105],[21.87652950000006,42.30969440000007],[21.877705400000025,42.31190000000015],[21.883309600000075,42.31331620000009],[21.8923706,42.300559100000044],[21.899656599999958,42.3010519],[21.907204300000046,42.3038466000001],[21.923022900000092,42.30620169999992],[21.9287822,42.31036160000002],[21.93146870000004,42.32164050000017],[21.929820699999937,42.3235173],[21.934495100000163,42.33633350000014],[21.9324931000001,42.33821460000013],[21.934699,42.339382899999976],[21.933077499999968,42.340189899999984],[21.94627659999992,42.34444590000004],[21.950434,42.34143890000013],[21.957412100000056,42.340061400000025],[21.9624546,42.33496990000009],[21.965169,42.3351674000001],[21.976992200000097,42.32708370000006],[21.993579,42.32264319999996],[22.002218899999946,42.31640630000015],[22.007469600000093,42.31468240000015],[22.00881819999995,42.3108052],[22.01792910000006,42.307941700000015],[22.01877989999997,42.304902],[22.023617600000023,42.3007258],[22.032171700000106,42.29825630000016],[22.04503980000004,42.30742040000007],[22.05067459999998,42.307725900000094],[22.056485300000077,42.30394739999991],[22.0600827,42.30421239999998],[22.065617,42.2985812],[22.071104,42.2999446],[22.074194000000148,42.30324560000014],[22.081918700000017,42.30203949999998],[22.0977974,42.30699080000005],[22.101144800000043,42.30546740000011],[22.105093,42.30952980000012],[22.109212900000045,42.308895],[22.11897149999993,42.31509430000011],[22.1256065,42.3094028000001],[22.132847700000013,42.30734340000009],[22.139819300000056,42.312547400000085],[22.145523800000092,42.3215143],[22.1571603000001,42.318079400000045],[22.161984,42.31376279999989],[22.166195,42.312768700000106],[22.17181480000005,42.315852500000176],[22.17378350000007,42.321519100000046],[22.1818677,42.32494670000017],[22.1815287,42.33259680000003],[22.186383500000034,42.333823],[22.195240100000092,42.339486400000055],[22.2014468000001,42.3402802],[22.206385199999943,42.3365187],[22.21870839999997,42.338882900000044],[22.222134499999925,42.33724210000014],[22.2224377,42.33495240000008],[22.230062700000076,42.335966],[22.243970500000103,42.34644090000012],[22.23720490000005,42.34833450000008],[22.23662550000006,42.350434100000086],[22.241981399999986,42.35151880000012],[22.245091,42.34934470000002],[22.250123500000086,42.35028030000018],[22.25249930000001,42.35381980000011],[22.253291100000013,42.36164960000008],[22.260101700000064,42.366610500000036],[22.265415700000062,42.36692830000004],[22.2689739,42.362437900000145],[22.273033699999985,42.361512],[22.28157010000001,42.369246900000064],[22.293895700000178,42.37353589999998],[22.297082200000034,42.37173659999996],[22.298264500000016,42.36511940000014],[22.294975,42.361564699999974],[22.29136589999996,42.35238390000012],[22.29275310000014,42.34910680000007],[22.3086768,42.33895270000011],[22.313248400000077,42.33307350000001],[22.316412300000025,42.331969500000014],[22.322976200000085,42.33366320000016],[22.332088600000134,42.32200060000008],[22.33678750000007,42.31950410000013],[22.34445460000012,42.32008400000012],[22.352920400000016,42.31661650000012],[22.357202600000107,42.3113851],[22.360255200000097,42.3110868],[22.363074799999936,42.31811320000014],[22.366401700000097,42.3209516],[22.365896900000052,42.32390840000005],[22.36952990000009,42.32170130000003],[22.38033070000006,42.32417250000003],[22.38331320000009,42.32254859999995],[22.38649860000004,42.322982800000034],[22.38835,42.3254788000001],[22.400394499999948,42.32616190000016],[22.40378750000002,42.332592],[22.415487900000016,42.32930980000003],[22.42098539999995,42.330634000000146],[22.423631700000044,42.3338483],[22.432769699999938,42.32315280000006],[22.440191100000106,42.3285371],[22.449173200000075,42.33180590000012],[22.45293010000006,42.33172050000002],[22.46142409999993,42.34144090000012],[22.463305,42.34493200000014],[22.46106600000013,42.34713500000015],[22.45945080000007,42.361843799999974],[22.46857220000004,42.37113460000012],[22.46936510000006,42.37619510000013],[22.48060260000011,42.380332600000145],[22.48092630000008,42.387018299999966],[22.478123,42.394254],[22.483891400000118,42.393844200000046],[22.492717300000095,42.39635839999988],[22.504363900000044,42.39610660000005],[22.508178600000065,42.39726329999996],[22.513727399999937,42.394715],[22.521091,42.39779260000006],[22.520212400000048,42.40155290000001],[22.522137199999975,42.40420759999989],[22.5228654,42.412725900000055],[22.5262871,42.417052800000135],[22.5353083,42.42119059999999],[22.53548740000008,42.43136279999999],[22.5372688,42.4365735],[22.54148790000005,42.44039970000006],[22.540959800000053,42.44596880000006],[22.543975199999977,42.44873860000007],[22.5405169,42.45399690000011],[22.54388430000006,42.45882330000012],[22.54389,42.463498600000094],[22.549500400000056,42.466766],[22.55321590000017,42.4712449000001],[22.55255740000007,42.47325890000013],[22.559255,42.48026590000006],[22.55871680000007,42.48537770000007],[22.5543550000001,42.494174200000145],[22.5513373,42.49583360000014],[22.547410300000138,42.5074085],[22.529148499999962,42.51902279999996],[22.52426580000008,42.52524340000008],[22.51946340000012,42.52806640000006],[22.51357689999992,42.527030699999955],[22.506317200000012,42.532889599999976],[22.49896440000009,42.535433799999964],[22.492195600000116,42.546257700000126],[22.4878685,42.54983040000013],[22.47741990000003,42.553842],[22.470798700000046,42.56206540000011],[22.45143489999998,42.566929500000015],[22.438887100000045,42.56551120000012],[22.437824800000044,42.57214750000014],[22.44055380000009,42.577976700000136],[22.4390199,42.58157790000007],[22.44055380000009,42.588560900000175],[22.449781,42.595158800000036],[22.451395200000036,42.61212940000013],[22.45274859999995,42.61623200000014],[22.455659699999956,42.61749250000014],[22.45862640000007,42.62214470000015],[22.45836319999995,42.631188500000064],[22.464877099999967,42.6325167],[22.4676083,42.64076150000005],[22.453874900000073,42.64643710000013],[22.461461499999984,42.64840450000003],[22.461481700000093,42.652531500000066],[22.458683399999984,42.6550481000001],[22.466456699999924,42.65952030000017],[22.467915100000027,42.66362470000013],[22.472669100000076,42.666930900000125],[22.4759684,42.67578470000012],[22.469637900000066,42.68197680000014],[22.46036220000002,42.68375130000004],[22.458443200000033,42.68949840000005],[22.461040800000035,42.691075200000114],[22.467239300000017,42.6913702],[22.472157300000163,42.695108300000015],[22.47109560000007,42.70025369999996],[22.475594099999967,42.710093],[22.48269250000004,42.714777100000106],[22.486028,42.7214012],[22.49655869999998,42.7226323000001],[22.496197300000063,42.7329931000001],[22.501352899999972,42.73964330000001],[22.499434200000053,42.743803500000126],[22.490990700000054,42.74878940000002],[22.48703610000007,42.748800600000095],[22.48491380000013,42.75110660000007],[22.476047900000026,42.763019900000074],[22.476297300000056,42.76723460000011],[22.472113699999966,42.768590800000084],[22.459809100000086,42.7778014000001],[22.4588769,42.786843900000065],[22.455661300000088,42.79320670000004],[22.449289200000067,42.79590230000014],[22.44874049999993,42.802377],[22.440781400000105,42.80578150000008],[22.44015360000003,42.824051],[22.44131249999998,42.82532270000007],[22.44577090000007,42.82470090000015],[22.450116600000115,42.826105900000016],[22.46484730000003,42.833387099999925],[22.4698755,42.83056940000006],[22.475026100000036,42.83169609999999],[22.499124199999983,42.84908260000009],[22.50719760000004,42.85054939999992],[22.515693,42.85675440000017],[22.5175804000001,42.86179300000015],[22.51495079999995,42.863430400000084],[22.517557000000124,42.86458850000014],[22.515471400000024,42.868597],[22.520573400000103,42.875767200000155],[22.527981800000077,42.8765254],[22.53546940000001,42.88212620000013],[22.553826100000038,42.87231820000005],[22.56395649999996,42.8702998],[22.57553740000003,42.86282340000014],[22.57213280000002,42.871708400000045],[22.573773300000084,42.87362850000011],[22.57271430000003,42.87578550000006],[22.579906600000015,42.883298],[22.584039700000062,42.89216690000012],[22.591372699999965,42.89042830000011],[22.596388200000035,42.89426180000004],[22.6037323,42.891904200000056],[22.612499,42.895330400000034],[22.61943350000007,42.89605470000009],[22.630378900000096,42.885166399999946],[22.640308100000084,42.87797120000005],[22.64752130000005,42.87994319999996],[22.6528558,42.883225],[22.65640330000008,42.883019000000104],[22.661132800000075,42.88180150000011],[22.667274,42.87680629999994],[22.673558500000013,42.875758],[22.675257900000076,42.86625909999998],[22.678211900000065,42.865485100000114],[22.682278,42.868373599999984],[22.6814397,42.872190100000125],[22.6955474,42.87869710000007],[22.695596900000055,42.8835557000001],[22.69728470000007,42.88430090000014],[22.701683000000173,42.88432510000001],[22.705235399999935,42.8793832],[22.713772600000027,42.88690359999998],[22.7208053,42.88497510000013],[22.73012390000008,42.88864110000003],[22.73571430000004,42.884921],[22.744646400000136,42.88614530000012],[22.754355700000076,42.8946251000001],[22.752998800000057,42.89921250000003],[22.759646699999962,42.902615300000036],[22.758856,42.90391480000011],[22.762021,42.90806670000006],[22.7601864,42.911132500000065],[22.768104700000094,42.91785340000001],[22.772200199999986,42.917494200000135],[22.774433600000066,42.91929220000003],[22.779572499999972,42.92939089999999],[22.77982830000002,42.931961100000024],[22.772209500000088,42.93578880000001],[22.77374370000001,42.938265500000114],[22.768545699999947,42.94760690000015],[22.769876,42.949486500000035],[22.774814299999946,42.94927180000002],[22.775383399999953,42.9510648000001],[22.777896700000042,42.95021880000007],[22.778996100000086,42.9531399],[22.78220340000007,42.9500418],[22.782963300000063,42.95244950000006],[22.780703699999947,42.95551560000007],[22.78486909999998,42.95871210000007],[22.782748200000015,42.964563699999985],[22.786495200000104,42.96858850000012],[22.78393239999997,42.971328100000164],[22.786261899999943,42.975381],[22.783744700000057,42.98144190000011],[22.824334799999917,42.99390190000008],[22.849444700000106,43.004817200000105],[22.862508800000114,43.02138860000008],[22.8983761,43.036196],[22.899472000000117,43.04767449999997],[22.909172599999977,43.055762300000026],[22.919222,43.077411000000154],[22.918564,43.080085],[22.93344,43.088173],[22.95257000000015,43.092393],[22.95498479999992,43.0955654],[22.959815000000106,43.097022],[22.983178,43.111247],[22.985301000000106,43.122256],[22.992278,43.12911900000012],[22.995057,43.13554500000015],[22.993772,43.150385],[22.997214,43.157112],[22.9954,43.1609380000001],[22.986457,43.166998],[23.006264,43.187024],[23.006275,43.192872],[22.996953,43.19422109999988],[22.982936100000018,43.2026232],[22.980129199999908,43.20170250000001],[22.977331,43.20358229999994],[22.96611220000011,43.204733200000135],[22.958919500000093,43.2070157],[22.950928700000077,43.20596720000009],[22.941201,43.20252730000004],[22.934946900000057,43.2090488],[22.922734900000023,43.2149614],[22.920331499999918,43.21854750000006],[22.915156300000035,43.22068890000014],[22.907867100000146,43.22093819999998],[22.896350100000063,43.226793],[22.896243,43.23078430000004],[22.887530300000037,43.23631009999997],[22.8826924,43.2448182],[22.87655819999992,43.24812080000004],[22.875066499999946,43.2520421000001],[22.8705883,43.254383500000074],[22.868869500000073,43.26754170000004],[22.864631900000063,43.269077800000105],[22.86015169999996,43.27384520000004],[22.84833,43.275756500000114],[22.847924200000023,43.2795799000001],[22.8441469,43.28214459999998],[22.84236370000002,43.28637910000009],[22.84502889999993,43.29705830000012],[22.837635299999988,43.30219369999992],[22.83698869999995,43.30706010000006],[22.831160099999977,43.31298640000011],[22.827629500000057,43.32905760000011],[22.81749990000003,43.335319500000026],[22.8043993,43.337846],[22.794633,43.34300890000014],[22.791632200000038,43.348969400000044],[22.786127700000065,43.35444880000006],[22.769923300000073,43.36361230000011],[22.769965700000057,43.37097210000013],[22.7672619,43.377084],[22.755955800000095,43.380472400000144],[22.744826399999965,43.38775],[22.73290190000006,43.38925230000007],[22.722133200000087,43.395728100000156],[22.69975029999995,43.39338340000012],[22.676437299999975,43.39550259999993],[22.66704470000002,43.40265720000002],[22.667430399999944,43.409247900000025],[22.659907,43.422568],[22.66068850000005,43.42583210000015],[22.638789,43.4333512],[22.63185990000005,43.429091700000015],[22.62479410000003,43.42818170000004],[22.597685700000056,43.43565980000005],[22.59084720000004,43.4409101],[22.5869763,43.45244430000008],[22.57597889999994,43.4637105],[22.553729600000054,43.46165080000014],[22.533554600000173,43.47118169999999],[22.532849800000122,43.4791725],[22.524302100000057,43.48637890000015],[22.524146500000143,43.4966655],[22.515714700000103,43.50333100000012],[22.514194,43.51042670000015],[22.506608700000015,43.51635180000011],[22.504979,43.52529540000006],[22.50148809999996,43.52924160000009],[22.50336590000012,43.540409200000056],[22.497304600000064,43.5473272000001],[22.494004700000062,43.54847060000003],[22.493366700000024,43.552360000000135],[22.489972000000137,43.55613650000015],[22.48768640000003,43.5686746],[22.491361499999982,43.57142120000003],[22.496627400000136,43.58355880000016],[22.48927720000006,43.5875496000001],[22.48710129999995,43.59128860000004],[22.49360439999998,43.60053140000008],[22.490084300000035,43.607820500000116],[22.48818119999993,43.61847510000007],[22.481733600000098,43.624388300000135],[22.49149060000002,43.633727800000145],[22.49180860000007,43.6392841],[22.485252500000115,43.64519990000008],[22.482512600000064,43.65297020000014],[22.478061200000013,43.65650040000003],[22.45977760000011,43.65888450000011],[22.445930199999964,43.66641370000008],[22.439732900000024,43.673773],[22.430380499999956,43.67587250000008],[22.42041290000003,43.681455],[22.421670700000163,43.68407230000014],[22.408095899999978,43.69562560000003],[22.406014600000105,43.70037740000009],[22.406840600000066,43.70797120000009],[22.4043784000001,43.71073739999997],[22.404534,43.71692440000015],[22.402175800000066,43.722935300000074],[22.3942442,43.730362600000035],[22.3998666,43.7379606],[22.3982405000001,43.750333],[22.402454700000078,43.7589034],[22.3952511,43.7592682],[22.377407199999936,43.775190200000054],[22.373812800000053,43.78478080000008],[22.37015420000006,43.78790480000009],[22.367103800000052,43.795407400000045],[22.362392,43.799491],[22.36062620000007,43.806735200000105],[22.357145900000035,43.80952970000004],[22.360626300000035,43.8232567],[22.36604609999995,43.825360699999976],[22.37883670000008,43.8459755],[22.388677,43.87888820000006],[22.389541,43.895632400000125],[22.394487,43.9096399],[22.3923860000001,43.913142500000106],[22.39347690000011,43.91639880000008],[22.388721,43.92277660000002],[22.388472,43.92672090000002],[22.393153700000028,43.9313727],[22.405064099999947,43.93651950000003],[22.4088453,43.93963320000012],[22.40626880000002,43.94788730000005],[22.411357400000043,43.95474360000014],[22.410703200000057,43.96172890000008],[22.4132204,43.97210880000006],[22.410801,43.97498120000006],[22.412173700000096,43.97985520000009],[22.408039799999983,43.981594200000075],[22.409777500000075,43.984415800000136],[22.40867630000008,43.98709359999998],[22.417290599999944,43.99236150000013],[22.409139,43.99723420000009],[22.412009300000136,43.999845500000106],[22.40946580000002,44.0042054000001],[22.414108899999974,44.0062046000001],[22.422094100000038,44.00610260000002],[22.441180300000042,44.01019480000002],[22.442158399999983,44.01656220000001],[22.449251399999923,44.0172708],[22.467811499999982,44.01500850000008],[22.484587,44.020379400000024],[22.495399200000122,44.01822520000013],[22.527498,44.019731],[22.531064,44.0208],[22.53232640000016,44.025098300000025],[22.53877190000003,44.02580410000013],[22.54349050000002,44.0336474],[22.537814,44.038193],[22.54195459999994,44.0421447],[22.530532600000072,44.048278700000026],[22.5335096,44.05181810000016],[22.554491600000063,44.05357770000006],[22.559708,44.057556700000134],[22.580643,44.05407459999998],[22.5818534,44.0621001],[22.621262400000035,44.0633924],[22.618808600000023,44.06794830000001],[22.624591,44.072867700000074],[22.61823590000006,44.07522480000006],[22.615490799999975,44.07914189999997],[22.619826500000045,44.0826482],[22.61975360000008,44.09779610000015],[22.612990300000035,44.10170030000006],[22.610294300000078,44.106657700000085],[22.6193189,44.146689899999956],[22.61792589999999,44.149975],[22.621812700000078,44.1510947000001],[22.624604299999987,44.147597],[22.62695210000004,44.14725290000001],[22.626007300000026,44.15140800000012],[22.628448100000014,44.1580174],[22.622779,44.15908040000005],[22.62225650000005,44.1627982],[22.6164586000001,44.161334700000054],[22.612986900000124,44.16560690000006],[22.616301100000044,44.165981700000145],[22.616755199999943,44.171313800000064],[22.620444900000052,44.17372460000007],[22.6252485,44.170513300000096],[22.628006700000128,44.17177570000007],[22.628273399999955,44.17478060000002],[22.634037300000102,44.17394980000006],[22.635863500000028,44.17551920000005],[22.63564169999995,44.1786512],[22.628876000000105,44.183285],[22.632899200000054,44.184624700000086],[22.637324100000114,44.181487900000036],[22.642916100000036,44.185629700000106],[22.6424113,44.1882498],[22.636752000000172,44.190497600000015],[22.637731900000063,44.192348400000014],[22.64228609999998,44.19313880000004],[22.64551430000006,44.197833900000035],[22.64757970000005,44.204166500000156],[22.644492,44.20856670000006],[22.64736640000018,44.20861380000002],[22.65266189999994,44.20461760000018],[22.654845400000113,44.20457720000002],[22.657193900000095,44.20947180000013],[22.66619330000009,44.21420560000013],[22.66730270000005,44.21335750000014],[22.665302700000098,44.20968209999995],[22.668997500000103,44.2079627],[22.66680690000004,44.21205070000002],[22.67487090000003,44.21628750000008],[22.671304900000052,44.22213140000008],[22.6729618,44.231534],[22.685048900000027,44.248625600000025],[22.685771300000113,44.260693],[22.68355830000013,44.26929290000015],[22.674938399999974,44.282352500000115],[22.659044300000062,44.29020560000009],[22.650573099999974,44.2918727],[22.6282263,44.29251620000014],[22.60563120000006,44.295216200000084],[22.5817652,44.30162949999993],[22.564127,44.30392949999998],[22.557809300000088,44.308656500000154],[22.54337670000001,44.324714],[22.523722400000054,44.337937200000056],[22.51131019999997,44.3666665],[22.50166589999992,44.37890109999995],[22.49719760000005,44.41970170000002],[22.480230900000095,44.430222100000094],[22.481296900000018,44.4315135],[22.46764980000006,44.4489787],[22.45760759999996,44.46809250000001],[22.45872339999994,44.47617730000013],[22.465418199999988,44.47985180000006],[22.473915399999953,44.48132149999998],[22.517774900000177,44.47452360000011],[22.53442610000002,44.476912200000015],[22.5399192000001,44.478994399999976],[22.550991399999987,44.488241],[22.5586303,44.498527],[22.564552700000092,44.53328970000001],[22.575367299999982,44.545464],[22.588671100000113,44.551091500000155],[22.60958130000006,44.55429770000006],[22.63407550000005,44.54852250000005],[22.681797400000107,44.52074570000002],[22.69535860000002,44.51731860000018],[22.707718200000045,44.51756339999997],[22.763851500000044,44.53873480000004],[22.76505309999999,44.547543800000085],[22.757671699999946,44.56210020000009],[22.742565500000126,44.57567470000009],[22.704285,44.602814200000125],[22.68810710000008,44.60652020000015],[22.682641000000103,44.609891300000015],[22.67912029999991,44.614491400000134],[22.672994900000106,44.61746700000015],[22.662228,44.6179677],[22.63750870000007,44.612835500000074],[22.62935319999997,44.6130321],[22.621200900000076,44.614424],[22.60214650000006,44.621999800000026],[22.5709041,44.639469],[22.49520149999995,44.69599430000011],[22.478207,44.71124539999988],[22.45451770000011,44.715515],[22.429970099999935,44.71075750000006],[22.415500800000018,44.70538430000005],[22.400959399999977,44.685621200000014],[22.38516649999997,44.67780970000007],[22.33263809999994,44.67195030000005],[22.312553799999932,44.66425900000013],[22.30344930000001,44.65157770000002],[22.298820800000044,44.63849190000013],[22.27822150000003,44.6261538],[22.26499979999994,44.597917500000165],[22.25922509999998,44.59006040000003],[22.241314300000056,44.57432960000017],[22.183464399999934,44.48254630000008],[22.16904480000005,44.47642220000017],[22.139862400000084,44.47433990000002],[22.124584500000026,44.476912200000015],[22.078236,44.50177150000002],[22.074287800000093,44.514992900000095],[22.067936300000042,44.527477],[22.033089,44.5495012],[22.02484929999997,44.577508800000146],[22.0258793000001,44.59144650000013],[22.002876600000036,44.61198009999998],[21.9954952,44.63166783006932],[21.9870838,44.634966030069165],[21.96991760000003,44.63337803006925],[21.945198400000095,44.63863053006918],[21.842201599999953,44.655117730069264],[21.815422400000102,44.6527976300693],[21.77851520000013,44.661345030069185],[21.737144799999953,44.654018730069254],[21.724613500000146,44.65316393006924],[21.714142200000083,44.654751430069155],[21.692169500000148,44.6645195300693],[21.675861700000155,44.66781583006917],[21.64204440000003,44.660856630069304],[21.62402,44.66769373006923],[21.61166039999995,44.683318430069164],[21.61320530000006,44.715652930069155],[21.60994370000003,44.733215730069276],[21.594494199999986,44.75516183006931],[21.555012099999942,44.76978793006924],[21.5381893,44.772590830069134],[21.412704799999972,44.77551543006922],[21.39073220000006,44.781364330069266],[21.38729890000002,44.79890723006929],[21.38077579999998,44.81632303006933],[21.358327499999916,44.822046830069155],[21.355052700000044,44.8267414],[21.354758700000048,44.82921170000009],[21.359190899999987,44.82983340000004],[21.36044019999997,44.83175610000012],[21.354752799999915,44.83223140000001],[21.355709700000034,44.8360204],[21.35321149999993,44.83951660000008],[21.354280599999925,44.84110540000012],[21.360270200000116,44.840741800000046],[21.35710839999996,44.84396740000011],[21.358753,44.846874200000116],[21.357320499999958,44.849724500000036],[21.3607758,44.856087299999956],[21.358012700000018,44.859928500000024],[21.359303,44.86214030000008],[21.36286730000006,44.86231759999998],[21.37098179999998,44.86779510000002],[21.3817856,44.86629330000011],[21.389443400000175,44.86909240000011],[21.39625170000005,44.86789640000006],[21.401641199999915,44.86859470000013],[21.40647869999998,44.86708420000002],[21.408354799999927,44.86940190000013],[21.426252600000055,44.87241320000004],[21.429522600000098,44.86995370000011],[21.4346337,44.871396200000106],[21.442640799999936,44.8680349],[21.4419633,44.87338790000007],[21.446498600000098,44.874846600000126],[21.451513100000057,44.87139870000016],[21.45141590000003,44.87434980000006],[21.457879000000105,44.872153900000114],[21.465209800000025,44.86741840000013],[21.469550199999958,44.8709182],[21.483536,44.869818],[21.48662330000002,44.872082],[21.498392600000045,44.87454920000005],[21.519167,44.885278],[21.552778,44.890833],[21.558611,44.896111],[21.559722,44.90861100000012],[21.556389,44.91861100000011],[21.546944,44.933889],[21.540833,44.938611],[21.527778,44.944167],[21.504444,44.948333000000105],[21.470833,44.96305600000011],[21.459167,44.964444],[21.441111,44.960278],[21.429722,44.961667],[21.421389000000147,44.965278],[21.4088890000001,44.971111],[21.403611,44.976389000000154],[21.404722,44.98000000000013],[21.410556,44.985278],[21.4125,44.993333],[21.401389,44.996667],[21.396486899999957,44.99578859999997],[21.386614800000075,44.99922840000005],[21.3832003,45.001441100000136],[21.3873372,45.00371870000009],[21.379193399999963,45.0076851],[21.377364599999964,45.00607750000006],[21.360708899999963,45.019716],[21.366424400000028,45.02490370000004],[21.369937,45.02513610000011],[21.375870099999986,45.02824620000007],[21.377271,45.026028],[21.378396,45.028149],[21.37917610000011,45.02644680000003],[21.38152739999998,45.027773600000046],[21.381975200000056,45.0246907],[21.38427450000006,45.02816],[21.386514199999965,45.027278700000124],[21.3904286,45.02912969999994],[21.39055660000008,45.0271087000001],[21.39234710000011,45.02668880000016],[21.39495789999995,45.027903],[21.39451349999996,45.02961620000008],[21.397500099999945,45.02887679999998],[21.397677500000043,45.031384],[21.401577600000167,45.02948220000002],[21.401069500000062,45.032206000000144],[21.40537640000008,45.037166600000035],[21.408190400000024,45.03517090000014],[21.421223899999973,45.03629780000011],[21.420549900000026,45.03365580000002],[21.422316099999932,45.032282200000054],[21.425490300000035,45.0352415000001],[21.456199600000048,45.03984580000002],[21.448261899999977,45.05394910000007],[21.45180760000011,45.05906440000001],[21.450700900000015,45.06063760000012],[21.4550051,45.06303710000009],[21.459558699999945,45.0722325000001],[21.46485650000011,45.07489810000004],[21.4742587,45.0832299],[21.4747825,45.08562850000004],[21.48344129999998,45.09107850000015],[21.481512599999917,45.095068800000035],[21.471344300000055,45.10309210000008],[21.471777900000063,45.10965710000005],[21.474864800000034,45.1114204000001],[21.478743099999917,45.12077230000011],[21.48150940000005,45.122287500000084],[21.48817090000017,45.12475720000015],[21.496276200000068,45.12429370000001],[21.502496599999972,45.127107100000046],[21.502737099999933,45.12866310000004],[21.527310899999975,45.138179400000126],[21.528945300000032,45.147222300000124],[21.52339889999996,45.15944110000004],[21.51475949999991,45.171264],[21.507232599999952,45.170435],[21.4933618,45.17280430000011],[21.482914300000118,45.19195900000011],[21.444065,45.2015887],[21.442542199999934,45.200349299999914],[21.438122900000053,45.201896300000044],[21.432112599999982,45.21211000000011],[21.417594799999904,45.219155],[21.410829899999953,45.22084669999998],[21.409548,45.223784100000046],[21.402987499999938,45.22887730000008],[21.395314499999927,45.21833019999997],[21.369637599999976,45.225793800000076],[21.360045299999967,45.221612200000095],[21.34363090000005,45.23174330000012],[21.338070800000082,45.232993000000135],[21.339511700000116,45.23548170000015],[21.3337181,45.23642610000013],[21.332851000000176,45.23419420000005],[21.32530550000007,45.23615410000002],[21.326267300000097,45.239520700000014],[21.321004800000026,45.24006530000014],[21.32034120000003,45.23730400000011],[21.305238500000087,45.23878130000014],[21.305753700000082,45.239929600000096],[21.292278399999987,45.24228969999996],[21.274499799999944,45.229744800000105],[21.251714600000128,45.24244090000008],[21.23735819999996,45.24786410000007],[21.22353940000005,45.252769],[21.21889820000007,45.25029],[21.20262450000007,45.26534870000006],[21.208798900000033,45.2751465],[21.19131559999994,45.28670950000003],[21.188701800000047,45.297938899999906],[21.18085760000008,45.30786059999997],[21.1805321,45.31392520000014],[21.183773,45.3159404000001],[21.180463600000166,45.31868810000003],[21.18354019999998,45.32063820000013],[21.175969899999984,45.32520820000002],[21.1663875000001,45.31958440000011],[21.16154350000005,45.32502040000014],[21.152648400000032,45.31924100000015],[21.153888399999914,45.318389300000035],[21.149505600000055,45.31579960000016],[21.154064400000095,45.31208140000001],[21.144443600000045,45.304609],[21.128082599999914,45.30440509999988],[21.10977340000005,45.30061990000007],[21.09626759999992,45.29574860000008],[21.080982,45.3177998000001],[21.07087350000006,45.31381930000009],[21.070572800000036,45.315714900000046],[21.06079090000003,45.31555160000005],[21.063702900000067,45.33191560000006],[21.01712310000005,45.32421080000012],[21.009404599999982,45.34139410000006],[20.999162700000056,45.34169120000013],[20.988000800000066,45.3501721],[20.982276800000022,45.356997300000046],[20.969783099999972,45.363938800000085],[20.961048900000094,45.36672510000005],[20.95168990000002,45.374671700000135],[20.9489703000001,45.38547590000002],[20.945632699999976,45.38368909999997],[20.942510699999957,45.38596050000018],[20.93164050000007,45.38664539999996],[20.93048310000006,45.392144],[20.9362091000001,45.39246720000011],[20.931883300000095,45.40202270000009],[20.92914120000006,45.40252070000008],[20.92441520000017,45.40705810000014],[20.92098379999993,45.417062500000156],[20.901044300000024,45.41675910000009],[20.875688800000148,45.42572730000012],[20.864932599999975,45.431651199999976],[20.869690100000128,45.43253880000009],[20.866757099999916,45.43445770000005],[20.867874700000016,45.43652370000012],[20.875222599999972,45.43786270000004],[20.8737779,45.446031],[20.881289799999934,45.44630380000001],[20.878837,45.44859750000006],[20.87908180000005,45.45450390000008],[20.87462510000006,45.45410380000004],[20.871650499999987,45.45542550000016],[20.871144600000036,45.45886220000011],[20.866149699999937,45.464637799999934],[20.86065,45.46574860000004],[20.83336980000007,45.47970759999998],[20.771549700000037,45.47974480000005],[20.771617099999958,45.487849],[20.777533100000028,45.49027190000015],[20.769308600000045,45.49991619999997],[20.806625,45.51523630000014],[20.828464300000064,45.5337968],[20.833070199999952,45.53569440000001],[20.81996460000005,45.550043400000106],[20.823142600000097,45.55176940000007],[20.811503600000037,45.565695600000026],[20.81395249999997,45.568109500000105],[20.79579849999999,45.58739430000003],[20.772172200000057,45.5822902000001],[20.765994,45.612442900000076],[20.779257200000075,45.62228660000011],[20.78876950000017,45.644799400000124],[20.804826800000058,45.65718920000012],[20.79982030000008,45.671837200000084],[20.802885300000014,45.68195880000002],[20.79588670000004,45.686882300000036],[20.8022244,45.69980579999998],[20.798832400000038,45.70212950000007],[20.801041800000064,45.70196610000005],[20.80242860000004,45.73782],[20.807846,45.7483863],[20.815786300000013,45.7491571],[20.817470799999967,45.75166130000008],[20.8231374,45.774861200000146],[20.782884399999944,45.785944],[20.774027800000113,45.7545197],[20.73240350000009,45.755770699999914],[20.717786099999955,45.75218110000009],[20.71791509999997,45.74938600000013],[20.714213799999982,45.74882940000009],[20.712089200000037,45.751013000000114],[20.699942100000044,45.75073350000008],[20.696726,45.760441600000036],[20.692434700000092,45.759803199999965],[20.690736699999945,45.7663516],[20.694358699999952,45.76684570000003],[20.681347600000038,45.79745150000002],[20.662363699999958,45.79405340000005],[20.656833600000027,45.80819860000014],[20.654332099999976,45.80750680000011],[20.650144400000045,45.81205239999997],[20.6599721,45.829170300000044],[20.611543700000084,45.86406730000016],[20.598771800000122,45.86167030000007],[20.594198900000094,45.8720391],[20.580849599999965,45.86938010000006],[20.5780163,45.87713340000016],[20.576433899999984,45.87665450000014],[20.5747098,45.87902980000001],[20.5763632,45.87969020000014],[20.57421389999996,45.88419350000004],[20.5783194,45.88512850000012],[20.568881500000032,45.910436800000014],[20.54644250000007,45.90610429999998],[20.549901,45.900222400000075],[20.515481299999976,45.892145200000016],[20.5017006,45.91060859999999],[20.48362920000011,45.95338160000006],[20.447560600000088,45.9703566],[20.406118100000015,45.96524040000014],[20.34797359999999,45.99941080000002],[20.35270509999998,46.00007870000002],[20.35207050000008,46.003568200000075],[20.35759050000007,46.00605529999996],[20.3407618,46.03641190000013],[20.339489600000036,46.041364300000055],[20.343182,46.0472954],[20.345875699999965,46.0478218],[20.309474100000102,46.072482100000116],[20.31123,46.07398420000004],[20.310266,46.0762681],[20.308324,46.07595],[20.302448500000025,46.086670900000115],[20.27346669999997,46.098169400000074],[20.268541499999913,46.10368630000005],[20.26492120000006,46.10895910000005],[20.26714240000001,46.11230050000012],[20.275075300000026,46.11285050000015],[20.2832419,46.11811319999998],[20.279349099999934,46.1185489],[20.27180770000001,46.11657050000008],[20.264901700000053,46.11772490000004],[20.261996900000042,46.12052560000012],[20.2654422,46.1251372000001],[20.2642709000001,46.12635540000002],[20.25491850000003,46.115796400000136],[20.249554100000125,46.1198675],[20.251565,46.12645880000002],[20.248212799999976,46.12982790000012],[20.233185,46.12380990000008],[20.22982209999992,46.129069300000026],[20.21032720000005,46.1354665],[20.208037300000115,46.143941400000074],[20.181824800000015,46.1600487],[20.179511200000093,46.157476300000155],[20.169219299999952,46.152768700000024],[20.1466913000001,46.144827700000064],[20.13728659999998,46.144226400000036],[20.1370296,46.147291200000154],[20.132361800000012,46.15016910000003],[20.12630640000009,46.1519517000001],[20.106858099999954,46.16265269999997],[20.103778600000055,46.17168270000002],[20.10649040000004,46.1733208],[20.10601360000004,46.17471849999998],[20.102185400000053,46.17676670000003],[20.095811200000014,46.17724010000012],[20.074469400000055,46.15683230000013],[20.06373430000002,46.14366710000013],[20.06168150000002,46.14686950000004],[20.056887099999983,46.147969400000136],[20.039020499999936,46.14444380000009],[20.03178040000006,46.1479296],[20.02297649999997,46.1732993],[20.01579380000004,46.17677700000013],[19.935138900000027,46.1761932],[19.921843600000045,46.16695270000014],[19.914880400000015,46.16398490000006],[19.897821300000032,46.15988060000012],[19.873372500000016,46.15135560000016],[19.853194100000053,46.149790500000165],[19.844244499999945,46.141404200000125],[19.8178337,46.12778660000015],[19.812572500000044,46.131281800000124],[19.80172840000006,46.13495090000015],[19.797306500000104,46.13946390000018],[19.7915018,46.13930089999997],[19.780685399999925,46.14453040000012],[19.77178269999996,46.144152],[19.75848510000003,46.14787590000003],[19.748402399999918,46.156485900000064],[19.741041,46.1656458],[19.734033499999953,46.169824900000094],[19.72705980000012,46.16810379999998],[19.717933200000118,46.17158910000006],[19.717672400000026,46.17598060000017],[19.703298,46.183981300000085],[19.699829800000032,46.1874615000001],[19.696453,46.187445500000024],[19.68446090000009,46.17967750000014],[19.6765567,46.1818411000001],[19.670283500000153,46.18656010000012],[19.669582100000014,46.18401950000003],[19.667932800000017,46.18487440000007]],[[19.423295199999984,43.5683514000001],[19.424645299999952,43.566664500000115],[19.423436,43.559010900000146],[19.4279967,43.556554600000084],[19.429017600000066,43.55326140000011],[19.421449,43.54195590000012],[19.414081100000033,43.5397087],[19.411323399999958,43.547013800000116],[19.395141,43.55392520000015],[19.40802570000011,43.555133500000125],[19.412241600000073,43.56547020000005],[19.423295199999984,43.5683514000001]]],[[[20.109044166,42.6483667],[20.0970139,42.6426098],[20.0936092,42.6392356],[20.0899375,42.6309],[20.0757302,42.6209103],[20.0761271,42.6147029],[20.0728171,42.6068975],[20.0749546,42.6016881],[20.0861698,42.5874481],[20.0857293,42.582446],[20.0884946,42.5760032],[20.08398,42.5705948],[20.0788765,42.5560902],[20.0762998,42.5558234],[20.0883101,42.5506721],[20.089528,42.5453715],[20.0957188,42.5415548],[20.0979485,42.5342791],[20.1002231,42.5325797],[20.1140776,42.5271427],[20.1218872,42.5256556],[20.1212542,42.523467],[20.1228607,42.5222063],[20.1495265,42.5143983],[20.161453,42.506991],[20.1650476,42.5066803],[20.1671727,42.5025144],[20.1659689,42.4992186],[20.1673506,42.4957604],[20.1712361,42.490741],[20.1802623,42.4865872],[20.1824549,42.4730057],[20.1891616,42.4703277],[20.1968012,42.4624634],[20.192039,42.4567633],[20.1929945,42.4524692],[20.2078135,42.4445329],[20.2081963,42.4418549],[20.2101822,42.4417108],[20.2113696,42.4391171],[20.2176409,42.4367646],[20.2206287,42.4337015],[20.2230928,42.4256974],[20.2266393,42.4232998],[20.227645,42.4192508],[20.2260957,42.4144005],[20.2140092,42.409712],[20.2080119,42.4016194],[20.2098836,42.3982947],[20.2215199,42.3931597],[20.225945,42.3889254],[20.2337802,42.3849757],[20.2356559,42.3812333],[20.2400875,42.3801073],[20.2416453,42.3757749],[20.2402351,42.3736314],[20.2451976,42.370002],[20.2448046,42.3529628],[20.2409516,42.3517781],[20.2360649,42.3473351],[20.2422506,42.3420316],[20.2478521,42.3331733],[20.2426066,42.3269621],[20.2483575,42.3226695],[20.2547598,42.3225092],[20.257258,42.31878],[20.2704373,42.3194337],[20.2858864,42.3233214],[20.2927012,42.3234664],[20.2941593,42.3209335],[20.3055176,42.3149229],[20.3087232,42.315319],[20.3140174,42.3204282],[20.3211574,42.3220147],[20.327235,42.3277277],[20.339135,42.3276986],[20.3458318,42.3249068],[20.3484277,42.3206151],[20.353913,42.3172232],[20.3533992,42.3096401],[20.3619184,42.3084914],[20.3692466,42.3054294],[20.3741352,42.3057092],[20.3906004,42.2982007],[20.3947711,42.298649],[20.4012596,42.2874975],[20.4046938,42.2846842],[20.4232264,42.2825201],[20.424772,42.2784761],[20.4419481,42.2773611],[20.4444181,42.2748177],[20.4564037,42.272253],[20.4638434,42.2654589],[20.4753022,42.2588033],[20.4767255,42.253429],[20.4972298,42.2404119],[20.5021499,42.2281214],[20.5090118,42.2247517],[20.5139964,42.2242973],[20.5241577,42.2104536],[20.5314881,42.1859409],[20.5369593,42.1768234],[20.5425562,42.1717248],[20.5427648,42.1662259],[20.547089,42.164712],[20.5430661,42.1606649],[20.5486073,42.154174],[20.55854,42.1465692],[20.5553937,42.1400426],[20.5621314,42.1329287],[20.5681202,42.1212163],[20.5609414,42.1086457],[20.5675194,42.097851],[20.5635869,42.0951482],[20.5545817,42.0825878],[20.5590014,42.078863],[20.5577638,42.0751965],[20.5698156,42.0590583],[20.5758975,42.0581306],[20.5945492,42.0427847],[20.5972987,42.0196978],[20.6015746,42.0170635],[20.6117111,41.9896508],[20.6118202,41.9854165],[20.6169985,41.9805094],[20.6215987,41.9785434],[20.6242583,41.9743339],[20.626587,41.9609839],[20.623599,41.9565375],[20.6194349,41.9393997],[20.6051676,41.9308347],[20.5901359,41.9267174],[20.5855309,41.9175883],[20.5832397,41.9165704],[20.5757715,41.9175143],[20.5886391,41.8896202],[20.5937187,41.8844177],[20.5942861,41.8773274],[20.6040428,41.8677697],[20.6192469,41.8577899],[20.6364048,41.8635307],[20.648426,41.8745322],[20.6633532,41.8752736],[20.670554,41.8734118],[20.67848,41.8685307],[20.6812726,41.8595876],[20.6848672,41.8576408],[20.7059316,41.8646597],[20.7279727,41.8642769],[20.7358147,41.877156],[20.7363459,41.8864686],[20.740466,41.8927997],[20.7497056,41.8948632],[20.7556754,41.9060678],[20.7765241,41.9184854],[20.7721573,41.9210731],[20.7705932,41.9244968],[20.7729442,41.9267581],[20.7687273,41.9291868],[20.7547433,41.9467817],[20.7590597,41.9510675],[20.7660317,41.9536255],[20.7671171,41.9627591],[20.7543754,41.9796523],[20.7487608,41.9823769],[20.7482614,41.995418],[20.7518987,42.0152802],[20.748154,42.025705],[20.7635509,42.0408328],[20.7650717,42.0453048],[20.7629949,42.0449793],[20.7593978,42.0481464],[20.7581724,42.0534369],[20.7692912,42.0583468],[20.7786245,42.0647779],[20.7788567,42.0671428],[20.7859855,42.0717542],[20.7839242,42.074582],[20.7846475,42.0788915],[20.7908432,42.0831377],[20.7996323,42.0832386],[20.8025931,42.0816364],[20.8341449,42.0859691],[20.8417397,42.0974572],[20.8481671,42.0994009],[20.8538909,42.0980642],[20.8606314,42.0996505],[20.8771507,42.0962076],[20.8915417,42.097442],[20.8984207,42.1049458],[20.9144863,42.1152113],[20.9200076,42.1285847],[20.9244392,42.1268495],[20.927939,42.1273263],[20.9448235,42.1380905],[20.9542551,42.1378886],[20.9571111,42.1363963],[20.9693941,42.1365665],[20.9727537,42.1389823],[20.9826402,42.1391785],[20.986189,42.142216],[21.0011435,42.1453068],[21.0092633,42.150622],[21.0264377,42.1522535],[21.0282366,42.1561263],[21.0320066,42.1572512],[21.0432517,42.1660943],[21.0467367,42.1652802],[21.0493433,42.1662524],[21.0554159,42.1753215],[21.06797,42.1858366],[21.0829559,42.1896097],[21.0913028,42.1942049],[21.0974721,42.2024475],[21.1037724,42.205887],[21.1191045,42.2068363],[21.1253602,42.202196],[21.1606063,42.1975195],[21.1679519,42.1910187],[21.1712098,42.1867974],[21.1682515,42.1855595],[21.1740798,42.1795286],[21.1764639,42.1731006],[21.1810994,42.1684354],[21.1805981,42.1667488],[21.1863308,42.1652381],[21.186206,42.1623086],[21.191478,42.1591459],[21.1924072,42.1553056],[21.1959617,42.1546335],[21.1953657,42.1522289],[21.2001843,42.1511452],[21.1999978,42.1478689],[21.2029624,42.1476108],[21.2032394,42.1448796],[21.2051247,42.1450551],[21.2058941,42.1420474],[21.2086803,42.140587],[21.2080618,42.1384245],[21.2109556,42.1365101],[21.2105953,42.1349864],[21.2145011,42.1328209],[21.2169209,42.124035],[21.2152127,42.1141644],[21.2125646,42.1109555],[21.2165312,42.1041344],[21.2203939,42.1020173],[21.2223134,42.0937438],[21.2276727,42.0971674],[21.2297074,42.0960617],[21.2334527,42.0982401],[21.2334426,42.0953137],[21.2457953,42.0926744],[21.2683574,42.0946768],[21.2726113,42.0959316],[21.2788881,42.1010426],[21.2833725,42.1012894],[21.2913479,42.1050955],[21.2953436,42.1105987],[21.294665,42.1119584],[21.2973641,42.1125468],[21.2993601,42.1109273],[21.3034979,42.1044744],[21.3212942,42.108018],[21.3150901,42.1145654],[21.3162594,42.1183798],[21.3120138,42.1212411],[21.3105257,42.1276788],[21.3052315,42.1320911],[21.3046243,42.1337517],[21.3066138,42.1340193],[21.3023361,42.1385029],[21.303589,42.1399202],[21.3023797,42.1412982],[21.3106052,42.144758],[21.3103168,42.1489726],[21.3209891,42.1607649],[21.317285,42.1701641],[21.3204239,42.1711434],[21.3182034,42.1729763],[21.3269946,42.176155],[21.329416,42.1832131],[21.3352026,42.1903246],[21.3310617,42.1990716],[21.3339333,42.204824],[21.3357451,42.205101],[21.3350177,42.2074834],[21.3383365,42.2036803],[21.3413528,42.2050555],[21.345803,42.2047955],[21.3460974,42.2073357],[21.3508854,42.2106228],[21.3523789,42.2146641],[21.3561622,42.2150765],[21.3583791,42.2207687],[21.3613896,42.2221659],[21.3667412,42.2211677],[21.3712864,42.2242542],[21.3716302,42.2260705],[21.3696801,42.2272884],[21.3749486,42.2309881],[21.3753383,42.2359536],[21.3772537,42.2380666],[21.3798616,42.2372158],[21.3856659,42.2414571],[21.3821545,42.2446072],[21.3851024,42.2464796],[21.3908174,42.2455583],[21.4012923,42.2491571],[21.4035745,42.2469028],[21.4092196,42.2471057],[21.4138225,42.2439217],[21.4172255,42.245777],[21.4199657,42.2440488],[21.4198325,42.2422599],[21.4219777,42.2423868],[21.4203156,42.2410337],[21.4243668,42.2397959],[21.4269216,42.2362179],[21.4297731,42.2366681],[21.4339417,42.2316907],[21.4443186,42.2349303],[21.4421424,42.239393],[21.4435443,42.2412883],[21.4349062,42.2496241],[21.4325065,42.2593038],[21.4404224,42.2623398],[21.4399878,42.2742652],[21.4441749,42.2753492],[21.4448576,42.2778978],[21.4487668,42.2790038],[21.4502448,42.2767316],[21.4566557,42.2765023],[21.4708012,42.2800357],[21.4755959,42.2792279],[21.4866586,42.2739064],[21.4920081,42.2732844],[21.4962296,42.2746004],[21.5038975,42.2698039],[21.5072163,42.2718816],[21.5111379,42.2705375],[21.5111205,42.2660201],[21.520146,42.2606473],[21.5176906,42.2594901],[21.5212775,42.241469],[21.532035,42.2406169],[21.5388025,42.2504835],[21.5427648,42.25245],[21.5443025,42.2511252],[21.5442596,42.2534505],[21.5495672,42.2535851],[21.5537126,42.2504233],[21.5576865,42.2507707],[21.558548,42.2530172],[21.5630464,42.2507367],[21.5690465,42.2507433],[21.5752678,42.2540776],[21.5803271,42.2594436],[21.5835905,42.2593428],[21.5893965,42.2647261],[21.5892695,42.2696351],[21.5833556,42.27557],[21.5821504,42.279652],[21.5844553,42.2830298],[21.5618308,42.2988415],[21.5656833,42.2998491],[21.5631566,42.3015774],[21.5652378,42.3038664],[21.5657963,42.3097937],[21.5591497,42.3153754],[21.5584474,42.3137443],[21.5547239,42.3138948],[21.5527723,42.3121121],[21.5506424,42.313567],[21.5485029,42.3109409],[21.54185,42.3089171],[21.5389004,42.3106794],[21.5373383,42.3160985],[21.5384991,42.3189627],[21.5366465,42.3180343],[21.5328918,42.3198086],[21.5368899,42.3209389],[21.5248492,42.3254563],[21.5269571,42.3327849],[21.5252611,42.3419606],[21.5301875,42.3475496],[21.5309327,42.3529304],[21.5335213,42.3537402],[21.5319813,42.3565079],[21.5354181,42.3597114],[21.5318851,42.3664485],[21.5361163,42.3673883],[21.5361835,42.3696443],[21.5394697,42.3708558],[21.5404292,42.3733488],[21.5446523,42.3679671],[21.5468922,42.3678917],[21.5473166,42.3649991],[21.5522563,42.3623913],[21.5530452,42.3656413],[21.5581552,42.3674535],[21.5610051,42.3666384],[21.5613305,42.3678495],[21.5680431,42.3658824],[21.5713807,42.3626988],[21.5728818,42.3652404],[21.5794815,42.3678744],[21.5743034,42.3755836],[21.5841417,42.3817228],[21.5875048,42.3802634],[21.594403,42.3838902],[21.605916,42.3753035],[21.6146897,42.3756812],[21.6206634,42.3779967],[21.6275011,42.3922386],[21.637166,42.3987142],[21.635678,42.4035895],[21.6378088,42.4034129],[21.6449142,42.408358],[21.6464985,42.4133004],[21.6442241,42.4170297],[21.6370985,42.4207161],[21.6364367,42.4227122],[21.6386666,42.4246635],[21.637776,42.4292389],[21.631606,42.4353713],[21.6327678,42.4389439],[21.625171,42.4461994],[21.6224147,42.4531326],[21.6246358,42.4551707],[21.6286234,42.4550969],[21.6295269,42.4595343],[21.6413069,42.4682288],[21.6579576,42.4760742],[21.6568664,42.4780632],[21.6602443,42.4803289],[21.6578411,42.4837078],[21.6611576,42.4852141],[21.6712296,42.4843437],[21.6721095,42.4866896],[21.6671971,42.4928363],[21.6753725,42.4976184],[21.69106,42.5026938],[21.6937986,42.5053883],[21.6911027,42.508422],[21.6920187,42.5156406],[21.6935677,42.5147164],[21.6966277,42.5161417],[21.7075445,42.5131498],[21.7084587,42.5161847],[21.7106117,42.5165672],[21.7069955,42.5228798],[21.6982627,42.5288233],[21.6966225,42.5313173],[21.6979085,42.5349685],[21.6933506,42.5393942],[21.7013034,42.5408453],[21.7031688,42.5441266],[21.7014292,42.5455121],[21.7060251,42.547747],[21.7069374,42.5498712],[21.7170868,42.5499472],[21.7284298,42.5471048],[21.7413453,42.5531008],[21.7476441,42.5589053],[21.7489255,42.561622],[21.7447775,42.5650976],[21.7480602,42.5702642],[21.747656,42.5807279],[21.7449506,42.5826765],[21.7444433,42.586755],[21.7386786,42.5945007],[21.7341588,42.5981077],[21.7338592,42.6011694],[21.736319,42.6043556],[21.7405933,42.6037648],[21.7428161,42.6088887],[21.7509093,42.6073888],[21.7519472,42.6137253],[21.7576285,42.6194967],[21.7570742,42.6217292],[21.7532228,42.6242101],[21.7521299,42.6285206],[21.7541789,42.6319596],[21.7552734,42.6312889],[21.7581249,42.6331077],[21.7594598,42.6378318],[21.768269,42.6335198],[21.7709907,42.6343728],[21.7797185,42.6433966],[21.7792564,42.6467179],[21.7839846,42.6466932],[21.7899366,42.6512633],[21.780913,42.6622039],[21.7713447,42.6673042],[21.7717342,42.6768953],[21.7597135,42.683781],[21.7565319,42.6931981],[21.7534525,42.6954519],[21.7523857,42.7012882],[21.7475591,42.7005785],[21.7386683,42.6951062],[21.7332758,42.6939388],[21.731751,42.6951483],[21.7252101,42.695373],[21.7233993,42.6919951],[21.7201842,42.6924378],[21.7153353,42.6899167],[21.7129625,42.690862],[21.706541,42.689897],[21.703307,42.6927368],[21.6973165,42.6908403],[21.6893932,42.6913611],[21.6742806,42.6872101],[21.6715632,42.6831607],[21.6730674,42.6768632],[21.6701847,42.6757451],[21.6694001,42.6715308],[21.6624654,42.6694462],[21.6603747,42.6654699],[21.6442091,42.6800982],[21.6440845,42.6860582],[21.6391439,42.6924304],[21.6383104,42.6980958],[21.6341805,42.697058],[21.6313869,42.7004598],[21.6284314,42.6997783],[21.626682,42.6972866],[21.6210981,42.6969034],[21.6186512,42.6951864],[21.6148934,42.6973646],[21.6111448,42.6966785],[21.6056901,42.6979237],[21.5952686,42.7042476],[21.587249,42.7035843],[21.5865767,42.7071221],[21.5933791,42.7180001],[21.5923149,42.7261798],[21.5828746,42.7276367],[21.5812663,42.7252816],[21.5780298,42.7287041],[21.5714339,42.7278276],[21.5663961,42.7321608],[21.5646453,42.731498],[21.5618679,42.7332251],[21.5594837,42.7377157],[21.5519736,42.7308046],[21.5422215,42.7290683],[21.5405581,42.7230705],[21.528277,42.7250031],[21.5174718,42.7294393],[21.5129565,42.7297265],[21.5113238,42.732481],[21.5014942,42.7335607],[21.4978422,42.7377821],[21.485398,42.7423865],[21.4793474,42.7476641],[21.4747803,42.7464733],[21.4674696,42.7362971],[21.4516813,42.7450613],[21.4491062,42.7501546],[21.4425912,42.7473155],[21.4410842,42.7490036],[21.4318922,42.748177],[21.4262689,42.7456906],[21.4211805,42.7464782],[21.4179053,42.7441679],[21.4150527,42.7461537],[21.408041,42.7435151],[21.3929772,42.7451477],[21.3895261,42.7499455],[21.3891974,42.7582386],[21.3938578,42.7596001],[21.4029521,42.7671983],[21.4075462,42.7668323],[21.4083312,42.7719862],[21.4112965,42.7761372],[21.4077005,42.7818988],[21.4096877,42.7836654],[21.4083567,42.7877168],[21.413307,42.7903187],[21.4120392,42.7926401],[21.4071198,42.7929766],[21.4064175,42.794643],[21.4100296,42.8052477],[21.413812,42.8067917],[21.4227337,42.805815],[21.4227169,42.8105104],[21.4247297,42.8106378],[21.4179117,42.8172453],[21.4189268,42.8209165],[21.4172581,42.8261741],[21.4242307,42.832583],[21.4236075,42.8471199],[21.427039,42.8475802],[21.4286678,42.8498872],[21.437123,42.851557],[21.436439,42.8644055],[21.4342682,42.8673092],[21.4350599,42.8723076],[21.4134553,42.8751022],[21.4116474,42.8734519],[21.4068251,42.8731066],[21.4024676,42.8746744],[21.3945211,42.8716119],[21.3929091,42.8671124],[21.3854438,42.8665335],[21.3801816,42.8704671],[21.3801887,42.8723151],[21.3769148,42.8730414],[21.3697717,42.8734148],[21.3651882,42.8709106],[21.361059,42.8723137],[21.3581469,42.8778097],[21.35254,42.8788066],[21.3500248,42.8809586],[21.3512641,42.8874728],[21.3440531,42.8909242],[21.3453316,42.894048],[21.3420584,42.8995197],[21.3398589,42.9004504],[21.3362004,42.8988864],[21.3309344,42.9025856],[21.3160514,42.9018601],[21.3045466,42.9061201],[21.299802,42.901187],[21.2924738,42.9032235],[21.287067,42.9009475],[21.2822859,42.8951584],[21.276311,42.894485],[21.2711535,42.8971962],[21.2703493,42.9100606],[21.265553,42.912614],[21.2535196,42.9257791],[21.2512143,42.9311516],[21.245258,42.9338938],[21.244912,42.9384002],[21.2396833,42.9437105],[21.2377688,42.9495549],[21.235689,42.9503913],[21.2343823,42.9592379],[21.2382966,42.9634078],[21.2408056,42.9712982],[21.2397299,42.9747183],[21.2438432,42.9809001],[21.2376935,42.9897446],[21.2378137,43.0055199],[21.2351195,43.0099965],[21.2318491,43.0096966],[21.2291113,43.0146871],[21.2256832,43.0167147],[21.2251759,43.0203621],[21.2216818,43.0196257],[21.212999,43.0213593],[21.2056993,43.0246104],[21.1998438,43.0226368],[21.1972578,43.0233638],[21.1919836,43.015123],[21.1930081,43.0079535],[21.1753456,42.9994872],[21.1710629,43.0004598],[21.1722321,43.0030082],[21.1689555,43.0044686],[21.1693374,43.0074506],[21.1633713,43.0146865],[21.1672329,43.0198387],[21.1662858,43.0247108],[21.1677063,43.026262],[21.1655968,43.0284527],[21.1591539,43.0282368],[21.1557151,43.0295609],[21.1522649,43.0403205],[21.1540345,43.045016],[21.1521074,43.0494842],[21.1529595,43.0601236],[21.1498626,43.0672554],[21.1466395,43.0689365],[21.147129,43.0716127],[21.1427274,43.0735607],[21.1439261,43.0759637],[21.1396031,43.0821633],[21.149875,43.09103],[21.1413124,43.1052589],[21.1413504,43.1093734],[21.1372414,43.1134812],[21.1299373,43.1115907],[21.1240797,43.1131609],[21.1223691,43.1116806],[21.1133776,43.1111802],[21.1071254,43.1176634],[21.1026719,43.1173531],[21.0991908,43.1258883],[21.0885626,43.1357493],[21.0789851,43.1291198],[21.079254,43.1182329],[21.0758209,43.1150271],[21.0643823,43.1135585],[21.0623051,43.1101786],[21.0502832,43.1075241],[21.0463202,43.1124142],[21.0431169,43.1124534],[21.0381413,43.1186885],[21.0331288,43.1204284],[21.0278947,43.1248497],[21.0254012,43.1294572],[21.0156182,43.131341],[21.0140246,43.1343881],[21.0030337,43.1352398],[20.9955346,43.1383099],[20.9924638,43.1365402],[20.9769122,43.1356976],[20.9725413,43.1339971],[20.9679403,43.1306435],[20.9692768,43.126383],[20.9668943,43.1244001],[20.9570497,43.1259829],[20.9463055,43.1298807],[20.9427491,43.1334438],[20.9378807,43.1347692],[20.9335521,43.1342211],[20.9290449,43.1441808],[20.9262207,43.1459192],[20.9215837,43.1477112],[20.9085831,43.148225],[20.8997188,43.1557121],[20.8958411,43.1540872],[20.8893215,43.1559819],[20.8857705,43.1585341],[20.885553,43.1626951],[20.8808248,43.1655371],[20.8817156,43.1669467],[20.8780488,43.1675644],[20.8689965,43.1645059],[20.8632744,43.1647861],[20.8559774,43.1744],[20.8384792,43.1729867],[20.8310766,43.179121],[20.8341784,43.1836417],[20.8484393,43.1855978],[20.8550636,43.1891472],[20.8494894,43.1930339],[20.8496754,43.1947832],[20.8434801,43.1981392],[20.8412593,43.2027491],[20.8435522,43.2070747],[20.8492526,43.2049483],[20.8636684,43.2076367],[20.8657805,43.2055068],[20.8696212,43.2062692],[20.873008,43.2047668],[20.8805455,43.2059113],[20.8833935,43.2037998],[20.8893661,43.2037179],[20.8859812,43.2076847],[20.8798646,43.2108573],[20.8797357,43.2222264],[20.8769895,43.2233527],[20.87699,43.2263266],[20.8730294,43.2309713],[20.8616721,43.2378812],[20.8519814,43.2512199],[20.8476594,43.2517198],[20.8369641,43.2568377],[20.8359683,43.2616993],[20.8306219,43.2617155],[20.8267213,43.267976],[20.8197487,43.2724664],[20.8119443,43.2733306],[20.8047106,43.2711057],[20.7961124,43.2648051],[20.7900395,43.2638432],[20.7850881,43.253695],[20.7747798,43.2543522],[20.770511,43.2482807],[20.7612647,43.2439986],[20.7474075,43.2448492],[20.7347073,43.2483049],[20.7281859,43.2486513],[20.7201717,43.2398718],[20.7184462,43.2398793],[20.7173986,43.2340288],[20.7106327,43.2315687],[20.7094708,43.2272177],[20.6993478,43.2251828],[20.6971597,43.2222338],[20.6897665,43.2192917],[20.6869927,43.2133511],[20.6715714,43.2086182],[20.6688396,43.2096361],[20.6560459,43.2090552],[20.6524888,43.211085],[20.6447056,43.2074351],[20.6372656,43.2067155],[20.633248,43.2096787],[20.615291,43.2043105],[20.6097684,43.2050641],[20.6065343,43.2073911],[20.6040856,43.2069999],[20.6009154,43.2107711],[20.5948462,43.2067148],[20.5938437,43.2050861],[20.6093626,43.1922384],[20.6114786,43.1877132],[20.6139107,43.1801664],[20.6078127,43.1751909],[20.6113645,43.1695974],[20.6217898,43.1680638],[20.6285456,43.1637083],[20.6409109,43.1622817],[20.6465334,43.158468],[20.6521482,43.1577532],[20.6519505,43.1559966],[20.6544771,43.154429],[20.658338,43.1539911],[20.6575183,43.1501308],[20.6620431,43.1442854],[20.6576342,43.1379969],[20.6727808,43.1314757],[20.6734313,43.1267083],[20.6851196,43.1229687],[20.6893154,43.1126559],[20.6927605,43.1091342],[20.6930829,43.1055498],[20.6873567,43.1025399],[20.6932425,43.0948194],[20.6926447,43.0907117],[20.6876961,43.0839567],[20.6835676,43.0817483],[20.6677581,43.0773925],[20.6621481,43.0784089],[20.6562388,43.0736977],[20.657699,43.0699654],[20.6618978,43.0667547],[20.6661361,43.0656257],[20.6676721,43.0667119],[20.6690976,43.0652751],[20.6705226,43.0555657],[20.665459,43.0496369],[20.6704628,43.0474606],[20.6713835,43.0390837],[20.6692508,43.0351214],[20.654999,43.0348442],[20.652157,43.0334799],[20.6509977,43.0220971],[20.6452135,43.0238012],[20.6410234,43.0223732],[20.6403081,43.0185127],[20.6368625,43.0163688],[20.6411253,43.0103425],[20.6405028,43.0068296],[20.6298641,43.0091231],[20.6271738,43.0059525],[20.619712,43.0025427],[20.6151386,43.0047159],[20.6181676,43.0098591],[20.6177288,43.0175194],[20.6135559,43.0154258],[20.6095982,43.0156081],[20.6072081,43.0172868],[20.5997626,43.0156351],[20.5908239,43.0170347],[20.5904481,43.0145936],[20.5799896,43.0118337],[20.5819143,43.0087152],[20.5812203,43.001955],[20.571638,42.9995132],[20.5678504,42.996495],[20.5649722,42.9901318],[20.5648299,42.9845579],[20.5610854,42.9811916],[20.5569782,42.9811528],[20.5519058,42.9756353],[20.5544486,42.9687342],[20.552603,42.969159],[20.5464756,42.9611572],[20.5399158,42.9639143],[20.536067,42.9745296],[20.5299464,42.9751862],[20.5176261,42.9701845],[20.5145915,42.9706326],[20.5136745,42.9655812],[20.5074719,42.9637104],[20.4961856,42.9523261],[20.4957129,42.9447684],[20.4891004,42.9356896],[20.4845665,42.9337888],[20.4862088,42.9328206],[20.4862702,42.9290632],[20.4998685,42.9177002],[20.5055066,42.9053138],[20.5206124,42.8981574],[20.5204522,42.8935622],[20.535294,42.8890993],[20.5356828,42.8850427],[20.5390012,42.8852903],[20.5382796,42.8831746],[20.5341032,42.8812024],[20.5156856,42.8785127],[20.5021052,42.8710371],[20.4858278,42.8675991],[20.4771208,42.8593348],[20.4635751,42.8530939],[20.4412953,42.8338704],[20.4381824,42.8331857],[20.4287388,42.8352613],[20.4182008,42.8444663],[20.408654,42.8471625],[20.3934956,42.8444923],[20.3897696,42.8424363],[20.3801099,42.8417777],[20.3636462,42.8322797],[20.3435482,42.833135],[20.3399562,42.8361852],[20.3350906,42.8358639],[20.3278195,42.8333772],[20.3200874,42.8262051],[20.3196363,42.8281159],[20.3166405,42.8291336],[20.3155571,42.8360444],[20.2980064,42.836205],[20.2938722,42.8255193],[20.2923893,42.8252786],[20.2854122,42.8261728],[20.2811258,42.8306821],[20.2751643,42.8255027],[20.2759639,42.8217845],[20.2737623,42.8199444],[20.2618012,42.8149564],[20.2551684,42.8144846],[20.2523593,42.8107428],[20.2583259,42.8048192],[20.262773,42.8041695],[20.2634529,42.7888528],[20.266041,42.7782933],[20.2553706,42.7700128],[20.2504346,42.7591703],[20.236773,42.7568505],[20.2343223,42.7527472],[20.2216883,42.7526091],[20.2132231,42.7487363],[20.212855,42.746227],[20.2059143,42.7493639],[20.1957302,42.7504264],[20.1911699,42.7452833],[20.1827551,42.7536218],[20.1738254,42.7554575],[20.1676615,42.7617629],[20.1549854,42.7684137],[20.1488757,42.7633519],[20.146756,42.7546082],[20.1436295,42.755221],[20.1257841,42.7626645],[20.1198665,42.7622279],[20.1149879,42.7638709],[20.1037143,42.7700899],[20.1047877,42.773012],[20.0981912,42.7767055],[20.0893236,42.7760937],[20.0849229,42.7743129],[20.0699539,42.7749027],[20.060378,42.7790727],[20.0498083,42.7757467],[20.0473435,42.7734915],[20.0428998,42.7743447],[20.0333785,42.768885],[20.0322872,42.7649104],[20.0300042,42.765896],[20.0246529,42.7651386],[20.0220421,42.7575193],[20.0232967,42.7518129],[20.0201184,42.7482727],[20.0195958,42.7447784],[20.0165669,42.7446398],[20.0142981,42.7408223],[20.0162735,42.7351881],[20.0145505,42.7293879],[20.0186374,42.7244083],[20.0321856,42.7201272],[20.0225965,42.7133027],[20.0171692,42.7133198],[20.0158709,42.7096815],[20.0281356,42.7099639],[20.0337369,42.7114392],[20.0315513,42.7066897],[20.0332304,42.6974337],[20.0450671,42.695479],[20.0527581,42.6884137],[20.0544282,42.6847929],[20.0636683,42.6848634],[20.0682713,42.6802874],[20.0833932,42.680036],[20.0885733,42.6687164],[20.1119442,42.6554024],[20.109044166,42.6483667]]]]}}]}
