{
  "type": "FeatureCollection",
  "name": "prokuplje",
  "features": [
    {
      "type": "Feature",
      "properties": {
        "slug": "prokuplje",
        "name": "Општина Прокупље",
        "source_opstina_ime": "ПРОКУПЉЕ",
        "opstina_maticni_broj": "70998"
      },
      "geometry": {
        "type": "Polygon",
        "coordinates": [
          [
            [
              21.4167693257653,
              43.3998232950315
            ],
            [
              21.4173345181465,
              43.3998084376812
            ],
            [
              21.4177532687962,
              43.3998077074817
            ],
            [
              21.417979431274,
              43.3998071458365
            ],
            [
              21.4179795547612,
              43.3998071453852
            ],
            [
              21.4184937036557,
              43.3997840983208
            ],
            [
              21.4188883496093,
              43.3997074798662
            ],
            [
              21.4191568100898,
              43.3996287158251
            ],
            [
              21.4192774548619,
              43.399526282924
            ],
            [
              21.4196893442042,
              43.3993909084069
            ],
            [
              21.4203154053928,
              43.399164275086
            ],
            [
              21.4209835737202,
              43.3991527085074
            ],
            [
              21.4215864680404,
              43.3989863734357
            ],
            [
              21.4219519643464,
              43.3988734873999
            ],
            [
              21.4222806312546,
              43.3987550660927
            ],
            [
              21.4224940398723,
              43.3986782974624
            ],
            [
              21.4229271683531,
              43.3985091606733
            ],
            [
              21.4234285055397,
              43.3984200614689
            ],
            [
              21.4239057104254,
              43.3983405023883
            ],
            [
              21.424226367377,
              43.398083478103
            ],
            [
              21.4247487014649,
              43.3979966354725
            ],
            [
              21.4249879862371,
              43.3979663920019
            ],
            [
              21.4252296951407,
              43.3979298386049
            ],
            [
              21.4253994950779,
              43.3979199298328
            ],
            [
              21.4255595485468,
              43.3979109566216
            ],
            [
              21.4260545741056,
              43.3979085552032
            ],
            [
              21.4262950041181,
              43.397900898691
            ],
            [
              21.426661691935,
              43.398046061513
            ],
            [
              21.4273468740487,
              43.3979970303282
            ],
            [
              21.4277108371378,
              43.3980182492461
            ],
            [
              21.4280804846898,
              43.3980750925331
            ],
            [
              21.4282952949427,
              43.3980754498253
            ],
            [
              21.428787463111,
              43.3980704368883
            ],
            [
              21.4292787636185,
              43.3980649748677
            ],
            [
              21.4297763336553,
              43.3980731685324
            ],
            [
              21.4298966051922,
              43.3980251847092
            ],
            [
              21.4301421221665,
              43.3980038187289
            ],
            [
              21.4303936463611,
              43.3979764884796
            ],
            [
              21.4306283127493,
              43.3979396809444
            ],
            [
              21.4308611148624,
              43.3979191734985
            ],
            [
              21.4313309022607,
              43.3979284591592
            ],
            [
              21.4316885150918,
              43.3978913630613
            ],
            [
              21.4321265127363,
              43.3978227239037
            ],
            [
              21.4324023133486,
              43.3978251832637
            ],
            [
              21.4325502320791,
              43.3977945544361
            ],
            [
              21.4326314635164,
              43.3977776816844
            ],
            [
              21.4328549950455,
              43.3977213801554
            ],
            [
              21.4330623001434,
              43.397640115376
            ],
            [
              21.4332727664219,
              43.3975006893211
            ],
            [
              21.4336229354642,
              43.3972355192013
            ],
            [
              21.4339826036267,
              43.3969869638778
            ],
            [
              21.4343105997666,
              43.3968149502562
            ],
            [
              21.4345441134473,
              43.396722511375
            ],
            [
              21.4345868807698,
              43.3966958829869
            ],
            [
              21.4346208794967,
              43.3966685684517
            ],
            [
              21.4348165346882,
              43.3965818547411
            ],
            [
              21.4349051655252,
              43.396529936637
            ],
            [
              21.4350556399966,
              43.3963919969267
            ],
            [
              21.4351565262504,
              43.3963105964584
            ],
            [
              21.43533978739,
              43.3962001653647
            ],
            [
              21.435654604541,
              43.3958278265113
            ],
            [
              21.4359044894953,
              43.3956099318987
            ],
            [
              21.4360469564964,
              43.3954234135589
            ],
            [
              21.4363311143067,
              43.3953024210832
            ],
            [
              21.4367616097889,
              43.3950186584273
            ],
            [
              21.4371649302744,
              43.3947501209986
            ],
            [
              21.4375754440684,
              43.3945202629524
            ],
            [
              21.4377978475186,
              43.3943779950502
            ],
            [
              21.4380910431341,
              43.3941755939487
            ],
            [
              21.438127134131,
              43.3941479101675
            ],
            [
              21.4386003884767,
              43.3939742452529
            ],
            [
              21.4391877491687,
              43.3936026437545
            ],
            [
              21.4394186666309,
              43.393494718988
            ],
            [
              21.439657563652,
              43.3933808219385
            ],
            [
              21.4402048856336,
              43.3931748097388
            ],
            [
              21.4404773615093,
              43.3930446682443
            ],
            [
              21.4406819807333,
              43.3929536760326
            ],
            [
              21.4408509057073,
              43.3928260081434
            ],
            [
              21.4412836620416,
              43.3925683208583
            ],
            [
              21.4414871730912,
              43.3925460120557
            ],
            [
              21.4419201579811,
              43.3923714037769
            ],
            [
              21.4421042412695,
              43.3922578070421
            ],
            [
              21.4424051045608,
              43.3920777736631
            ],
            [
              21.4425319603312,
              43.3919878938279
            ],
            [
              21.4425333100766,
              43.3919868990153
            ],
            [
              21.4426062555361,
              43.3919352156906
            ],
            [
              21.4429199923215,
              43.3916760990131
            ],
            [
              21.4431356006291,
              43.3913838831662
            ],
            [
              21.443190136755,
              43.391177900188
            ],
            [
              21.4432235972676,
              43.3911454544184
            ],
            [
              21.4432949698791,
              43.3911323023127
            ],
            [
              21.4435546908097,
              43.3908806877356
            ],
            [
              21.4436443856848,
              43.390773671217
            ],
            [
              21.443653073965,
              43.3907632850877
            ],
            [
              21.4438484685239,
              43.3906112070088
            ],
            [
              21.443958051011,
              43.3904894393885
            ],
            [
              21.4443616452143,
              43.3901981931018
            ],
            [
              21.4447633927697,
              43.3899082131837
            ],
            [
              21.4451954248146,
              43.3896079407156
            ],
            [
              21.4452771903898,
              43.389547940832
            ],
            [
              21.445772034291,
              43.3893136683034
            ],
            [
              21.4462954554785,
              43.3890887331899
            ],
            [
              21.4466891244445,
              43.3889111149306
            ],
            [
              21.4471484195206,
              43.3886112688186
            ],
            [
              21.447644124813,
              43.3883453980411
            ],
            [
              21.4479065074142,
              43.3882416595312
            ],
            [
              21.4484168596094,
              43.3879878804459
            ],
            [
              21.4486113718086,
              43.387903130289
            ],
            [
              21.4488282080998,
              43.3878328731151
            ],
            [
              21.4493424240338,
              43.387618588102
            ],
            [
              21.4498736597337,
              43.3875361906145
            ],
            [
              21.4500591848537,
              43.387338595202
            ],
            [
              21.4504203326202,
              43.3872059216499
            ],
            [
              21.4505705232812,
              43.3871203522117
            ],
            [
              21.4507627654146,
              43.3870132807631
            ],
            [
              21.4508958789774,
              43.3869550527215
            ],
            [
              21.4510133999271,
              43.3868581803327
            ],
            [
              21.451135564659,
              43.3867882029438
            ],
            [
              21.4512608958408,
              43.3867291947729
            ],
            [
              21.4514828552572,
              43.3865856376171
            ],
            [
              21.4518407100763,
              43.3863434215566
            ],
            [
              21.4522226599763,
              43.3861215375205
            ],
            [
              21.4524156334135,
              43.3860140065609
            ],
            [
              21.4525344871993,
              43.3859639325292
            ],
            [
              21.4527833607227,
              43.3859708596988
            ],
            [
              21.452997567277,
              43.3860127601202
            ],
            [
              21.4532561746673,
              43.386100032358
            ],
            [
              21.4534982785759,
              43.3860763786271
            ],
            [
              21.4536933270905,
              43.3860649752476
            ],
            [
              21.4541729497785,
              43.3861471282067
            ],
            [
              21.4545368472658,
              43.3861859954714
            ],
            [
              21.4550531751908,
              43.3862412627921
            ],
            [
              21.4553428337961,
              43.3862553112136
            ],
            [
              21.4557868223682,
              43.3862431739627
            ],
            [
              21.4563130446234,
              43.3860719149845
            ],
            [
              21.4564806978401,
              43.3859796038919
            ],
            [
              21.4569683442761,
              43.385881860634
            ],
            [
              21.4572054885426,
              43.3858556994231
            ],
            [
              21.457702466377,
              43.3858007643726
            ],
            [
              21.4579020907109,
              43.3856930183473
            ],
            [
              21.4580948664926,
              43.38564272988
            ],
            [
              21.458387589666,
              43.385573043809
            ],
            [
              21.4586220322182,
              43.3855162852137
            ],
            [
              21.4588565595605,
              43.3853893125818
            ],
            [
              21.4593094079759,
              43.3852447118482
            ],
            [
              21.4595405144669,
              43.3851551993179
            ],
            [
              21.4598191498331,
              43.3850672925236
            ],
            [
              21.4600390785226,
              43.3849850256967
            ],
            [
              21.4602937336854,
              43.3849088272631
            ],
            [
              21.4606078493387,
              43.3847152758149
            ],
            [
              21.4608013807122,
              43.3846027786859
            ],
            [
              21.4611968507876,
              43.3843637061701
            ],
            [
              21.4614960186551,
              43.3842502370412
            ],
            [
              21.4618822243708,
              43.3840755616554
            ],
            [
              21.4620259763724,
              43.3840067433454
            ],
            [
              21.4620941072644,
              43.3839263508356
            ],
            [
              21.4623711718834,
              43.3837307849449
            ],
            [
              21.4626851011093,
              43.3836763934563
            ],
            [
              21.4629424686757,
              43.383568582362
            ],
            [
              21.4633528386752,
              43.3835696064999
            ],
            [
              21.4636345030683,
              43.3835568420115
            ],
            [
              21.463688554985,
              43.3835077421202
            ],
            [
              21.4641218860846,
              43.3833803954568
            ],
            [
              21.4642027683743,
              43.3833379361824
            ],
            [
              21.4644298593556,
              43.3832739955327
            ],
            [
              21.4646190155815,
              43.3831559287185
            ],
            [
              21.4648294719502,
              43.383063519693
            ],
            [
              21.4651639821927,
              43.3830220906209
            ],
            [
              21.4652240286533,
              43.3830146427991
            ],
            [
              21.4652901105535,
              43.3830218431719
            ],
            [
              21.4654299346468,
              43.38303702303
            ],
            [
              21.4656444737798,
              43.3830585564373
            ],
            [
              21.4660147437486,
              43.3831737875811
            ],
            [
              21.4661517722648,
              43.3832266949618
            ],
            [
              21.4663967008448,
              43.383332087755
            ],
            [
              21.4667091135953,
              43.3834502557208
            ],
            [
              21.4670821879037,
              43.3836724117069
            ],
            [
              21.4672765673283,
              43.3839121368803
            ],
            [
              21.46752623227,
              43.384246871453
            ],
            [
              21.4676961650147,
              43.3844049604871
            ],
            [
              21.467685739393,
              43.3847011590958
            ],
            [
              21.467696243329,
              43.3849907006395
            ],
            [
              21.4677137661422,
              43.3851021591798
            ],
            [
              21.467926257943,
              43.3851771669795
            ],
            [
              21.4683098830482,
              43.3854050376731
            ],
            [
              21.4685937792424,
              43.3856001027756
            ],
            [
              21.4687827676839,
              43.3859708218134
            ],
            [
              21.4689323443411,
              43.3862403442878
            ],
            [
              21.4694327944548,
              43.3861090113962
            ],
            [
              21.4696169864785,
              43.3860194027501
            ],
            [
              21.4698506980912,
              43.3859650544502
            ],
            [
              21.4699504802428,
              43.3859406070492
            ],
            [
              21.4701734025623,
              43.3858639794597
            ],
            [
              21.4704303857674,
              43.385802782751
            ],
            [
              21.470517150104,
              43.3857707373098
            ],
            [
              21.4706758061303,
              43.3857466746521
            ],
            [
              21.4710278401433,
              43.385671760565
            ],
            [
              21.471579880592,
              43.3856527246515
            ],
            [
              21.4718547546953,
              43.3857177439705
            ],
            [
              21.4722574567821,
              43.3857622476362
            ],
            [
              21.4724206563628,
              43.3857828124272
            ],
            [
              21.4724441835352,
              43.38579270659
            ],
            [
              21.4726498587265,
              43.3858629631945
            ],
            [
              21.4727849860271,
              43.385971230793
            ],
            [
              21.4729080156222,
              43.3860790079877
            ],
            [
              21.4731690095156,
              43.3861367005786
            ],
            [
              21.4733843425026,
              43.3860687397171
            ],
            [
              21.4737075225812,
              43.3859346145145
            ],
            [
              21.474074928574,
              43.3859637756982
            ],
            [
              21.4743368151705,
              43.3860248827196
            ],
            [
              21.4743556645101,
              43.3860048200336
            ],
            [
              21.4744636074453,
              43.3857464691315
            ],
            [
              21.4747906010324,
              43.3853754004959
            ],
            [
              21.4749274953173,
              43.3852366504854
            ],
            [
              21.4749532991355,
              43.3851905440208
            ],
            [
              21.4751763266139,
              43.3847986653406
            ],
            [
              21.4754040233592,
              43.384388673218
            ],
            [
              21.4754828819781,
              43.3842465655715
            ],
            [
              21.4756895246669,
              43.3838278387003
            ],
            [
              21.4758992617702,
              43.3834108093987
            ],
            [
              21.4759582159825,
              43.3832960596578
            ],
            [
              21.4759902847344,
              43.3832308428036
            ],
            [
              21.4762687697887,
              43.3828306270151
            ],
            [
              21.4765959107163,
              43.3824505497616
            ],
            [
              21.4767345850585,
              43.38217874548
            ],
            [
              21.4768110188122,
              43.381933397231
            ],
            [
              21.4768206663707,
              43.38174810086
            ],
            [
              21.4769819291165,
              43.3814772808021
            ],
            [
              21.4771839331071,
              43.3810519989226
            ],
            [
              21.4773730733273,
              43.380639013731
            ],
            [
              21.4774387408979,
              43.3805156836055
            ],
            [
              21.4774754852951,
              43.3803239717809
            ],
            [
              21.4777236392688,
              43.3799303612064
            ],
            [
              21.4778249547695,
              43.3797580911981
            ],
            [
              21.4780122186407,
              43.3796085934789
            ],
            [
              21.478297717487,
              43.3793815352312
            ],
            [
              21.4787270783346,
              43.3792757533008
            ],
            [
              21.4791148022164,
              43.3792264059451
            ],
            [
              21.4792940361985,
              43.3792167369031
            ],
            [
              21.4798767811575,
              43.3791411777694
            ],
            [
              21.4800826934383,
              43.3790411067925
            ],
            [
              21.4802253519245,
              43.3789634475689
            ],
            [
              21.4803382977256,
              43.3789049079015
            ],
            [
              21.4803967715696,
              43.378871173757
            ],
            [
              21.480885199257,
              43.3786055339933
            ],
            [
              21.4809994523389,
              43.378432217146
            ],
            [
              21.4813139147603,
              43.3780476808192
            ],
            [
              21.4816546705055,
              43.3776793291713
            ],
            [
              21.4820738263034,
              43.3773938194845
            ],
            [
              21.4823188768271,
              43.3772195869934
            ],
            [
              21.4825443634788,
              43.3770370668598
            ],
            [
              21.4827622416242,
              43.3767827442813
            ],
            [
              21.4828520918644,
              43.3766603903272
            ],
            [
              21.4831307545313,
              43.3762756461614
            ],
            [
              21.4835328963839,
              43.3759324130998
            ],
            [
              21.4836316410652,
              43.3758579994716
            ],
            [
              21.4841367557906,
              43.375615504887
            ],
            [
              21.4846291828932,
              43.3753609102841
            ],
            [
              21.4851441073715,
              43.3751115289611
            ],
            [
              21.4856384588593,
              43.374867093291
            ],
            [
              21.4860376703609,
              43.3746385457487
            ],
            [
              21.4862231502767,
              43.3745324337395
            ],
            [
              21.4865820068712,
              43.3743193598606
            ],
            [
              21.4866304015237,
              43.3742913373104
            ],
            [
              21.4868268492323,
              43.374183826976
            ],
            [
              21.4870069205628,
              43.3740653150304
            ],
            [
              21.4872897535462,
              43.373912785491
            ],
            [
              21.4875677717286,
              43.3737601857306
            ],
            [
              21.4879902351893,
              43.3735708700831
            ],
            [
              21.4883402901873,
              43.3734153488408
            ],
            [
              21.4885829323883,
              43.3733142087887
            ],
            [
              21.4888473742539,
              43.3732538409822
            ],
            [
              21.4893060968672,
              43.3731686085555
            ],
            [
              21.4898305920492,
              43.3730677012429
            ],
            [
              21.4901979514898,
              43.3729761085496
            ],
            [
              21.4906735868375,
              43.3728610050129
            ],
            [
              21.4909862420686,
              43.3727802661602
            ],
            [
              21.4913434877507,
              43.372644064477
            ],
            [
              21.4916319144251,
              43.372512749817
            ],
            [
              21.4919766129844,
              43.3723208803472
            ],
            [
              21.492385889262,
              43.3721649172394
            ],
            [
              21.4928504353223,
              43.37202275699
            ],
            [
              21.4932958167674,
              43.3717398023688
            ],
            [
              21.4935635951038,
              43.371498211124
            ],
            [
              21.4937238997628,
              43.3713029926234
            ],
            [
              21.4938500019647,
              43.3711656223251
            ],
            [
              21.4940931785086,
              43.3710098317323
            ],
            [
              21.4943986174313,
              43.3708933786084
            ],
            [
              21.4944662992445,
              43.3708404259763
            ],
            [
              21.4946798202039,
              43.3707556051285
            ],
            [
              21.4950999412107,
              43.3706001256356
            ],
            [
              21.4952600053898,
              43.3704969930696
            ],
            [
              21.4955161397834,
              43.3703272809163
            ],
            [
              21.4958677489803,
              43.3701688546987
            ],
            [
              21.4962971844831,
              43.3700365547804
            ],
            [
              21.4966201041831,
              43.3699914920586
            ],
            [
              21.4970617173344,
              43.3697496760483
            ],
            [
              21.4974410306113,
              43.3694792357175
            ],
            [
              21.4975817316134,
              43.369317492857
            ],
            [
              21.4976805136697,
              43.3692355075976
            ],
            [
              21.4978208059981,
              43.3691897980406
            ],
            [
              21.4980900952012,
              43.3691958255426
            ],
            [
              21.4982598874088,
              43.3691663697301
            ],
            [
              21.4983665982998,
              43.369133498527
            ],
            [
              21.4985281082255,
              43.369057179434
            ],
            [
              21.4988065935551,
              43.3689058162438
            ],
            [
              21.4989548062679,
              43.3688030903503
            ],
            [
              21.4992703323566,
              43.3686548951804
            ],
            [
              21.4998958045948,
              43.3685356773125
            ],
            [
              21.5004253670357,
              43.368412556272
            ],
            [
              21.5010167183731,
              43.3682711585376
            ],
            [
              21.5012076954505,
              43.3682227015147
            ],
            [
              21.5016001800014,
              43.3680711911338
            ],
            [
              21.5016253647383,
              43.3681325615227
            ],
            [
              21.5017140660218,
              43.3681157887696
            ],
            [
              21.5017544743347,
              43.3681081404725
            ],
            [
              21.502205003282,
              43.3680229849534
            ],
            [
              21.5026835279021,
              43.3679809117515
            ],
            [
              21.5030851751914,
              43.367759502772
            ],
            [
              21.503291564195,
              43.3676803691122
            ],
            [
              21.5038352903581,
              43.3674666117895
            ],
            [
              21.5041842759676,
              43.3673681242954
            ],
            [
              21.5047596383618,
              43.3672057125729
            ],
            [
              21.5049955503698,
              43.3671904467429
            ],
            [
              21.5056061315629,
              43.3671534491599
            ],
            [
              21.5057845080675,
              43.3671634613243
            ],
            [
              21.5063883738783,
              43.3671952619552
            ],
            [
              21.5069955739584,
              43.3671240656689
            ],
            [
              21.507580470886,
              43.3670563868517
            ],
            [
              21.507769354324,
              43.3670835424615
            ],
            [
              21.5083609243575,
              43.3671498636574
            ],
            [
              21.5086416780629,
              43.367185611216
            ],
            [
              21.5089973187664,
              43.3672497392387
            ],
            [
              21.5094045224062,
              43.3673270486863
            ],
            [
              21.5098308175863,
              43.3673855485427
            ],
            [
              21.5102341977741,
              43.367374745142
            ],
            [
              21.5108471681983,
              43.3673149356657
            ],
            [
              21.5113156773405,
              43.367287364707
            ],
            [
              21.5116632092267,
              43.3672381892871
            ],
            [
              21.5120487206466,
              43.3672155780037
            ],
            [
              21.5124257014358,
              43.3672493546373
            ],
            [
              21.5130350492094,
              43.3673160222186
            ],
            [
              21.5134576903941,
              43.3672922491277
            ],
            [
              21.5137057933992,
              43.3672892431464
            ],
            [
              21.5141384458453,
              43.3673259138284
            ],
            [
              21.5143984934532,
              43.3673348250153
            ],
            [
              21.5146560078359,
              43.3673070195009
            ],
            [
              21.5150676659103,
              43.3672107362138
            ],
            [
              21.5152817258179,
              43.3671803353937
            ],
            [
              21.5154313318724,
              43.367158776235
            ],
            [
              21.5160380429135,
              43.3671042761941
            ],
            [
              21.5164731012463,
              43.3671483982136
            ],
            [
              21.5168351967107,
              43.3672163428379
            ],
            [
              21.5172047460605,
              43.3672322228686
            ],
            [
              21.517533898265,
              43.3672278515307
            ],
            [
              21.5178943190366,
              43.3672728461353
            ],
            [
              21.5179682160604,
              43.3672861037565
            ],
            [
              21.5183708050296,
              43.3673275751114
            ],
            [
              21.5184766552112,
              43.3673115220329
            ],
            [
              21.5186953976399,
              43.3673093577858
            ],
            [
              21.5190217394,
              43.3673512635758
            ],
            [
              21.5192544405182,
              43.3674086266159
            ],
            [
              21.5198571683475,
              43.3674941000728
            ],
            [
              21.5201615394036,
              43.3675492445241
            ],
            [
              21.5204583012702,
              43.3675947915919
            ],
            [
              21.5207742934823,
              43.3676524919261
            ],
            [
              21.5209613357855,
              43.3676369663581
            ],
            [
              21.5215652844341,
              43.3675339306989
            ],
            [
              21.5219385958933,
              43.3674275360442
            ],
            [
              21.5224877938011,
              43.367228337009
            ],
            [
              21.5230328219668,
              43.3670184381589
            ],
            [
              21.5233341460078,
              43.3668491737338
            ],
            [
              21.5237303009839,
              43.3665029502761
            ],
            [
              21.523968063504,
              43.3663176833983
            ],
            [
              21.5242964039524,
              43.3661772771961
            ],
            [
              21.5247468109194,
              43.3659276591626
            ],
            [
              21.5250951935617,
              43.3655802111927
            ],
            [
              21.5254430963628,
              43.3652632805683
            ],
            [
              21.5255300777894,
              43.365206078782
            ],
            [
              21.5257433774993,
              43.3651320918369
            ],
            [
              21.5259287172455,
              43.3650209670837
            ],
            [
              21.5261423504898,
              43.3649143014589
            ],
            [
              21.5263052902671,
              43.3648949160521
            ],
            [
              21.5264873015946,
              43.3649121683397
            ],
            [
              21.5267496632705,
              43.3648902526387
            ],
            [
              21.5272352799285,
              43.3648470490437
            ],
            [
              21.5273031461806,
              43.364847815799
            ],
            [
              21.5273458885383,
              43.3648539191663
            ],
            [
              21.5273328542163,
              43.3648731525306
            ],
            [
              21.5275481978818,
              43.3649068122964
            ],
            [
              21.5279363393973,
              43.3648772000669
            ],
            [
              21.528303710737,
              43.3649277062837
            ],
            [
              21.528632017087,
              43.3650260121457
            ],
            [
              21.5288294677377,
              43.3651158321725
            ],
            [
              21.528871927576,
              43.3651460602078
            ],
            [
              21.5291651658357,
              43.3651135536706
            ],
            [
              21.5293942449803,
              43.365052628962
            ],
            [
              21.5295547914056,
              43.3650277590659
            ],
            [
              21.5295741464528,
              43.3650259585917
            ],
            [
              21.5298946705098,
              43.3650239283
            ],
            [
              21.5300249617422,
              43.3649959581039
            ],
            [
              21.5301496760345,
              43.3649368670756
            ],
            [
              21.5302864309919,
              43.3648437848558
            ],
            [
              21.5304648738615,
              43.3647632900958
            ],
            [
              21.5306729834494,
              43.3647173129924
            ],
            [
              21.531058308106,
              43.364676362981
            ],
            [
              21.5313729219497,
              43.3646335809508
            ],
            [
              21.5316182477672,
              43.3646249662325
            ],
            [
              21.5318942640603,
              43.3645988349925
            ],
            [
              21.5320789080982,
              43.3645644884085
            ],
            [
              21.532332747084,
              43.3644995724862
            ],
            [
              21.5325290840965,
              43.3644198925614
            ],
            [
              21.5329512142908,
              43.3642010719419
            ],
            [
              21.5330289851496,
              43.3641778452986
            ],
            [
              21.5334838534628,
              43.3640343935007
            ],
            [
              21.5337175254869,
              43.3639775807678
            ],
            [
              21.5340711221165,
              43.363906883653
            ],
            [
              21.5342121186594,
              43.363862115738
            ],
            [
              21.5347440138992,
              43.3636397141935
            ],
            [
              21.5353257280163,
              43.3634988116765
            ],
            [
              21.5356827117276,
              43.363393077048
            ],
            [
              21.5362269287504,
              43.3631839339284
            ],
            [
              21.5365449510652,
              43.3630674883375
            ],
            [
              21.5369925648883,
              43.3629426904987
            ],
            [
              21.5370475786055,
              43.3629273091321
            ],
            [
              21.5371213130556,
              43.3629084181123
            ],
            [
              21.5376751752507,
              43.3627027336427
            ],
            [
              21.5379552267598,
              43.362576291151
            ],
            [
              21.5381293464151,
              43.3625387435772
            ],
            [
              21.5383715487762,
              43.3625684756105
            ],
            [
              21.5386089185768,
              43.3625957104318
            ],
            [
              21.5386202844759,
              43.3625974569028
            ],
            [
              21.5386302745567,
              43.3625971397189
            ],
            [
              21.53895301569,
              43.3625822935255
            ],
            [
              21.5395543150634,
              43.3624821368833
            ],
            [
              21.5400565164792,
              43.3624622005796
            ],
            [
              21.5406106097563,
              43.3623398481974
            ],
            [
              21.5409805893627,
              43.3622685966393
            ],
            [
              21.5410698669264,
              43.3622359472205
            ],
            [
              21.5410917510751,
              43.3622273812616
            ],
            [
              21.5412924357676,
              43.3621393815666
            ],
            [
              21.5413098865456,
              43.3621178745781
            ],
            [
              21.5413203474852,
              43.3621012621978
            ],
            [
              21.5413323907461,
              43.3620820310234
            ],
            [
              21.5413455114328,
              43.3620591947508
            ],
            [
              21.5414175492147,
              43.3620164542825
            ],
            [
              21.5414390710258,
              43.3620087913221
            ],
            [
              21.5414835862141,
              43.3620061484568
            ],
            [
              21.541707338783,
              43.3619871708232
            ],
            [
              21.541854859734,
              43.3619282282173
            ],
            [
              21.5420613388753,
              43.361881515942
            ],
            [
              21.5421373290361,
              43.3618530698321
            ],
            [
              21.5423595714221,
              43.3617619045405
            ],
            [
              21.5425675210078,
              43.3616451528148
            ],
            [
              21.5427121262811,
              43.3615914437391
            ],
            [
              21.5429067268657,
              43.3614582828143
            ],
            [
              21.5430284198842,
              43.3613533735818
            ],
            [
              21.5432337488521,
              43.3612199810664
            ],
            [
              21.5434592020552,
              43.3610882925533
            ],
            [
              21.5437057638278,
              43.3609168060225
            ],
            [
              21.5438253525162,
              43.3608527737459
            ],
            [
              21.5440851861817,
              43.3606894137725
            ],
            [
              21.54410167543,
              43.3606984271674
            ],
            [
              21.5441562255583,
              43.3606456867264
            ],
            [
              21.5443112715505,
              43.360518564507
            ],
            [
              21.5445831933181,
              43.3603003264833
            ],
            [
              21.5447803710532,
              43.3601391559911
            ],
            [
              21.544982183504,
              43.3600133381401
            ],
            [
              21.5449801793647,
              43.359996244547
            ],
            [
              21.5449766684649,
              43.3599900508746
            ],
            [
              21.5452590862559,
              43.3598967922688
            ],
            [
              21.5454113185808,
              43.3598687881652
            ],
            [
              21.5455488980656,
              43.3598576876643
            ],
            [
              21.5458030716231,
              43.3598614193209
            ],
            [
              21.5460296317602,
              43.3598401696063
            ],
            [
              21.5461492195287,
              43.3598175420788
            ],
            [
              21.5462923105936,
              43.3597609560559
            ],
            [
              21.5463674991091,
              43.359753573378
            ],
            [
              21.5466615607466,
              43.3597754754376
            ],
            [
              21.5467543953223,
              43.3597822307636
            ],
            [
              21.5467650051443,
              43.3597822700865
            ],
            [
              21.5469294403221,
              43.3597668974629
            ],
            [
              21.547080671983,
              43.359778592252
            ],
            [
              21.5473089087961,
              43.3597927979988
            ],
            [
              21.5474741825767,
              43.3597746282842
            ],
            [
              21.5476463515104,
              43.3597685768839
            ],
            [
              21.5480454920834,
              43.3597049895225
            ],
            [
              21.5482332026082,
              43.3596714971938
            ],
            [
              21.5482526731062,
              43.3596690635901
            ],
            [
              21.5485456097087,
              43.3596483848278
            ],
            [
              21.5488698909577,
              43.3596831828803
            ],
            [
              21.5489940837852,
              43.35966529906
            ],
            [
              21.5491108732046,
              43.3596606836607
            ],
            [
              21.5491512255107,
              43.3596619288315
            ],
            [
              21.5491684170595,
              43.3596394313866
            ],
            [
              21.5494891372716,
              43.3595807195637
            ],
            [
              21.5500365919366,
              43.3594387244666
            ],
            [
              21.5506071943911,
              43.3592918429243
            ],
            [
              21.5509276262598,
              43.3592288972399
            ],
            [
              21.5511266516077,
              43.3591782425111
            ],
            [
              21.5516726030485,
              43.3589802559468
            ],
            [
              21.5522155852257,
              43.3587815616488
            ],
            [
              21.5524162740672,
              43.3587106428213
            ],
            [
              21.552732272843,
              43.3586355610172
            ],
            [
              21.5533163589591,
              43.3585077731598
            ],
            [
              21.5533826389079,
              43.3584978185645
            ],
            [
              21.5539602040865,
              43.3583452137539
            ],
            [
              21.554546176822,
              43.3581950865182
            ],
            [
              21.5546954401063,
              43.3581670817476
            ],
            [
              21.5553008488791,
              43.3581189331871
            ],
            [
              21.5556453915396,
              43.3581035639497
            ],
            [
              21.5558420288052,
              43.3580892763837
            ],
            [
              21.5560025468995,
              43.3580643640809
            ],
            [
              21.5563070191093,
              43.358024522519
            ],
            [
              21.5563516396849,
              43.358020432634
            ],
            [
              21.5569423010493,
              43.3579919643262
            ],
            [
              21.5569774531212,
              43.3579911619253
            ],
            [
              21.55704892637,
              43.3579556134368
            ],
            [
              21.5570983033088,
              43.3579321467221
            ],
            [
              21.5571983277143,
              43.3578890771727
            ],
            [
              21.5572993564712,
              43.3578478926862
            ],
            [
              21.5574391718833,
              43.3577718616484
            ],
            [
              21.5575788717829,
              43.3576967305515
            ],
            [
              21.5577322972275,
              43.3576117201459
            ],
            [
              21.5578023052962,
              43.3575779792299
            ],
            [
              21.5578735435673,
              43.3575439621352
            ],
            [
              21.557922630889,
              43.3575292281401
            ],
            [
              21.5579689068076,
              43.3575172974343
            ],
            [
              21.5580102653247,
              43.3575072825475
            ],
            [
              21.5580559332922,
              43.3574963452676
            ],
            [
              21.5580868560833,
              43.3574917821725
            ],
            [
              21.5581131049795,
              43.3574887726425
            ],
            [
              21.5581140806821,
              43.3574741850925
            ],
            [
              21.5582639513287,
              43.3574320383343
            ],
            [
              21.5588475298608,
              43.357304848704
            ],
            [
              21.559451901382,
              43.3572121181613
            ],
            [
              21.5597986277376,
              43.3571530647067
            ],
            [
              21.5604084401435,
              43.3571956869492
            ],
            [
              21.5606157797291,
              43.3572185147153
            ],
            [
              21.5612109296279,
              43.3572629154045
            ],
            [
              21.5618214571149,
              43.357289323903
            ],
            [
              21.5623700647513,
              43.3573298987578
            ],
            [
              21.5624167493744,
              43.3573356076607
            ],
            [
              21.5629970796446,
              43.3574711686555
            ],
            [
              21.5633177390558,
              43.3575945172487
            ],
            [
              21.5634139068085,
              43.3576282444309
            ],
            [
              21.5639987432213,
              43.3577569374157
            ],
            [
              21.5640955481738,
              43.3577529437338
            ],
            [
              21.5645854755329,
              43.3578370927989
            ],
            [
              21.564925758315,
              43.3578280107776
            ],
            [
              21.5651897283219,
              43.357824350114
            ],
            [
              21.5652328994769,
              43.3578235946911
            ],
            [
              21.5655335849972,
              43.3575235055366
            ],
            [
              21.5655748395037,
              43.3574892726276
            ],
            [
              21.5656062323806,
              43.3574689518024
            ],
            [
              21.5656708741006,
              43.3574291104508
            ],
            [
              21.5659834845609,
              43.3572969310621
            ],
            [
              21.5662173655962,
              43.3572155541127
            ],
            [
              21.5664150825719,
              43.3571719856003
            ],
            [
              21.5665714397715,
              43.3571645405969
            ],
            [
              21.5667477910152,
              43.3571713071547
            ],
            [
              21.5668346829,
              43.3571759118513
            ],
            [
              21.5669132787917,
              43.3571903707089
            ],
            [
              21.5669419575797,
              43.3571967081864
            ],
            [
              21.5669515141423,
              43.357176316045
            ],
            [
              21.5674102656098,
              43.3573170504664
            ],
            [
              21.5677210214973,
              43.357462126784
            ],
            [
              21.5678993715943,
              43.3575902253791
            ],
            [
              21.5680414239109,
              43.3576755678263
            ],
            [
              21.5682162807943,
              43.3577467019002
            ],
            [
              21.5685986406707,
              43.3579758534339
            ],
            [
              21.5690466353423,
              43.3582447309383
            ],
            [
              21.5694337355199,
              43.3584525226138
            ],
            [
              21.5698026148723,
              43.3586903806235
            ],
            [
              21.5701740847794,
              43.3589279552823
            ],
            [
              21.5705437093404,
              43.3591526650999
            ],
            [
              21.5707483459252,
              43.3592542529995
            ],
            [
              21.5710976839888,
              43.3593678026911
            ],
            [
              21.5716322088156,
              43.3595346068224
            ],
            [
              21.572092223099,
              43.3596492147428
            ],
            [
              21.5725488583528,
              43.3597843643739
            ],
            [
              21.5727955524119,
              43.3599620736503
            ],
            [
              21.5728547179924,
              43.3599824786483
            ],
            [
              21.5732668573372,
              43.3600033489076
            ],
            [
              21.5735013344928,
              43.3600368190548
            ],
            [
              21.5737465395828,
              43.3601217253071
            ],
            [
              21.5742929588813,
              43.360121567993
            ],
            [
              21.5747024226816,
              43.3602115803223
            ],
            [
              21.5751181647808,
              43.3603390075042
            ],
            [
              21.575511800788,
              43.360437829981
            ],
            [
              21.5756074519888,
              43.360441574424
            ],
            [
              21.5758555899618,
              43.3604190692834
            ],
            [
              21.5763319013857,
              43.3603374322644
            ],
            [
              21.5767948464057,
              43.3602384865007
            ],
            [
              21.5770277893253,
              43.3601750075601
            ],
            [
              21.5772374810078,
              43.3600927432648
            ],
            [
              21.5774542582739,
              43.3600030600234
            ],
            [
              21.5776849634653,
              43.3598732477228
            ],
            [
              21.5778609072822,
              43.3597063565081
            ],
            [
              21.578037759241,
              43.3595442310103
            ],
            [
              21.5781468260084,
              43.3594672486567
            ],
            [
              21.5784016555393,
              43.3591895005438
            ],
            [
              21.5786424185644,
              43.3588989510932
            ],
            [
              21.5789724428773,
              43.3586283795892
            ],
            [
              21.5793209229173,
              43.3583787760575
            ],
            [
              21.5794922272569,
              43.3582568247313
            ],
            [
              21.5798580280164,
              43.358012802819
            ],
            [
              21.5800679195774,
              43.3579139676223
            ],
            [
              21.5802895587161,
              43.3578568406987
            ],
            [
              21.5803222480714,
              43.3578307472817
            ],
            [
              21.5803493554462,
              43.3577368990202
            ],
            [
              21.5803912173217,
              43.3577410951921
            ],
            [
              21.5805328450458,
              43.3577541424573
            ],
            [
              21.5807495206138,
              43.3579773588614
            ],
            [
              21.5807854946171,
              43.3579850064955
            ],
            [
              21.5808412395935,
              43.3580345912068
            ],
            [
              21.5811161829065,
              43.358286853921
            ],
            [
              21.5811392084552,
              43.3583079803337
            ],
            [
              21.5813623022361,
              43.3585051471475
            ],
            [
              21.5814694171822,
              43.3585853441281
            ],
            [
              21.5817252524933,
              43.3587743297528
            ],
            [
              21.5819437362407,
              43.358953605318
            ],
            [
              21.5821300957465,
              43.3590891155421
            ],
            [
              21.5824583309408,
              43.3593528932967
            ],
            [
              21.5825625314694,
              43.3594376054296
            ],
            [
              21.5826503461021,
              43.3595118692879
            ],
            [
              21.5829010552013,
              43.3597316647301
            ],
            [
              21.5831404472623,
              43.3599291933744
            ],
            [
              21.5834834969626,
              43.3601289778061
            ],
            [
              21.5836436378508,
              43.3602188017245
            ],
            [
              21.5837917528069,
              43.3603025655491
            ],
            [
              21.5839392714207,
              43.3604011851373
            ],
            [
              21.5842241912884,
              43.3605983862754
            ],
            [
              21.5844360621165,
              43.3607302506223
            ],
            [
              21.5845434855563,
              43.3607904585394
            ],
            [
              21.5848474324643,
              43.361066866126
            ],
            [
              21.5852461457846,
              43.3611909218249
            ],
            [
              21.5856116614975,
              43.3615185855061
            ],
            [
              21.585883711277,
              43.3617492415202
            ],
            [
              21.5863590084422,
              43.3617286877406
            ],
            [
              21.5865851011121,
              43.3616843986362
            ],
            [
              21.586601614706,
              43.3616696402186
            ],
            [
              21.5869976805872,
              43.3617871309939
            ],
            [
              21.5871396474732,
              43.3618723609268
            ],
            [
              21.5872558153158,
              43.3619944515758
            ],
            [
              21.5874119419478,
              43.3620892396619
            ],
            [
              21.5875990522916,
              43.3622749649775
            ],
            [
              21.5878977504596,
              43.3625170905353
            ],
            [
              21.5879895214003,
              43.3626421881686
            ],
            [
              21.5881664130637,
              43.3627533412657
            ],
            [
              21.5883529702418,
              43.3628179046603
            ],
            [
              21.5883651131625,
              43.362823152139
            ],
            [
              21.588537053347,
              43.3629197473611
            ],
            [
              21.5886013069165,
              43.3630187929367
            ],
            [
              21.5886893176498,
              43.3633667920545
            ],
            [
              21.588759591313,
              43.3635267471215
            ],
            [
              21.5888291389039,
              43.3636117219047
            ],
            [
              21.5889822391264,
              43.3637119251902
            ],
            [
              21.5889995613205,
              43.3637169658378
            ],
            [
              21.5891207607675,
              43.3637337103446
            ],
            [
              21.5891366784347,
              43.3637338984841
            ],
            [
              21.5896228119719,
              43.3637098599135
            ],
            [
              21.5898219026007,
              43.3636923524102
            ],
            [
              21.5900039731394,
              43.3637137309031
            ],
            [
              21.590166912693,
              43.363772385558
            ],
            [
              21.5902665691214,
              43.3638195761351
            ],
            [
              21.5903463892388,
              43.3638568785396
            ],
            [
              21.5906451039884,
              43.3639465120677
            ],
            [
              21.5907200792406,
              43.3639931102515
            ],
            [
              21.59076137844,
              43.3640404244138
            ],
            [
              21.5907607309227,
              43.3640498797688
            ],
            [
              21.5907604945583,
              43.3641144233533
            ],
            [
              21.5906726962524,
              43.364284472751
            ],
            [
              21.590659231584,
              43.3644096668391
            ],
            [
              21.5906719940543,
              43.3645040282755
            ],
            [
              21.5907162128611,
              43.3645976860688
            ],
            [
              21.590807789342,
              43.3646765146422
            ],
            [
              21.5910039727841,
              43.3647656908457
            ],
            [
              21.5912266366326,
              43.3648373547658
            ],
            [
              21.5913470824072,
              43.3649158526681
            ],
            [
              21.5914207693278,
              43.3649946840995
            ],
            [
              21.5914448409111,
              43.3650464983906
            ],
            [
              21.5915190533356,
              43.3652172340211
            ],
            [
              21.5915863658784,
              43.3653256240172
            ],
            [
              21.5916841309268,
              43.3654314252167
            ],
            [
              21.5918613256546,
              43.3656228675596
            ],
            [
              21.591923301629,
              43.3657532496054
            ],
            [
              21.5920281474025,
              43.3658638735746
            ],
            [
              21.5924052051229,
              43.3660907304292
            ],
            [
              21.5926790363304,
              43.3663095730679
            ],
            [
              21.5926948633209,
              43.3663256036699
            ],
            [
              21.5927291896634,
              43.3663914070247
            ],
            [
              21.5927318506364,
              43.3663985040742
            ],
            [
              21.5928244275474,
              43.3667435064431
            ],
            [
              21.5928764357814,
              43.3668888825517
            ],
            [
              21.592900012311,
              43.366915134458
            ],
            [
              21.5930271949288,
              43.36706371894
            ],
            [
              21.5932508337966,
              43.3672719304004
            ],
            [
              21.5933027124471,
              43.3673659967343
            ],
            [
              21.5933051398989,
              43.3674376382056
            ],
            [
              21.5933080627418,
              43.3674462646436
            ],
            [
              21.5933505868226,
              43.3675300279299
            ],
            [
              21.5933592099401,
              43.3677053364631
            ],
            [
              21.593334870434,
              43.3678789259653
            ],
            [
              21.5933321277905,
              43.3678886623323
            ],
            [
              21.5932729028675,
              43.3680529834938
            ],
            [
              21.593272316688,
              43.3684097242418
            ],
            [
              21.5932869756773,
              43.368457806859
            ],
            [
              21.593371254893,
              43.3686979819307
            ],
            [
              21.5933767904656,
              43.3687720366663
            ],
            [
              21.5933755419987,
              43.368783115052
            ],
            [
              21.5932960064686,
              43.369167274282
            ],
            [
              21.5932570577608,
              43.3695252954054
            ],
            [
              21.5932288425473,
              43.369882988883
            ],
            [
              21.5931796716594,
              43.3702427702081
            ],
            [
              21.5931429262962,
              43.3703464807619
            ],
            [
              21.5931693195301,
              43.3706605902144
            ],
            [
              21.5931589968952,
              43.3708795632881
            ],
            [
              21.5931778765469,
              43.3710940636454
            ],
            [
              21.5933666306607,
              43.3714177660684
            ],
            [
              21.5933755459028,
              43.371433562287
            ],
            [
              21.593517062942,
              43.3716711854158
            ],
            [
              21.5935795882729,
              43.371780948725
            ],
            [
              21.5936825805381,
              43.3719023824409
            ],
            [
              21.5938074416418,
              43.3719888651045
            ],
            [
              21.5940620845288,
              43.3721474927468
            ],
            [
              21.5942164820152,
              43.3722131166433
            ],
            [
              21.5944207912794,
              43.3722594868843
            ],
            [
              21.594904704941,
              43.372266404678
            ],
            [
              21.595044108826,
              43.3722752160816
            ],
            [
              21.5954891973505,
              43.3724375228078
            ],
            [
              21.5957062116616,
              43.3725209104195
            ],
            [
              21.5958422130757,
              43.3725851890202
            ],
            [
              21.596160045825,
              43.3728569012751
            ],
            [
              21.5963099091275,
              43.3730006804819
            ],
            [
              21.5964361887997,
              43.3731554760948
            ],
            [
              21.5966066760467,
              43.3733885338395
            ],
            [
              21.5966250726772,
              43.3733769148456
            ],
            [
              21.5967469364226,
              43.3731579845151
            ],
            [
              21.5968197345991,
              43.3729691077098
            ],
            [
              21.5968997605946,
              43.3727873940057
            ],
            [
              21.5969757758416,
              43.372637026838
            ],
            [
              21.5971024898054,
              43.3725098876
            ],
            [
              21.5971851386456,
              43.3724192564477
            ],
            [
              21.5972538439973,
              43.3723035845755
            ],
            [
              21.5974214490564,
              43.3718931280549
            ],
            [
              21.5975148091636,
              43.3716873094894
            ],
            [
              21.5975387061721,
              43.3716579281956
            ],
            [
              21.5977477675519,
              43.3714851671849
            ],
            [
              21.597906213853,
              43.3712852166713
            ],
            [
              21.5979190667024,
              43.3712370799846
            ],
            [
              21.597902822676,
              43.37115399057
            ],
            [
              21.5977952795893,
              43.3709847850725
            ],
            [
              21.597763411717,
              43.3709064578266
            ],
            [
              21.5977654530787,
              43.3708506374151
            ],
            [
              21.5978056812346,
              43.3707129702148
            ],
            [
              21.5977920225814,
              43.3705665856037
            ],
            [
              21.5977200691604,
              43.3704526426505
            ],
            [
              21.597556973969,
              43.369917542158
            ],
            [
              21.597444635684,
              43.3697372002968
            ],
            [
              21.5973595323682,
              43.3696409700676
            ],
            [
              21.5972627662491,
              43.3695630743693
            ],
            [
              21.5970719740164,
              43.3692467671928
            ],
            [
              21.5969928952711,
              43.3690350128837
            ],
            [
              21.5969914196925,
              43.3689729085911
            ],
            [
              21.5969789480227,
              43.3688088733641
            ],
            [
              21.596950452415,
              43.3686339399082
            ],
            [
              21.5969759544128,
              43.3685671934551
            ],
            [
              21.5970980309016,
              43.3684209933497
            ],
            [
              21.5972312096456,
              43.3682244162985
            ],
            [
              21.597260599799,
              43.3681890643036
            ],
            [
              21.5973311789945,
              43.3681765414451
            ],
            [
              21.5974419502768,
              43.368198193097
            ],
            [
              21.5976542931549,
              43.3682970846879
            ],
            [
              21.5978374154881,
              43.3684609419782
            ],
            [
              21.5979132338196,
              43.3686043003359
            ],
            [
              21.5979662684308,
              43.3686269754734
            ],
            [
              21.5980475690325,
              43.3685878401049
            ],
            [
              21.5981216598051,
              43.3683681683509
            ],
            [
              21.5981557648905,
              43.3683230702321
            ],
            [
              21.5982365575859,
              43.3682699849423
            ],
            [
              21.5983147517063,
              43.3682539098967
            ],
            [
              21.5983488051892,
              43.3682160137726
            ],
            [
              21.5984637571979,
              43.3679983773152
            ],
            [
              21.5984817130213,
              43.3679548043192
            ],
            [
              21.5985033749154,
              43.3677741160071
            ],
            [
              21.5986179740463,
              43.3674707846785
            ],
            [
              21.5987204303353,
              43.3673375592189
            ],
            [
              21.5988094508796,
              43.3672432925685
            ],
            [
              21.5989677376021,
              43.3671410993381
            ],
            [
              21.5989873721792,
              43.3671052586175
            ],
            [
              21.5990497642192,
              43.3669634227925
            ],
            [
              21.5990899396722,
              43.3665710068162
            ],
            [
              21.5990716225331,
              43.3663777468081
            ],
            [
              21.5990358205985,
              43.3662383189307
            ],
            [
              21.5990391815706,
              43.366141262713
            ],
            [
              21.5990660870586,
              43.3660420121359
            ],
            [
              21.5991699207026,
              43.3658737632928
            ],
            [
              21.5992152240481,
              43.3657509208883
            ],
            [
              21.5992422891603,
              43.3655429285764
            ],
            [
              21.5992773439979,
              43.3653817933418
            ],
            [
              21.5992816479545,
              43.365305346128
            ],
            [
              21.599257311914,
              43.365202404714
            ],
            [
              21.5991943847617,
              43.3650524081498
            ],
            [
              21.5991787878335,
              43.3649347481195
            ],
            [
              21.599181101152,
              43.3648816257456
            ],
            [
              21.5992474619076,
              43.3647672245434
            ],
            [
              21.5995293500355,
              43.3644381649045
            ],
            [
              21.599840890377,
              43.3641509864798
            ],
            [
              21.5998769725239,
              43.3641190203957
            ],
            [
              21.5999248805425,
              43.3640602561459
            ],
            [
              21.5999423971938,
              43.363997511943
            ],
            [
              21.599945176711,
              43.3638793044717
            ],
            [
              21.5999645771468,
              43.3637949468169
            ],
            [
              21.6000116397818,
              43.3637130526348
            ],
            [
              21.6001239595586,
              43.3636175812291
            ],
            [
              21.6001442020349,
              43.3635061237192
            ],
            [
              21.6001821871554,
              43.3633798093368
            ],
            [
              21.6002008768739,
              43.3632860024536
            ],
            [
              21.6001771154719,
              43.3631788278757
            ],
            [
              21.600125402496,
              43.3630524466202
            ],
            [
              21.6000067954743,
              43.3628986932869
            ],
            [
              21.599964665714,
              43.3628055683772
            ],
            [
              21.59996732443,
              43.3627250786156
            ],
            [
              21.6000063917947,
              43.3625459184565
            ],
            [
              21.6000025520056,
              43.3623696856365
            ],
            [
              21.5999165695975,
              43.362108820111
            ],
            [
              21.5998837132997,
              43.3619302191196
            ],
            [
              21.5998406105352,
              43.3618633842578
            ],
            [
              21.599769016134,
              43.3617972390685
            ],
            [
              21.5995762174833,
              43.3616887959068
            ],
            [
              21.5994342532271,
              43.3615682018645
            ],
            [
              21.5993587898315,
              43.3615099979431
            ],
            [
              21.5992701466129,
              43.36147904939
            ],
            [
              21.5991352407439,
              43.3614484349784
            ],
            [
              21.5987653328282,
              43.3614331907403
            ],
            [
              21.5983449360519,
              43.3613775235721
            ],
            [
              21.5980831110396,
              43.3613626994037
            ],
            [
              21.5979996672735,
              43.3613334326268
            ],
            [
              21.5979404632564,
              43.3612725314463
            ],
            [
              21.5979028351816,
              43.3611849613946
            ],
            [
              21.5978485714931,
              43.3611369972026
            ],
            [
              21.5977306567108,
              43.3611026905138
            ],
            [
              21.5976425311884,
              43.3610614746712
            ],
            [
              21.597542675983,
              43.3610694719618
            ],
            [
              21.5974158080667,
              43.3610780604977
            ],
            [
              21.5973482952188,
              43.3610503290327
            ],
            [
              21.5972965457592,
              43.3610071229253
            ],
            [
              21.5971456084374,
              43.3608265291347
            ],
            [
              21.5971167242955,
              43.3607748311793
            ],
            [
              21.5970732472237,
              43.3606319299661
            ],
            [
              21.5970479693218,
              43.3605706702037
            ],
            [
              21.5969964484416,
              43.3605003673458
            ],
            [
              21.5969257317112,
              43.360171811357
            ],
            [
              21.5968368340099,
              43.3599891815536
            ],
            [
              21.5968126264882,
              43.3599614029556
            ],
            [
              21.596751054036,
              43.3599353518865
            ],
            [
              21.5963255751314,
              43.35975052893
            ],
            [
              21.5962188219483,
              43.3596840263366
            ],
            [
              21.5961563991208,
              43.3596216111295
            ],
            [
              21.5961129231224,
              43.3595286709492
            ],
            [
              21.5960283996325,
              43.3593136105209
            ],
            [
              21.5960024642941,
              43.3592731480172
            ],
            [
              21.5959450817206,
              43.3592340217607
            ],
            [
              21.5959029877994,
              43.3592189388567
            ],
            [
              21.5958776159891,
              43.359210700473
            ],
            [
              21.5958043400531,
              43.3592114451108
            ],
            [
              21.5956401154693,
              43.3592348117618
            ],
            [
              21.5954508523322,
              43.3591833245148
            ],
            [
              21.5950934733735,
              43.3591735859387
            ],
            [
              21.5948745036286,
              43.3591371961651
            ],
            [
              21.5947456112007,
              43.3590648670755
            ],
            [
              21.5946218243313,
              43.3589467810673
            ],
            [
              21.5944841596276,
              43.358797351277
            ],
            [
              21.5943217126532,
              43.3585737864262
            ],
            [
              21.5941855453692,
              43.3583502639952
            ],
            [
              21.5941626023733,
              43.3582371408483
            ],
            [
              21.5941602900379,
              43.3581143684525
            ],
            [
              21.5941978583001,
              43.3580074997074
            ],
            [
              21.5943168609866,
              43.3578008242726
            ],
            [
              21.5943939652476,
              43.3576369469339
            ],
            [
              21.5944296212894,
              43.3575741974718
            ],
            [
              21.5945680592411,
              43.3573998270303
            ],
            [
              21.5947564476167,
              43.3571989089375
            ],
            [
              21.5949769443284,
              43.3569763981942
            ],
            [
              21.5952247240498,
              43.3567181862649
            ],
            [
              21.5954280307953,
              43.356504226526
            ],
            [
              21.5956069195991,
              43.3563291021243
            ],
            [
              21.5957276254819,
              43.3561334882288
            ],
            [
              21.5958001763325,
              43.3559587417737
            ],
            [
              21.5958410011865,
              43.355807026585
            ],
            [
              21.595846865203,
              43.3557131961606
            ],
            [
              21.5958314289897,
              43.3555858115807
            ],
            [
              21.5957919972495,
              43.3554897886115
            ],
            [
              21.5957383105096,
              43.3554119344244
            ],
            [
              21.5955877257119,
              43.3552779672604
            ],
            [
              21.5955284731936,
              43.3552111247453
            ],
            [
              21.5954682293918,
              43.3550810037282
            ],
            [
              21.5954171755504,
              43.3549067262841
            ],
            [
              21.5954053251479,
              43.3548053369643
            ],
            [
              21.5955308875892,
              43.3544511754915
            ],
            [
              21.5956366324156,
              43.3540260040143
            ],
            [
              21.5954818928762,
              43.3536942879158
            ],
            [
              21.5952908625329,
              43.3532846257074
            ],
            [
              21.5952730232795,
              43.3532516828358
            ],
            [
              21.595216060607,
              43.3531917589821
            ],
            [
              21.5951548006236,
              43.3530835185831
            ],
            [
              21.595140356851,
              43.3529565780107
            ],
            [
              21.5950829284474,
              43.3528489479455
            ],
            [
              21.5949251128668,
              43.3527440038677
            ],
            [
              21.5948629101654,
              43.3526779867278
            ],
            [
              21.5948124012317,
              43.3524706703766
            ],
            [
              21.5947525722759,
              43.3523950987538
            ],
            [
              21.5947061635322,
              43.3523293586702
            ],
            [
              21.5946831697878,
              43.3522360402816
            ],
            [
              21.594705768066,
              43.3520873025127
            ],
            [
              21.5946365182337,
              43.3517926758701
            ],
            [
              21.5946429680255,
              43.3516577053087
            ],
            [
              21.5946748319228,
              43.3515356537357
            ],
            [
              21.5946630191972,
              43.3514755839622
            ],
            [
              21.594571256787,
              43.3513257344045
            ],
            [
              21.5945267999601,
              43.3510939013582
            ],
            [
              21.5946228347271,
              43.3508736633091
            ],
            [
              21.5946417306254,
              43.3507122520128
            ],
            [
              21.5946100814321,
              43.3505663184213
            ],
            [
              21.5945433914193,
              43.3504574764584
            ],
            [
              21.5945366128252,
              43.3503824366089
            ],
            [
              21.5945854081931,
              43.3501502042937
            ],
            [
              21.5945730807172,
              43.3500627715698
            ],
            [
              21.5945485193655,
              43.3500108703012
            ],
            [
              21.5942734688995,
              43.3496729441713
            ],
            [
              21.5942137966347,
              43.3496004320464
            ],
            [
              21.5941358040933,
              43.3493193544562
            ],
            [
              21.5941135323105,
              43.3491862448239
            ],
            [
              21.5941446133599,
              43.3489840815823
            ],
            [
              21.5941928503128,
              43.3488839088318
            ],
            [
              21.5942102624206,
              43.3488102722266
            ],
            [
              21.594173973751,
              43.3486690440144
            ],
            [
              21.594168466063,
              43.3486103812247
            ],
            [
              21.5941725532576,
              43.3484103400816
            ],
            [
              21.594153509628,
              43.3483423865189
            ],
            [
              21.5941211363013,
              43.3482988071745
            ],
            [
              21.5940625775604,
              43.3482642774017
            ],
            [
              21.59401093416,
              43.3482556356715
            ],
            [
              21.5939500380723,
              43.3482596455844
            ],
            [
              21.5939146212767,
              43.3482706340193
            ],
            [
              21.5937785333495,
              43.3483681166172
            ],
            [
              21.5935853457493,
              43.3485046058089
            ],
            [
              21.5935262206691,
              43.3485635167147
            ],
            [
              21.5934195855251,
              43.3486961320097
            ],
            [
              21.5933626277204,
              43.3487370279649
            ],
            [
              21.5933160272399,
              43.3487397027411
            ],
            [
              21.5932764207761,
              43.3487259575106
            ],
            [
              21.5931504327018,
              43.3485819580132
            ],
            [
              21.5930418925505,
              43.348304820841
            ],
            [
              21.5929827429169,
              43.3482095311334
            ],
            [
              21.592922030338,
              43.3481564680509
            ],
            [
              21.5926351688844,
              43.3479337343877
            ],
            [
              21.5925593900141,
              43.3477269097831
            ],
            [
              21.5924932830702,
              43.3476391287029
            ],
            [
              21.5924051053085,
              43.3475774768435
            ],
            [
              21.5923281128601,
              43.3474991140405
            ],
            [
              21.5922299540204,
              43.3473499277368
            ],
            [
              21.5920937211223,
              43.3470781556132
            ],
            [
              21.5919970455541,
              43.3468911541663
            ],
            [
              21.5919061041782,
              43.3467863089572
            ],
            [
              21.5918015522868,
              43.3467022381806
            ],
            [
              21.5916390484816,
              43.3466076679919
            ],
            [
              21.5915678318348,
              43.3465522290927
            ],
            [
              21.5914584868741,
              43.346419304483
            ],
            [
              21.5913145706493,
              43.3462700865497
            ],
            [
              21.5912871534575,
              43.3462284608541
            ],
            [
              21.5912185258451,
              43.346045993357
            ],
            [
              21.5911819743695,
              43.3460163881562
            ],
            [
              21.5911315193576,
              43.3459903665664
            ],
            [
              21.591067938102,
              43.3459716146027
            ],
            [
              21.5908199840987,
              43.3459302404655
            ],
            [
              21.5907654979554,
              43.345908110579
            ],
            [
              21.5904983842022,
              43.3457481921088
            ],
            [
              21.5903808320058,
              43.3456968645243
            ],
            [
              21.5900603189407,
              43.3454995070414
            ],
            [
              21.5900238206626,
              43.3454753021015
            ],
            [
              21.5898569231696,
              43.3452958664444
            ],
            [
              21.5895699519906,
              43.3450084947097
            ],
            [
              21.5894267723628,
              43.3448453189626
            ],
            [
              21.5893124632664,
              43.3447592269241
            ],
            [
              21.589255841042,
              43.3446694140567
            ],
            [
              21.589127437141,
              43.3444651120001
            ],
            [
              21.589055429207,
              43.3443657470466
            ],
            [
              21.5889704209171,
              43.3442483562148
            ],
            [
              21.5889251072116,
              43.3442053831736
            ],
            [
              21.5888301813488,
              43.3441467347538
            ],
            [
              21.5887783201547,
              43.3440898428608
            ],
            [
              21.5887602493163,
              43.344032415922
            ],
            [
              21.5887385045646,
              43.3439649255317
            ],
            [
              21.5887531101573,
              43.3439066073179
            ],
            [
              21.5887383148763,
              43.3438561843355
            ],
            [
              21.588681159114,
              43.343762052646
            ],
            [
              21.5886172353007,
              43.3436567037112
            ],
            [
              21.5884975854,
              43.34352851068
            ],
            [
              21.5884681399912,
              43.3434681716251
            ],
            [
              21.5884010937638,
              43.3433206200372
            ],
            [
              21.5883588385873,
              43.3433004061613
            ],
            [
              21.5883145933728,
              43.3432784016022
            ],
            [
              21.5882167416921,
              43.3432612659436
            ],
            [
              21.5880263951434,
              43.3432708062402
            ],
            [
              21.587905126071,
              43.3432555024691
            ],
            [
              21.5877974175766,
              43.3432268057894
            ],
            [
              21.587607660193,
              43.3431696386766
            ],
            [
              21.5875818747773,
              43.3431688725003
            ],
            [
              21.5875818970806,
              43.3431585207892
            ],
            [
              21.5875854459495,
              43.343130056377
            ],
            [
              21.5875751733893,
              43.3431008543658
            ],
            [
              21.5874586257197,
              43.3428976582499
            ],
            [
              21.5874760371414,
              43.3427975583061
            ],
            [
              21.5874809210293,
              43.3427669268533
            ],
            [
              21.5874777258423,
              43.3427426391633
            ],
            [
              21.5874725309708,
              43.342728353161
            ],
            [
              21.5874483310524,
              43.34267473758
            ],
            [
              21.5874378657106,
              43.3426511175464
            ],
            [
              21.5874066992357,
              43.3425656725379
            ],
            [
              21.58743615161,
              43.3424481365283
            ],
            [
              21.5874590496385,
              43.3422904866148
            ],
            [
              21.5873496922649,
              43.3421292018913
            ],
            [
              21.5873308311746,
              43.3420918525448
            ],
            [
              21.5873055703009,
              43.3420431939624
            ],
            [
              21.5872983835953,
              43.3420142453098
            ],
            [
              21.5872904263269,
              43.3419821499311
            ],
            [
              21.5872822240783,
              43.3419502368005
            ],
            [
              21.5872784327194,
              43.3418514163292
            ],
            [
              21.5872600442003,
              43.3417992115829
            ],
            [
              21.5872160525838,
              43.3417649627413
            ],
            [
              21.5871687153851,
              43.3417292011898
            ],
            [
              21.587081229079,
              43.3416868968246
            ],
            [
              21.5870400825059,
              43.3416535337629
            ],
            [
              21.5870284250264,
              43.3416085853907
            ],
            [
              21.5870118394273,
              43.341538726986
            ],
            [
              21.5869638955863,
              43.3414144810146
            ],
            [
              21.5869034917218,
              43.341149512337
            ],
            [
              21.5868186359596,
              43.3409962018079
            ],
            [
              21.5868130123488,
              43.3409757966956
            ],
            [
              21.586792942134,
              43.3409026262568
            ],
            [
              21.5867382650104,
              43.3407196340889
            ],
            [
              21.5867036024362,
              43.3406552710776
            ],
            [
              21.5867094414808,
              43.3406339967504
            ],
            [
              21.5867492925349,
              43.340520367724
            ],
            [
              21.5867767631206,
              43.3403252464181
            ],
            [
              21.5867545848294,
              43.3402636098699
            ],
            [
              21.5867351938725,
              43.3402096993071
            ],
            [
              21.5867143107212,
              43.3401033162224
            ],
            [
              21.5866834544984,
              43.3400243508432
            ],
            [
              21.5866741001835,
              43.3400007250292
            ],
            [
              21.5866886130342,
              43.339958160931
            ],
            [
              21.5866799059335,
              43.339848384602
            ],
            [
              21.5866951950334,
              43.3397839427264
            ],
            [
              21.5866832439254,
              43.3396574400197
            ],
            [
              21.5866556329373,
              43.3395695453002
            ],
            [
              21.5865917037308,
              43.3394629354457
            ],
            [
              21.5865873858411,
              43.3393861732951
            ],
            [
              21.5865362467389,
              43.339326756264
            ],
            [
              21.5864661143447,
              43.3392803103739
            ],
            [
              21.5864455203095,
              43.3391782470122
            ],
            [
              21.5864353700637,
              43.3391232994085
            ],
            [
              21.586376883793,
              43.3389926266338
            ],
            [
              21.5864200454327,
              43.3389793505773
            ],
            [
              21.5866319151067,
              43.338849886526
            ],
            [
              21.5865708838423,
              43.3386472131906
            ],
            [
              21.5865116399325,
              43.3385275262814
            ],
            [
              21.586468144087,
              43.3384038875422
            ],
            [
              21.5863928525795,
              43.3382314433812
            ],
            [
              21.5862544122647,
              43.3380842618134
            ],
            [
              21.5861528677723,
              43.3379263574939
            ],
            [
              21.585765774828,
              43.3376235616733
            ],
            [
              21.5857407578834,
              43.3376254916021
            ],
            [
              21.5857276003729,
              43.3375656086312
            ],
            [
              21.585719768025,
              43.3375078576734
            ],
            [
              21.5857167461394,
              43.3374758269296
            ],
            [
              21.585717743141,
              43.3374513367077
            ],
            [
              21.5857650605301,
              43.3374086038067
            ],
            [
              21.5857789664156,
              43.3373925981712
            ],
            [
              21.5857859962851,
              43.3373669965064
            ],
            [
              21.5857646344797,
              43.3371979639289
            ],
            [
              21.5857568267529,
              43.3371556060876
            ],
            [
              21.5856853794033,
              43.3370490350832
            ],
            [
              21.5856690399692,
              43.3370300363536
            ],
            [
              21.5856113648527,
              43.3369832559922
            ],
            [
              21.5856021697292,
              43.3369761021498
            ],
            [
              21.5855885152638,
              43.3369542082114
            ],
            [
              21.5855997622722,
              43.3368798857636
            ],
            [
              21.5856415506942,
              43.3367241185337
            ],
            [
              21.5856462348701,
              43.3366598220104
            ],
            [
              21.5856221502905,
              43.3366561652306
            ],
            [
              21.5856000992899,
              43.3366330554512
            ],
            [
              21.5855697276055,
              43.3366040470787
            ],
            [
              21.585563228701,
              43.3365951685677
            ],
            [
              21.5855683701826,
              43.3365656163882
            ],
            [
              21.5855796169834,
              43.3365039858246
            ],
            [
              21.5856589452187,
              43.3364045559175
            ],
            [
              21.5856623755988,
              43.3363765423645
            ],
            [
              21.5856540355464,
              43.3363557918073
            ],
            [
              21.5856043040377,
              43.3363014078549
            ],
            [
              21.5855942893089,
              43.3362859767401
            ],
            [
              21.5855833906827,
              43.3362300414652
            ],
            [
              21.5856471535873,
              43.3361279907951
            ],
            [
              21.5857061188357,
              43.3359633120261
            ],
            [
              21.5858115787127,
              43.3356964025566
            ],
            [
              21.5858044713124,
              43.3356116414797
            ],
            [
              21.5857324152453,
              43.3355442316027
            ],
            [
              21.5857134342291,
              43.3355197545379
            ],
            [
              21.5856694123574,
              43.3354692124145
            ],
            [
              21.5856664739614,
              43.3354074752776
            ],
            [
              21.5856676282046,
              43.3353608393951
            ],
            [
              21.5856927336078,
              43.3352146996364
            ],
            [
              21.585694268192,
              43.3351308847893
            ],
            [
              21.585700565802,
              43.3350677496727
            ],
            [
              21.5857048270505,
              43.3350491839155
            ],
            [
              21.5857275218679,
              43.3350239513493
            ],
            [
              21.5858139674243,
              43.3349339351188
            ],
            [
              21.5857852197206,
              43.3348814238482
            ],
            [
              21.5857756168864,
              43.3348576182207
            ],
            [
              21.5857787359126,
              43.3348357275332
            ],
            [
              21.5857895375184,
              43.3348176685467
            ],
            [
              21.5858458878578,
              43.3347143959725
            ],
            [
              21.5858913417736,
              43.3346194606572
            ],
            [
              21.5858978739559,
              43.3346062841777
            ],
            [
              21.585909573162,
              43.3345789486127
            ],
            [
              21.5858881054439,
              43.3345524141691
            ],
            [
              21.5858365342609,
              43.334537377831
            ],
            [
              21.5858204663917,
              43.3345208980924
            ],
            [
              21.5858052160462,
              43.3343718169975
            ],
            [
              21.5857798736212,
              43.334314335785
            ],
            [
              21.5857191731023,
              43.3342605492134
            ],
            [
              21.5856439969464,
              43.3342274517127
            ],
            [
              21.5856261694262,
              43.3342075601333
            ],
            [
              21.5856333228772,
              43.334169174994
            ],
            [
              21.5856525658295,
              43.3341313582676
            ],
            [
              21.5857207037835,
              43.3340483684285
            ],
            [
              21.5857020493855,
              43.3339426930912
            ],
            [
              21.5857513629277,
              43.333825954283
            ],
            [
              21.5856910078895,
              43.3337695555075
            ],
            [
              21.5856366603842,
              43.3337223970082
            ],
            [
              21.5856104482152,
              43.333689766419
            ],
            [
              21.5855886615955,
              43.3336556724394
            ],
            [
              21.585588331556,
              43.3335446815247
            ],
            [
              21.5855537550861,
              43.3335398187107
            ],
            [
              21.5855159293021,
              43.3334410849295
            ],
            [
              21.5855053850351,
              43.3334090026212
            ],
            [
              21.5854762868757,
              43.3333200354878
            ],
            [
              21.5854958537397,
              43.3332518799423
            ],
            [
              21.5854625333334,
              43.3331470008905
            ],
            [
              21.585505069115,
              43.3331331880999
            ],
            [
              21.5854827821346,
              43.3330087181278
            ],
            [
              21.5855139835641,
              43.3329449143398
            ],
            [
              21.5855354866542,
              43.3328728778207
            ],
            [
              21.5855306026112,
              43.3328522887388
            ],
            [
              21.5854203627239,
              43.3326869561691
            ],
            [
              21.5854244072383,
              43.3324795330663
            ],
            [
              21.5854736729038,
              43.3323707158851
            ],
            [
              21.5854478096204,
              43.3322847018654
            ],
            [
              21.5854047917162,
              43.3321715918443
            ],
            [
              21.5854088360809,
              43.3320539169534
            ],
            [
              21.5854246392791,
              43.3318894609269
            ],
            [
              21.5855370906499,
              43.3317343178889
            ],
            [
              21.5855855540042,
              43.3316703347484
            ],
            [
              21.5856366287901,
              43.3315957146608
            ],
            [
              21.5856530021703,
              43.3314777064841
            ],
            [
              21.5857155938524,
              43.3314722515787
            ],
            [
              21.585795083849,
              43.3314287208431
            ],
            [
              21.5858837658164,
              43.331391984615
            ],
            [
              21.5859205039899,
              43.3313526365785
            ],
            [
              21.5859499511469,
              43.3313115258754
            ],
            [
              21.5859870848128,
              43.3312620033631
            ],
            [
              21.5859931414132,
              43.3312507193601
            ],
            [
              21.5860414656759,
              43.3312362463914
            ],
            [
              21.586139087483,
              43.3312187275678
            ],
            [
              21.586179907517,
              43.3311807083088
            ],
            [
              21.5862256538816,
              43.3310907229016
            ],
            [
              21.5862833080938,
              43.3310208403009
            ],
            [
              21.5863372509564,
              43.3309497169615
            ],
            [
              21.5864137383599,
              43.330889097963
            ],
            [
              21.5864884991489,
              43.3308157058225
            ],
            [
              21.5865401503648,
              43.3307372122145
            ],
            [
              21.5865867395273,
              43.3306581151265
            ],
            [
              21.5866706707576,
              43.3306021383363
            ],
            [
              21.5867590443707,
              43.3305338069765
            ],
            [
              21.5869356596091,
              43.3305238890328
            ],
            [
              21.5870881128622,
              43.3303871713473
            ],
            [
              21.5871308124597,
              43.3303395099395
            ],
            [
              21.5871669415213,
              43.3303009750317
            ],
            [
              21.5871834960163,
              43.3302658713867
            ],
            [
              21.5871984591277,
              43.3301808169175
            ],
            [
              21.5871750100571,
              43.3301661752586
            ],
            [
              21.5872337992804,
              43.3300990768491
            ],
            [
              21.5872672904146,
              43.3300682966557
            ],
            [
              21.587311503589,
              43.3300241382769
            ],
            [
              21.5873111658274,
              43.3299892131983
            ],
            [
              21.5872908898858,
              43.3299455696515
            ],
            [
              21.5872460086263,
              43.3298950324969
            ],
            [
              21.58715449261,
              43.3298678710061
            ],
            [
              21.5871746421894,
              43.3298091651103
            ],
            [
              21.5870918143538,
              43.3295962511052
            ],
            [
              21.5870734146075,
              43.3295680811953
            ],
            [
              21.5870690390621,
              43.3295618923216
            ],
            [
              21.5870356120796,
              43.3295227275527
            ],
            [
              21.5869541762259,
              43.3294282709457
            ],
            [
              21.5869562715807,
              43.3293771297028
            ],
            [
              21.5869047384966,
              43.3293401288556
            ],
            [
              21.5868130238662,
              43.3292666100239
            ],
            [
              21.5868085501578,
              43.3292630320603
            ],
            [
              21.586725282474,
              43.329196039533
            ],
            [
              21.5865469416981,
              43.3290523944324
            ],
            [
              21.5864489400298,
              43.3289662147428
            ],
            [
              21.5863753149686,
              43.3289015127952
            ],
            [
              21.5860518825501,
              43.3286602279392
            ],
            [
              21.586040740756,
              43.3286429125637
            ],
            [
              21.5860754886318,
              43.3285635161465
            ],
            [
              21.5861541490632,
              43.3283833427457
            ],
            [
              21.5861867289046,
              43.3282965763777
            ],
            [
              21.5862623873713,
              43.3281503546048
            ],
            [
              21.5863535761529,
              43.3278756879822
            ],
            [
              21.5863805238214,
              43.3278058744665
            ],
            [
              21.5864616114215,
              43.3275962543324
            ],
            [
              21.586522593558,
              43.3273349782119
            ],
            [
              21.5865511586206,
              43.3271134765907
            ],
            [
              21.5865562044692,
              43.3270741134566
            ],
            [
              21.5865550877196,
              43.3268562767126
            ],
            [
              21.5865243728361,
              43.3267912629234
            ],
            [
              21.5865083574502,
              43.3266650517897
            ],
            [
              21.5864630728636,
              43.3264702185102
            ],
            [
              21.5864611650159,
              43.3262852424893
            ],
            [
              21.5864771169134,
              43.3262516736857
            ],
            [
              21.5864985653951,
              43.3260338103461
            ],
            [
              21.5864895912068,
              43.325896130013
            ],
            [
              21.5864803200908,
              43.3258680923693
            ],
            [
              21.5864772284442,
              43.3258544258125
            ],
            [
              21.5864567366601,
              43.3257626241704
            ],
            [
              21.5863960098273,
              43.3256414155565
            ],
            [
              21.5863377066141,
              43.3255156931097
            ],
            [
              21.5862740015886,
              43.3253924286469
            ],
            [
              21.5862136044401,
              43.3252670770462
            ],
            [
              21.5861615132377,
              43.3251460932719
            ],
            [
              21.5861036754038,
              43.3250174886546
            ],
            [
              21.5859933119126,
              43.3247739327184
            ],
            [
              21.5859165972265,
              43.3246057272534
            ],
            [
              21.585745934401,
              43.3242848877351
            ],
            [
              21.5857494413238,
              43.3240475836713
            ],
            [
              21.5857772470693,
              43.3240285362139
            ],
            [
              21.5857383767597,
              43.3240125342949
            ],
            [
              21.5857479947334,
              43.3239870093653
            ],
            [
              21.5857907630601,
              43.3239084732523
            ],
            [
              21.5858348474742,
              43.3238512639627
            ],
            [
              21.5858523742002,
              43.3238275885699
            ],
            [
              21.5859277721861,
              43.3237698568634
            ],
            [
              21.5859854796165,
              43.3237061862953
            ],
            [
              21.5860218811945,
              43.3236578380516
            ],
            [
              21.5860628495514,
              43.3235844418484
            ],
            [
              21.586086726653,
              43.3235416496337
            ],
            [
              21.5861229705558,
              43.3234769192842
            ],
            [
              21.5861470899124,
              43.3234336764876
            ],
            [
              21.5861857168169,
              43.3233603822825
            ],
            [
              21.5862365720378,
              43.3232766719544
            ],
            [
              21.5863404145581,
              43.3231511898021
            ],
            [
              21.5864040905843,
              43.323092798403
            ],
            [
              21.5865237135365,
              43.3229799270896
            ],
            [
              21.5865664055042,
              43.3229447785988
            ],
            [
              21.5865701806833,
              43.322939898581
            ],
            [
              21.586601598014,
              43.3228990476856
            ],
            [
              21.5866870693419,
              43.322812097162
            ],
            [
              21.5867442281052,
              43.3227555399107
            ],
            [
              21.5868064445664,
              43.3226992268187
            ],
            [
              21.5868822485697,
              43.322619977813
            ],
            [
              21.5869151012684,
              43.3225745289434
            ],
            [
              21.5869581947201,
              43.3225042712945
            ],
            [
              21.5870019557414,
              43.3224266291706
            ],
            [
              21.5870487111714,
              43.3223525725806
            ],
            [
              21.5870678323347,
              43.3223153864853
            ],
            [
              21.5871353070916,
              43.3222035043368
            ],
            [
              21.5871878770976,
              43.3221187951674
            ],
            [
              21.5872441030291,
              43.3220296558713
            ],
            [
              21.5873015117703,
              43.3219352896328
            ],
            [
              21.5873324878785,
              43.3218871489083
            ],
            [
              21.5873720910117,
              43.3218258217259
            ],
            [
              21.5874071599947,
              43.3217673983721
            ],
            [
              21.5874452143805,
              43.3217117501851
            ],
            [
              21.587487598601,
              43.3216576096189
            ],
            [
              21.5875290086469,
              43.3216046437321
            ],
            [
              21.587587564653,
              43.3215142325537
            ],
            [
              21.5876139063905,
              43.3214714273443
            ],
            [
              21.5876388897791,
              43.3214284490164
            ],
            [
              21.5876668520185,
              43.3213874354789
            ],
            [
              21.587693912775,
              43.3213424663634
            ],
            [
              21.5877170464357,
              43.3213121903417
            ],
            [
              21.5877444884862,
              43.3212556069809
            ],
            [
              21.587783851687,
              43.321182397572
            ],
            [
              21.5878183085872,
              43.3211117346391
            ],
            [
              21.587859406144,
              43.3210137627678
            ],
            [
              21.5879058135732,
              43.3209167522872
            ],
            [
              21.5880487028961,
              43.3206350648065
            ],
            [
              21.5881256320783,
              43.3204813649031
            ],
            [
              21.5881903446522,
              43.3203520328668
            ],
            [
              21.5882047867603,
              43.3203282829175
            ],
            [
              21.5883733877587,
              43.3200028023818
            ],
            [
              21.5886365390001,
              43.3200958620583
            ],
            [
              21.5887333171273,
              43.319916763079
            ],
            [
              21.5889951356209,
              43.3200250419896
            ],
            [
              21.5890921750414,
              43.3198860008308
            ],
            [
              21.5892422297867,
              43.3196834915969
            ],
            [
              21.5893208686078,
              43.3195925267127
            ],
            [
              21.5894374214501,
              43.319622347116
            ],
            [
              21.5894643781758,
              43.3196304887827
            ],
            [
              21.5896200085253,
              43.3196725275843
            ],
            [
              21.5898020918151,
              43.319721721658
            ],
            [
              21.5898498022894,
              43.3197340756977
            ],
            [
              21.5899573117315,
              43.3197595317754
            ],
            [
              21.5901476988055,
              43.3198004000753
            ],
            [
              21.5902599394811,
              43.3196401250825
            ],
            [
              21.5903681857317,
              43.3192851704564
            ],
            [
              21.5905041511689,
              43.3189661682726
            ],
            [
              21.5905111060876,
              43.3188826871279
            ],
            [
              21.5905867718218,
              43.3186892999583
            ],
            [
              21.5906452505654,
              43.318516166296
            ],
            [
              21.5907953168321,
              43.3182023108506
            ],
            [
              21.5909010728415,
              43.3180226296399
            ],
            [
              21.5907973074741,
              43.3179762717266
            ],
            [
              21.5906919469644,
              43.317943334248
            ],
            [
              21.5905738824526,
              43.3178972300683
            ],
            [
              21.5904950495617,
              43.3178664948168
            ],
            [
              21.5907914992583,
              43.3174684337549
            ],
            [
              21.5910414299091,
              43.317155319097
            ],
            [
              21.5913036332723,
              43.3168494323249
            ],
            [
              21.5916057506593,
              43.3165027396266
            ],
            [
              21.5916072845927,
              43.3164830180059
            ],
            [
              21.591499721505,
              43.316489519127
            ],
            [
              21.5913924041502,
              43.3164959288308
            ],
            [
              21.591393713353,
              43.3164784595152
            ],
            [
              21.5915440985791,
              43.3161350771747
            ],
            [
              21.5916947518322,
              43.3157939443712
            ],
            [
              21.5918315354375,
              43.315446762716
            ],
            [
              21.5919200562208,
              43.3152451174863
            ],
            [
              21.5917985491011,
              43.3152120844771
            ],
            [
              21.5916565225337,
              43.3151733972646
            ],
            [
              21.5917659066015,
              43.3149873959041
            ],
            [
              21.5917923147807,
              43.3149521522772
            ],
            [
              21.5919508201695,
              43.3146708389853
            ],
            [
              21.5921287592172,
              43.31433469421
            ],
            [
              21.5922774096801,
              43.3140418200684
            ],
            [
              21.5926253335915,
              43.3141336239621
            ],
            [
              21.5927860850472,
              43.3137927083252
            ],
            [
              21.5929286169875,
              43.3134670992075
            ],
            [
              21.5930888805505,
              43.3131270860938
            ],
            [
              21.5931667719811,
              43.3129612322644
            ],
            [
              21.5934454137356,
              43.3130534848072
            ],
            [
              21.5935798656655,
              43.3130995910686
            ],
            [
              21.5938213709953,
              43.3127855278434
            ],
            [
              21.5940712812142,
              43.312448917124
            ],
            [
              21.5943386887709,
              43.312074048159
            ],
            [
              21.5941381747181,
              43.3120164953769
            ],
            [
              21.5943546845976,
              43.3116936507864
            ],
            [
              21.5945064558165,
              43.3114570188568
            ],
            [
              21.594000315591,
              43.311257215881
            ],
            [
              21.5939857027491,
              43.3112504509972
            ],
            [
              21.5940914775851,
              43.3111002015742
            ],
            [
              21.59411131676,
              43.3110743535609
            ],
            [
              21.5941326534556,
              43.3110502077332
            ],
            [
              21.5942671650228,
              43.3109016088818
            ],
            [
              21.5943416186311,
              43.3108259663313
            ],
            [
              21.5944140595902,
              43.3107587957857
            ],
            [
              21.5944818261076,
              43.310692549946
            ],
            [
              21.5945591924916,
              43.3106123015823
            ],
            [
              21.5946922587669,
              43.3104673106617
            ],
            [
              21.5947980989798,
              43.3103618885824
            ],
            [
              21.5948674074813,
              43.3103021159817
            ],
            [
              21.59496212508,
              43.3102314984332
            ],
            [
              21.5950971862873,
              43.310139245434
            ],
            [
              21.5951322100185,
              43.3101156585238
            ],
            [
              21.5952603530273,
              43.3100345142481
            ],
            [
              21.5952815248806,
              43.3100188306558
            ],
            [
              21.5954324244768,
              43.3098951697233
            ],
            [
              21.5955623429388,
              43.3098191466689
            ],
            [
              21.5955986485398,
              43.3098005936994
            ],
            [
              21.5956347092745,
              43.3097822220849
            ],
            [
              21.5957721520925,
              43.3097193918255
            ],
            [
              21.596100744368,
              43.3095896690032
            ],
            [
              21.5962058653719,
              43.309549331701
            ],
            [
              21.5965414523691,
              43.3094292033402
            ],
            [
              21.596532450424,
              43.3094162882077
            ],
            [
              21.5964807329551,
              43.3093341949023
            ],
            [
              21.5964287646147,
              43.3092516517514
            ],
            [
              21.5963921857051,
              43.3091922529268
            ],
            [
              21.5963780223835,
              43.3091683827172
            ],
            [
              21.596328260177,
              43.3090845682754
            ],
            [
              21.5965824199666,
              43.3089449722854
            ],
            [
              21.5964642704299,
              43.308838651965
            ],
            [
              21.5963169517175,
              43.3086867556734
            ],
            [
              21.5962927840717,
              43.3086610475482
            ],
            [
              21.5965178186287,
              43.3084930698347
            ],
            [
              21.5965991919804,
              43.3084322427426
            ],
            [
              21.5966576499315,
              43.3083851284366
            ],
            [
              21.5967882596149,
              43.3082796662162
            ],
            [
              21.596615794,
              43.3082153070983
            ],
            [
              21.5962452854765,
              43.3080927544781
            ],
            [
              21.5960610223748,
              43.308031967803
            ],
            [
              21.5958575311952,
              43.3079587682435
            ],
            [
              21.5959982190168,
              43.3078000544872
            ],
            [
              21.5962738896122,
              43.3075044391529
            ],
            [
              21.5965428404125,
              43.3072025585867
            ],
            [
              21.5968406823364,
              43.3068808120031
            ],
            [
              21.5968665326503,
              43.3068897681314
            ],
            [
              21.5970007765989,
              43.3067406288912
            ],
            [
              21.5971443112447,
              43.3065962116109
            ],
            [
              21.5972953831074,
              43.3064537348943
            ],
            [
              21.5975664246669,
              43.3062401497422
            ],
            [
              21.5980086584057,
              43.3059501449384
            ],
            [
              21.5980197911948,
              43.3059540478462
            ],
            [
              21.5981959226156,
              43.3060157770778
            ],
            [
              21.598228711819,
              43.3060284776317
            ],
            [
              21.5983209475257,
              43.3060572492542
            ],
            [
              21.5984593031979,
              43.306100542506
            ],
            [
              21.5986624017425,
              43.3061594294434
            ],
            [
              21.5988299934568,
              43.3062050887015
            ],
            [
              21.5988500157238,
              43.3062105649108
            ],
            [
              21.5989642964898,
              43.3062498432905
            ],
            [
              21.599073073586,
              43.306280867972
            ],
            [
              21.5992047170423,
              43.3063184343471
            ],
            [
              21.5992537508973,
              43.3063284390769
            ],
            [
              21.5993386873382,
              43.3063543684546
            ],
            [
              21.5994307945739,
              43.3063825104329
            ],
            [
              21.5994689999892,
              43.3063943718334
            ],
            [
              21.5995630906679,
              43.3064235829583
            ],
            [
              21.5995990724159,
              43.3064350066429
            ],
            [
              21.5996165336499,
              43.3064058393291
            ],
            [
              21.5997449395858,
              43.3062531292364
            ],
            [
              21.5998889567607,
              43.3061085285842
            ],
            [
              21.6002034838621,
              43.3058312484406
            ],
            [
              21.6003647040485,
              43.3056940280048
            ],
            [
              21.6006119486952,
              43.3054811025967
            ],
            [
              21.6009972622573,
              43.3051707745081
            ],
            [
              21.6011538766635,
              43.3050293458956
            ],
            [
              21.6014403935687,
              43.3047376293034
            ],
            [
              21.601722781446,
              43.3044400825266
            ],
            [
              21.6020032028241,
              43.3041434458472
            ],
            [
              21.6021491553349,
              43.3039962225896
            ],
            [
              21.6024424182631,
              43.3036897958637
            ],
            [
              21.6024971430058,
              43.3036277569027
            ],
            [
              21.6025237443146,
              43.3036007029865
            ],
            [
              21.602592197612,
              43.3035310305136
            ],
            [
              21.6026379381423,
              43.303470298556
            ],
            [
              21.6026838006464,
              43.3034095668372
            ],
            [
              21.6028294161143,
              43.3032163472696
            ],
            [
              21.6028707226039,
              43.3031559987682
            ],
            [
              21.6029434933041,
              43.3030495772385
            ],
            [
              21.603057477338,
              43.3028734455168
            ],
            [
              21.6030978990095,
              43.3028109413959
            ],
            [
              21.6032057352816,
              43.3026487044892
            ],
            [
              21.6033119896198,
              43.3024886360199
            ],
            [
              21.6033236021142,
              43.3024665207451
            ],
            [
              21.6031645918485,
              43.3024402645787
            ],
            [
              21.6026927778958,
              43.3023408530729
            ],
            [
              21.6027973650776,
              43.3020996895793
            ],
            [
              21.6028792644577,
              43.3019320077065
            ],
            [
              21.6029880853203,
              43.3016458140972
            ],
            [
              21.6029991619301,
              43.3016193803774
            ],
            [
              21.6029565702011,
              43.3016123138958
            ],
            [
              21.6026517655911,
              43.3015374965603
            ],
            [
              21.6027437000004,
              43.3013626509753
            ],
            [
              21.6027721661505,
              43.3013002099541
            ],
            [
              21.6028812096014,
              43.3010611830575
            ],
            [
              21.6028914605287,
              43.3010385347226
            ],
            [
              21.6028990826244,
              43.3010240926143
            ],
            [
              21.6029270187998,
              43.3010323169222
            ],
            [
              21.6034187131321,
              43.3011489051121
            ],
            [
              21.6034586660486,
              43.3009403075362
            ],
            [
              21.6034879033237,
              43.3007695731271
            ],
            [
              21.6035281760899,
              43.3005931093898
            ],
            [
              21.6035488549583,
              43.3004664372279
            ],
            [
              21.6035553590552,
              43.3003893497695
            ],
            [
              21.6035575953628,
              43.3002548535821
            ],
            [
              21.6035683774413,
              43.3001741426125
            ],
            [
              21.6036735357241,
              43.2997309789335
            ],
            [
              21.603828562136,
              43.2992955641592
            ],
            [
              21.6038912768952,
              43.2990214044621
            ],
            [
              21.6039197772044,
              43.2988140368112
            ],
            [
              21.6040184678108,
              43.29851394295
            ],
            [
              21.6040299750072,
              43.29845663191
            ],
            [
              21.604039841279,
              43.2984077911457
            ],
            [
              21.6040477083784,
              43.2983685922458
            ],
            [
              21.6040486455973,
              43.2983636365735
            ],
            [
              21.6040787590465,
              43.2981945172374
            ],
            [
              21.6041080548455,
              43.298029993647
            ],
            [
              21.6041304808458,
              43.2979676742005
            ],
            [
              21.6041649592279,
              43.2977666663344
            ],
            [
              21.6041700894746,
              43.2977248723479
            ],
            [
              21.6042055598185,
              43.2975492431607
            ],
            [
              21.6042109615841,
              43.2975222999072
            ],
            [
              21.6042358271491,
              43.2973585200347
            ],
            [
              21.604266359489,
              43.2971573528709
            ],
            [
              21.6043137133921,
              43.2969002872662
            ],
            [
              21.6043485583967,
              43.2967115200136
            ],
            [
              21.6044088096805,
              43.2963884041589
            ],
            [
              21.6040043325968,
              43.296264516989
            ],
            [
              21.6039918794561,
              43.2961895997099
            ],
            [
              21.6040704264293,
              43.2960948483075
            ],
            [
              21.6043257357398,
              43.2957934765767
            ],
            [
              21.6044656267699,
              43.2956093750674
            ],
            [
              21.6047732895818,
              43.2952194211889
            ],
            [
              21.6050784723386,
              43.2948283981267
            ],
            [
              21.6052211328263,
              43.2946259170456
            ],
            [
              21.6055258167397,
              43.2942345271051
            ],
            [
              21.6058293989452,
              43.2938443109607
            ],
            [
              21.6058317361668,
              43.2938190938181
            ],
            [
              21.6059840614727,
              43.2937703068315
            ],
            [
              21.6060748897761,
              43.2937458814778
            ],
            [
              21.6062346677096,
              43.2937029058541
            ],
            [
              21.6062654508779,
              43.2937003123567
            ],
            [
              21.6065252709218,
              43.2936919140444
            ],
            [
              21.6065446080939,
              43.2936908209998
            ],
            [
              21.6068731528111,
              43.2936659446214
            ],
            [
              21.6069113973429,
              43.2936577294136
            ],
            [
              21.6073759480863,
              43.2935173563858
            ],
            [
              21.6079555632482,
              43.2933487339412
            ],
            [
              21.6083051686708,
              43.2932736903604
            ],
            [
              21.6086936563393,
              43.2931925876163
            ],
            [
              21.6089236777576,
              43.2931007140406
            ],
            [
              21.609277025216,
              43.292956603022
            ],
            [
              21.609359747267,
              43.2929229462039
            ],
            [
              21.6095518038349,
              43.2928672811904
            ],
            [
              21.6099068234217,
              43.2927795109786
            ],
            [
              21.6100276600691,
              43.292749340521
            ],
            [
              21.6102650851912,
              43.2926710180967
            ],
            [
              21.6105668871585,
              43.2925608444727
            ],
            [
              21.610766127932,
              43.2924967674951
            ],
            [
              21.6110805022634,
              43.292399308307
            ],
            [
              21.6114862935407,
              43.2922630107986
            ],
            [
              21.612005658031,
              43.2921342966134
            ],
            [
              21.6123355612808,
              43.2920373803047
            ],
            [
              21.6124244487183,
              43.2920043176822
            ],
            [
              21.6125273246237,
              43.2919653288945
            ],
            [
              21.6126422887858,
              43.2919152023152
            ],
            [
              21.6126978508634,
              43.291889158761
            ],
            [
              21.6128409855288,
              43.2918220478856
            ],
            [
              21.612888223381,
              43.2917892980908
            ],
            [
              21.6131289522923,
              43.2915871748041
            ],
            [
              21.6132676399864,
              43.2914824588133
            ],
            [
              21.6133766791881,
              43.2914071575872
            ],
            [
              21.6134840931982,
              43.2913417682305
            ],
            [
              21.613549580964,
              43.2912980274137
            ],
            [
              21.6135948331398,
              43.2912640273319
            ],
            [
              21.6136079350558,
              43.2912557646634
            ],
            [
              21.6138487393289,
              43.2911591418259
            ],
            [
              21.6140476960308,
              43.2910797555293
            ],
            [
              21.614233096686,
              43.2910001679425
            ],
            [
              21.6146978714198,
              43.2908481371949
            ],
            [
              21.6149513946962,
              43.2907662904619
            ],
            [
              21.6151576792947,
              43.2907048630285
            ],
            [
              21.6152434434292,
              43.29068000379
            ],
            [
              21.6155598943677,
              43.2905574874131
            ],
            [
              21.6158546855,
              43.2904378782065
            ],
            [
              21.6160277187752,
              43.290390851893
            ],
            [
              21.616220855695,
              43.2903334544713
            ],
            [
              21.6162649558193,
              43.2903196226357
            ],
            [
              21.6163758295064,
              43.290267621565
            ],
            [
              21.6164382220705,
              43.2902470294854
            ],
            [
              21.6169454203621,
              43.2899899780217
            ],
            [
              21.617444182913,
              43.289727929962
            ],
            [
              21.6176205569745,
              43.289621921075
            ],
            [
              21.617942264111,
              43.2894114217706
            ],
            [
              21.6182090373968,
              43.2892157131772
            ],
            [
              21.6184621117,
              43.2890545557461
            ],
            [
              21.6187333404036,
              43.288849009515
            ],
            [
              21.6189105987775,
              43.2887092373897
            ],
            [
              21.6190808485932,
              43.2885953380243
            ],
            [
              21.619209111487,
              43.2884968807825
            ],
            [
              21.619317043564,
              43.2884107761341
            ],
            [
              21.6197158566704,
              43.2881013727555
            ],
            [
              21.6197769862436,
              43.2880539609792
            ],
            [
              21.6198380723014,
              43.2880142906632
            ],
            [
              21.6199289686081,
              43.2879495223065
            ],
            [
              21.6200315343237,
              43.2878931522478
            ],
            [
              21.6201283592418,
              43.287841854898
            ],
            [
              21.6202692091121,
              43.2877696135543
            ],
            [
              21.6203243611941,
              43.2877281742344
            ],
            [
              21.6203836706694,
              43.2876835625288
            ],
            [
              21.6204605885275,
              43.287637773826
            ],
            [
              21.6206778108017,
              43.2875147054038
            ],
            [
              21.6207617287734,
              43.2874665382161
            ],
            [
              21.6208533088838,
              43.2874205796286
            ],
            [
              21.6209347852895,
              43.2873747667628
            ],
            [
              21.6210654585035,
              43.2873078005473
            ],
            [
              21.6211556782814,
              43.2872493372054
            ],
            [
              21.6213098924782,
              43.2871949348587
            ],
            [
              21.6213355418819,
              43.2871846230318
            ],
            [
              21.6214186597731,
              43.2871548236962
            ],
            [
              21.6214935534348,
              43.2871280396051
            ],
            [
              21.6216098678535,
              43.2870789753966
            ],
            [
              21.6216969712796,
              43.2870411419022
            ],
            [
              21.6218083503133,
              43.286991384848
            ],
            [
              21.6219164915187,
              43.2869384036319
            ],
            [
              21.6221576147336,
              43.2868395067625
            ],
            [
              21.6222502532061,
              43.2868008332252
            ],
            [
              21.6223546523628,
              43.2867554340176
            ],
            [
              21.6224543900448,
              43.2867121302399
            ],
            [
              21.6225096281286,
              43.2866792419662
            ],
            [
              21.6225902037904,
              43.2866418944462
            ],
            [
              21.6226625825637,
              43.2866103526367
            ],
            [
              21.622752251563,
              43.2865705242578
            ],
            [
              21.6229955788961,
              43.2864463187807
            ],
            [
              21.6230558811541,
              43.28641475245
            ],
            [
              21.6231181407092,
              43.2863817355885
            ],
            [
              21.6232495436001,
              43.2862900974791
            ],
            [
              21.6233081735184,
              43.2862396358579
            ],
            [
              21.6233741767621,
              43.2861872439564
            ],
            [
              21.6234488235861,
              43.2861245423558
            ],
            [
              21.623520101973,
              43.2860578979415
            ],
            [
              21.6235831661185,
              43.285995349436
            ],
            [
              21.6236890024879,
              43.285861991382
            ],
            [
              21.6237637142135,
              43.2857456379738
            ],
            [
              21.6238067953243,
              43.2856451205333
            ],
            [
              21.6238476461859,
              43.285591245594
            ],
            [
              21.6238910266744,
              43.2855318649325
            ],
            [
              21.6239366436731,
              43.2854623004507
            ],
            [
              21.6239981844326,
              43.2853714036129
            ],
            [
              21.6240802686806,
              43.285277153899
            ],
            [
              21.6242287938428,
              43.285149413606
            ],
            [
              21.6245158734645,
              43.2848709404802
            ],
            [
              21.6245919655186,
              43.2848292947092
            ],
            [
              21.6246788133022,
              43.2847431208929
            ],
            [
              21.6247903154056,
              43.2846579811433
            ],
            [
              21.6248952779045,
              43.2845720674966
            ],
            [
              21.6250394351663,
              43.2844511908009
            ],
            [
              21.6251814855637,
              43.2843292457842
            ],
            [
              21.6251881586891,
              43.2843232311517
            ],
            [
              21.6252251930083,
              43.2842898476463
            ],
            [
              21.6254790402817,
              43.2840876210441
            ],
            [
              21.6256988655472,
              43.2839203287691
            ],
            [
              21.6257888197496,
              43.2838488992619
            ],
            [
              21.6258833393577,
              43.283766192543
            ],
            [
              21.6260496981666,
              43.28363592103
            ],
            [
              21.6262071796781,
              43.2835050684503
            ],
            [
              21.6263019603772,
              43.283423889835
            ],
            [
              21.6264018399422,
              43.283335392185
            ],
            [
              21.6264885607312,
              43.2832493077171
            ],
            [
              21.6266669407773,
              43.2830542452178
            ],
            [
              21.6266831031313,
              43.28303228177
            ],
            [
              21.626758740172,
              43.2830424873866
            ],
            [
              21.6267425769277,
              43.2830643617043
            ],
            [
              21.6267831371008,
              43.283066388809
            ],
            [
              21.6268237145333,
              43.2830702167268
            ],
            [
              21.6269315627945,
              43.2831092315479
            ],
            [
              21.6270498660082,
              43.2831943690964
            ],
            [
              21.6271139987882,
              43.2832956480352
            ],
            [
              21.6272546302033,
              43.2835742935721
            ],
            [
              21.6275016005499,
              43.2837811480589
            ],
            [
              21.6277681496634,
              43.2839867239534
            ],
            [
              21.6278672576987,
              43.2840978920563
            ],
            [
              21.6279638036772,
              43.2842235661529
            ],
            [
              21.6280067322466,
              43.2842759011728
            ],
            [
              21.6280280806193,
              43.2843147613081
            ],
            [
              21.6280754411222,
              43.2843548293025
            ],
            [
              21.6281608164619,
              43.2844128706226
            ],
            [
              21.6283420368563,
              43.284492888832
            ],
            [
              21.6286088725326,
              43.2846063719428
            ],
            [
              21.6288521567686,
              43.2846823554564
            ],
            [
              21.6288957601628,
              43.2846926475176
            ],
            [
              21.6289356011473,
              43.2846966579249
            ],
            [
              21.6290206120654,
              43.284683676762
            ],
            [
              21.6291006106926,
              43.2846626207572
            ],
            [
              21.629116941407,
              43.2846570390288
            ],
            [
              21.6292229288953,
              43.2845992920949
            ],
            [
              21.6292716974953,
              43.2845728267055
            ],
            [
              21.6294524295684,
              43.2844745176897
            ],
            [
              21.6294758325849,
              43.2844618760984
            ],
            [
              21.6295590440101,
              43.2844298191718
            ],
            [
              21.6296589267507,
              43.2844131538371
            ],
            [
              21.6296896781656,
              43.2844080329196
            ],
            [
              21.6298227740185,
              43.2844098178323
            ],
            [
              21.6299348459132,
              43.2844161297322
            ],
            [
              21.6299968753989,
              43.2844328005129
            ],
            [
              21.6301866674428,
              43.2844836026629
            ],
            [
              21.6304211903622,
              43.2845701637981
            ],
            [
              21.6308372751998,
              43.2846859661404
            ],
            [
              21.6308244522551,
              43.2846614623856
            ],
            [
              21.6308410190737,
              43.2846548886021
            ],
            [
              21.6308723171469,
              43.2847024259965
            ],
            [
              21.6308861765158,
              43.2847199931832
            ],
            [
              21.6308864450318,
              43.2847695917797
            ],
            [
              21.6308761495281,
              43.2848105177742
            ],
            [
              21.6308480863884,
              43.2848966413344
            ],
            [
              21.6308226674082,
              43.2849763588341
            ],
            [
              21.630846284863,
              43.2849842390807
            ],
            [
              21.6310937184643,
              43.2851034953853
            ],
            [
              21.6314309106996,
              43.2852869772026
            ],
            [
              21.6317618197302,
              43.2854585210981
            ],
            [
              21.6321427400515,
              43.2856519299785
            ],
            [
              21.6324662257265,
              43.2858320645209
            ],
            [
              21.6328171005428,
              43.2860270789044
            ],
            [
              21.6329304472573,
              43.2858358792076
            ],
            [
              21.6331402511809,
              43.2859262634058
            ],
            [
              21.6335228399565,
              43.28606618819
            ],
            [
              21.6339716444237,
              43.2862221258851
            ],
            [
              21.6343615697875,
              43.2863562451442
            ],
            [
              21.6347626798891,
              43.2864875987198
            ],
            [
              21.634759096967,
              43.2865455893427
            ],
            [
              21.6351427355529,
              43.2866320299233
            ],
            [
              21.6355140783842,
              43.286709086299
            ],
            [
              21.6359089010535,
              43.2867689967367
            ],
            [
              21.6364617922528,
              43.2868376550045
            ],
            [
              21.6369124527704,
              43.2868754655274
            ],
            [
              21.6374811232016,
              43.2869210764675
            ],
            [
              21.6378840654571,
              43.2869676116195
            ],
            [
              21.6382626471043,
              43.2870177030355
            ],
            [
              21.6383241254131,
              43.2868523560228
            ],
            [
              21.6383283524212,
              43.2868441409463
            ],
            [
              21.6386847927963,
              43.2869449450861
            ],
            [
              21.6389907378195,
              43.2869895893607
            ],
            [
              21.6393239683819,
              43.2870156280806
            ],
            [
              21.6396004921514,
              43.2870278511086
            ],
            [
              21.6400837292142,
              43.287069429894
            ],
            [
              21.6404828211698,
              43.2871010369967
            ],
            [
              21.6408568695976,
              43.2871416057301
            ],
            [
              21.6409161444241,
              43.2871419030368
            ],
            [
              21.6409762589602,
              43.2871517368839
            ],
            [
              21.6409858679935,
              43.2871280981825
            ],
            [
              21.6410099342877,
              43.2871315642569
            ],
            [
              21.6410591895066,
              43.2870698056933
            ],
            [
              21.6411162897853,
              43.2870041320582
            ],
            [
              21.6413229970572,
              43.286834367501
            ],
            [
              21.6415075269154,
              43.286700104232
            ],
            [
              21.6416440336407,
              43.2866158010644
            ],
            [
              21.6417560365249,
              43.2865566599085
            ],
            [
              21.6418679181175,
              43.2864976093691
            ],
            [
              21.6418496265975,
              43.286480878806
            ],
            [
              21.6417419576285,
              43.2864136107296
            ],
            [
              21.6416573468814,
              43.2863594463688
            ],
            [
              21.6416501502427,
              43.2863548061466
            ],
            [
              21.6414500307,
              43.2862494392272
            ],
            [
              21.6413489627659,
              43.2861887044188
            ],
            [
              21.6412926633976,
              43.2861549934788
            ],
            [
              21.6411707342291,
              43.2860792531366
            ],
            [
              21.6410282155247,
              43.2859906650248
            ],
            [
              21.6409620152037,
              43.2860112009155
            ],
            [
              21.6406540851286,
              43.2860819751274
            ],
            [
              21.6403347505727,
              43.2861579422773
            ],
            [
              21.640180604173,
              43.2861820324812
            ],
            [
              21.6399648890288,
              43.2861984555688
            ],
            [
              21.6397842274398,
              43.2862087400511
            ],
            [
              21.6396281966944,
              43.2862177168181
            ],
            [
              21.6393711350374,
              43.2862396818022
            ],
            [
              21.6390781814312,
              43.2862700391364
            ],
            [
              21.6390622330725,
              43.2862064846011
            ],
            [
              21.63902098494,
              43.2861040040312
            ],
            [
              21.6389816978719,
              43.2859889105456
            ],
            [
              21.6388697181324,
              43.2856400853479
            ],
            [
              21.638718345594,
              43.285646604513
            ],
            [
              21.6385630521532,
              43.28565512638
            ],
            [
              21.6384114424529,
              43.2856625469234
            ],
            [
              21.6380871730967,
              43.2856793048567
            ],
            [
              21.6377553290731,
              43.2856906139964
            ],
            [
              21.6375195816676,
              43.2857003042643
            ],
            [
              21.6372714093396,
              43.2857001618069
            ],
            [
              21.6371519123534,
              43.2856911979788
            ],
            [
              21.6369272391417,
              43.2856640973558
            ],
            [
              21.6367575365945,
              43.2856381292269
            ],
            [
              21.6371074149834,
              43.2852666472748
            ],
            [
              21.6374434213546,
              43.2849239581286
            ],
            [
              21.6373514434934,
              43.2848600183997
            ],
            [
              21.6373205843017,
              43.2848430869948
            ],
            [
              21.6372704889713,
              43.284824913864
            ],
            [
              21.6371830047493,
              43.2847898447446
            ],
            [
              21.6370867842817,
              43.2847560857622
            ],
            [
              21.6368285534329,
              43.2846540067872
            ],
            [
              21.6368624657613,
              43.2846095279182
            ],
            [
              21.6365882397126,
              43.2845096985592
            ],
            [
              21.6363700033557,
              43.284426029186
            ],
            [
              21.636143577652,
              43.2843604987974
            ],
            [
              21.6355724775617,
              43.2841978689904
            ],
            [
              21.6350000756093,
              43.284028401851
            ],
            [
              21.6348984751287,
              43.2840100642654
            ],
            [
              21.6347643111793,
              43.2839649916284
            ],
            [
              21.6347081816971,
              43.2838997702642
            ],
            [
              21.6345818326845,
              43.2838006426067
            ],
            [
              21.6343718720879,
              43.2836357262385
            ],
            [
              21.6341490983025,
              43.2834944653878
            ],
            [
              21.6338488634931,
              43.2833100654672
            ],
            [
              21.6333437465435,
              43.2830454256068
            ],
            [
              21.633029540514,
              43.282891438306
            ],
            [
              21.6326861335399,
              43.2827374315652
            ],
            [
              21.6322171523213,
              43.282522367004
            ],
            [
              21.6322022863923,
              43.2825147070047
            ],
            [
              21.6322529305497,
              43.2824556440859
            ],
            [
              21.6323022628017,
              43.2823771438399
            ],
            [
              21.6323236846645,
              43.2823280547459
            ],
            [
              21.6323441115073,
              43.282277980641
            ],
            [
              21.6323234795282,
              43.2822727846784
            ],
            [
              21.6321186060786,
              43.2821220578826
            ],
            [
              21.6319243593492,
              43.2819621809521
            ],
            [
              21.6317088156565,
              43.2817685738697
            ],
            [
              21.6315252487023,
              43.2815928837001
            ],
            [
              21.6314886739442,
              43.2815591490439
            ],
            [
              21.6315521359827,
              43.2815005550371
            ],
            [
              21.6314200134649,
              43.2813664376783
            ],
            [
              21.6311769722159,
              43.2811111394786
            ],
            [
              21.6311432373993,
              43.2810542534862
            ],
            [
              21.6311106483272,
              43.280917784695
            ],
            [
              21.6310840807879,
              43.2807916352733
            ],
            [
              21.6310151830991,
              43.2807895859297
            ],
            [
              21.6309178902478,
              43.2807701404758
            ],
            [
              21.6308906943493,
              43.2807497662629
            ],
            [
              21.6308820426137,
              43.2807234385682
            ],
            [
              21.6308871870239,
              43.2806847921088
            ],
            [
              21.6309300040963,
              43.2806433265207
            ],
            [
              21.6310227150718,
              43.280553604596
            ],
            [
              21.6310122825988,
              43.2804270050517
            ],
            [
              21.631025693246,
              43.2804013651705
            ],
            [
              21.6310655572682,
              43.2803246285395
            ],
            [
              21.6310564949944,
              43.2802825495487
            ],
            [
              21.631020820944,
              43.2801929982662
            ],
            [
              21.6310794360123,
              43.2800948235507
            ],
            [
              21.6311163038879,
              43.2799787640684
            ],
            [
              21.6309259941989,
              43.279912482832
            ],
            [
              21.6309022616769,
              43.2798576126463
            ],
            [
              21.6308651452851,
              43.2798310826579
            ],
            [
              21.630507301725,
              43.2796370900665
            ],
            [
              21.6303312411078,
              43.2795188789158
            ],
            [
              21.6301832085659,
              43.2794421008962
            ],
            [
              21.6300471857167,
              43.2793708375944
            ],
            [
              21.6299506255755,
              43.2793504868136
            ],
            [
              21.6297282896691,
              43.2793203885053
            ],
            [
              21.6295246036126,
              43.2792945975864
            ],
            [
              21.6294031108192,
              43.2792938281255
            ],
            [
              21.6293785732322,
              43.2792919830255
            ],
            [
              21.6293610015202,
              43.2792608435965
            ],
            [
              21.6293562259635,
              43.2792517779114
            ],
            [
              21.6293290071538,
              43.2792290640478
            ],
            [
              21.6293007777021,
              43.2792038344452
            ],
            [
              21.6292834847072,
              43.2791518982102
            ],
            [
              21.6292676607272,
              43.2790992344218
            ],
            [
              21.6292437800989,
              43.2790893742716
            ],
            [
              21.6291562086283,
              43.2790565506024
            ],
            [
              21.6289971076078,
              43.2789814527502
            ],
            [
              21.6288796672914,
              43.278884069729
            ],
            [
              21.6287313016099,
              43.2787626413587
            ],
            [
              21.6285890511723,
              43.2786369497192
            ],
            [
              21.6284345575256,
              43.2785186153025
            ],
            [
              21.6282964081799,
              43.2783842581297
            ],
            [
              21.6282122326618,
              43.2782983940908
            ],
            [
              21.6281548163791,
              43.2782266949812
            ],
            [
              21.6280950701531,
              43.2781559991435
            ],
            [
              21.6279236110473,
              43.2780292063965
            ],
            [
              21.6278805813118,
              43.2779547267837
            ],
            [
              21.6278603581407,
              43.2779053276984
            ],
            [
              21.6277585847163,
              43.2778332424283
            ],
            [
              21.6276691376911,
              43.2777975473272
            ],
            [
              21.6272680359865,
              43.2776480719963
            ],
            [
              21.627121074707,
              43.277566782699
            ],
            [
              21.6270097384204,
              43.2775350781717
            ],
            [
              21.62692687981,
              43.2775049274357
            ],
            [
              21.6267905964057,
              43.2774315005506
            ],
            [
              21.6266763774742,
              43.2773949508001
            ],
            [
              21.6265492975721,
              43.2773538799267
            ],
            [
              21.6265451327262,
              43.2774518441801
            ],
            [
              21.6265193300618,
              43.2776020483845
            ],
            [
              21.6264705909187,
              43.2777145705086
            ],
            [
              21.6264329918138,
              43.2777962448117
            ],
            [
              21.6264346533776,
              43.2778259419483
            ],
            [
              21.6261465991641,
              43.277598965689
            ],
            [
              21.6258079033414,
              43.2773834278923
            ],
            [
              21.6255569128454,
              43.27718982377
            ],
            [
              21.6253861202951,
              43.2770432187863
            ],
            [
              21.6253626544371,
              43.2770257034277
            ],
            [
              21.6252382002775,
              43.276916292384
            ],
            [
              21.6250215420804,
              43.276706294687
            ],
            [
              21.6249704317399,
              43.2766603046087
            ],
            [
              21.6249139742291,
              43.2766093929795
            ],
            [
              21.6247724589867,
              43.2764700982447
            ],
            [
              21.6247071162701,
              43.2764058217587
            ],
            [
              21.6245898194656,
              43.2762732362344
            ],
            [
              21.6245438245285,
              43.2762213668266
            ],
            [
              21.6244566523047,
              43.2761189514462
            ],
            [
              21.624312202544,
              43.2759814730728
            ],
            [
              21.6241445774152,
              43.2758188251878
            ],
            [
              21.6241339938216,
              43.2758079900454
            ],
            [
              21.6240630153822,
              43.2757346528672
            ],
            [
              21.6240047615943,
              43.2756887013211
            ],
            [
              21.6238948726247,
              43.2755933420837
            ],
            [
              21.623728520535,
              43.2756985849496
            ],
            [
              21.6236081829744,
              43.2756175052111
            ],
            [
              21.6235955275666,
              43.2756089333695
            ],
            [
              21.6235142649692,
              43.2755537449004
            ],
            [
              21.6234736777186,
              43.2755485660605
            ],
            [
              21.6233825792648,
              43.2754834395791
            ],
            [
              21.6233675204503,
              43.2754927045595
            ],
            [
              21.6232753462446,
              43.2753947268874
            ],
            [
              21.6232154595272,
              43.2753455430698
            ],
            [
              21.6230139670007,
              43.2751956817932
            ],
            [
              21.6227666007642,
              43.2750053807308
            ],
            [
              21.622543538713,
              43.2748303411584
            ],
            [
              21.6224752242644,
              43.2747762520729
            ],
            [
              21.6223802332972,
              43.274691612235
            ],
            [
              21.6223500646565,
              43.2746690919313
            ],
            [
              21.6223159493275,
              43.2746461428603
            ],
            [
              21.622288668215,
              43.2746288277116
            ],
            [
              21.6220595081728,
              43.2744836175578
            ],
            [
              21.6219502448166,
              43.2743887924031
            ],
            [
              21.6217764108591,
              43.2742564221878
            ],
            [
              21.6216150555289,
              43.2741756551301
            ],
            [
              21.6214931687953,
              43.2741232982083
            ],
            [
              21.6213587265258,
              43.2740839724173
            ],
            [
              21.6211616838562,
              43.2739950269683
            ],
            [
              21.6211431065485,
              43.2739854965016
            ],
            [
              21.6209345740518,
              43.2738691570484
            ],
            [
              21.6208173690225,
              43.2737684335581
            ],
            [
              21.6206969979657,
              43.2736714181216
            ],
            [
              21.6206359026028,
              43.2736120678694
            ],
            [
              21.6203967343821,
              43.2734271199142
            ],
            [
              21.6203014714532,
              43.2733395992217
            ],
            [
              21.6201228705732,
              43.27315
            ],
            [
              21.620018476943,
              43.2730368734852
            ],
            [
              21.6199576020477,
              43.2729869738248
            ],
            [
              21.6198615910269,
              43.2728984663039
            ],
            [
              21.6197498643482,
              43.2727789877916
            ],
            [
              21.6196835377714,
              43.2727139942488
            ],
            [
              21.6196368706226,
              43.2726680686259
            ],
            [
              21.6195182565265,
              43.2725858054964
            ],
            [
              21.6193719128541,
              43.2725145852912
            ],
            [
              21.6192666487714,
              43.2724488127229
            ],
            [
              21.6192010414099,
              43.2723938974838
            ],
            [
              21.619111952514,
              43.272295360317
            ],
            [
              21.619037956338,
              43.2721908892936
            ],
            [
              21.6189988910507,
              43.2721413204146
            ],
            [
              21.6189796553872,
              43.2721154992808
            ],
            [
              21.6189224765365,
              43.2720170585212
            ],
            [
              21.6189037539908,
              43.2719810620691
            ],
            [
              21.6187934433702,
              43.2717703859659
            ],
            [
              21.6185978404882,
              43.2715072400234
            ],
            [
              21.6185006436592,
              43.2713865119798
            ],
            [
              21.6183938528549,
              43.2712672755578
            ],
            [
              21.6183841098096,
              43.2712420324244
            ],
            [
              21.6183352498099,
              43.2711620004707
            ],
            [
              21.6183214116213,
              43.2711338097413
            ],
            [
              21.6182792904368,
              43.2710500494369
            ],
            [
              21.6182070444871,
              43.2708630211461
            ],
            [
              21.6181839625741,
              43.2708223675218
            ],
            [
              21.6181358892049,
              43.2707347691369
            ],
            [
              21.6181178064045,
              43.2707010193475
            ],
            [
              21.6180080242283,
              43.2705297681573
            ],
            [
              21.6179309163332,
              43.2704096496393
            ],
            [
              21.6179063691963,
              43.2703701744728
            ],
            [
              21.61783541575,
              43.27024957331
            ],
            [
              21.6177541500366,
              43.2700959898002
            ],
            [
              21.6177310350444,
              43.2700520063445
            ],
            [
              21.6176715165928,
              43.2699290921617
            ],
            [
              21.6176118711994,
              43.2698059084915
            ],
            [
              21.6175904523415,
              43.2697710969699
            ],
            [
              21.6175596412496,
              43.2697213029184
            ],
            [
              21.617481620554,
              43.2695961491146
            ],
            [
              21.6174223993054,
              43.2695147328366
            ],
            [
              21.6173527681998,
              43.269414919516
            ],
            [
              21.617278626512,
              43.2693078385403
            ],
            [
              21.6173219028145,
              43.2692871698839
            ],
            [
              21.6176461803323,
              43.2691943123075
            ],
            [
              21.6180732559212,
              43.2690708310372
            ],
            [
              21.6183324583969,
              43.269011452061
            ],
            [
              21.6187629838146,
              43.2688883088498
            ],
            [
              21.6189015487577,
              43.2688498379119
            ],
            [
              21.6189667355011,
              43.268851733654
            ],
            [
              21.6192632611051,
              43.2687679353415
            ],
            [
              21.6190436950018,
              43.268485928974
            ],
            [
              21.6187424513544,
              43.2680943624918
            ],
            [
              21.6184381673253,
              43.2677065026246
            ],
            [
              21.6183715491025,
              43.2676122546763
            ],
            [
              21.6183269117454,
              43.2675354406075
            ],
            [
              21.6183359459982,
              43.2674790389632
            ],
            [
              21.6182091228893,
              43.2674727962804
            ],
            [
              21.6179869320775,
              43.2674643700354
            ],
            [
              21.6179697296039,
              43.2674566316397
            ],
            [
              21.6181007651094,
              43.2672958671622
            ],
            [
              21.618266420951,
              43.2670872043497
            ],
            [
              21.6183869414253,
              43.2669343277004
            ],
            [
              21.6184761775788,
              43.2668423833599
            ],
            [
              21.6185223803208,
              43.2667947826604
            ],
            [
              21.6186735994499,
              43.2666445302408
            ],
            [
              21.6186877605975,
              43.2666319408056
            ],
            [
              21.6188603790605,
              43.2664783307224
            ],
            [
              21.6190375454361,
              43.2663358579116
            ],
            [
              21.6191000035456,
              43.2662758353529
            ],
            [
              21.6192185789963,
              43.2661620367558
            ],
            [
              21.6192599750266,
              43.2661384969518
            ],
            [
              21.6193701693862,
              43.2660846964439
            ],
            [
              21.6196169834208,
              43.2659350930129
            ],
            [
              21.6198782924725,
              43.2658058438223
            ],
            [
              21.6200533933801,
              43.265714871839
            ],
            [
              21.6202753070355,
              43.2656242742764
            ],
            [
              21.6203591813376,
              43.2655867302309
            ],
            [
              21.6208942675817,
              43.2653675878825
            ],
            [
              21.6211427314645,
              43.2652594709676
            ],
            [
              21.6216040470194,
              43.265018313303
            ],
            [
              21.6216561215491,
              43.2649911136442
            ],
            [
              21.621981957488,
              43.2648726701871
            ],
            [
              21.6223234764241,
              43.2647700723873
            ],
            [
              21.6225886744133,
              43.2646728460415
            ],
            [
              21.6227771836352,
              43.2646169050857
            ],
            [
              21.6230406208977,
              43.2646965744131
            ],
            [
              21.6234096036836,
              43.2647980814132
            ],
            [
              21.6236957000986,
              43.2648530493742
            ],
            [
              21.6237329095856,
              43.2648298009137
            ],
            [
              21.6237754879276,
              43.264789689892
            ],
            [
              21.6238310602171,
              43.2647554492519
            ],
            [
              21.6238683934099,
              43.2647323801653
            ],
            [
              21.6240129918431,
              43.2646228460182
            ],
            [
              21.6241559147162,
              43.2644822647281
            ],
            [
              21.6243384853987,
              43.2642921358459
            ],
            [
              21.6245052785734,
              43.2640770680099
            ],
            [
              21.6245478269476,
              43.2640221937523
            ],
            [
              21.624849419951,
              43.2636316596895
            ],
            [
              21.6247263094255,
              43.2635783222786
            ],
            [
              21.6245370897147,
              43.2635047322702
            ],
            [
              21.6248078323386,
              43.2632527275334
            ],
            [
              21.6251570877215,
              43.2629459203588
            ],
            [
              21.625461428487,
              43.2626915693154
            ],
            [
              21.6254696116847,
              43.26268477289
            ],
            [
              21.6257860519464,
              43.2624454781107
            ],
            [
              21.6255604751161,
              43.2621302978033
            ],
            [
              21.6254127803373,
              43.2618542981705
            ],
            [
              21.6252402267046,
              43.2615563800374
            ],
            [
              21.6251721311835,
              43.261438648209
            ],
            [
              21.6249249192849,
              43.2611393411552
            ],
            [
              21.6246895854218,
              43.2609409701852
            ],
            [
              21.6245292298489,
              43.2607870172166
            ],
            [
              21.6243938572527,
              43.2606668643599
            ],
            [
              21.6242615226028,
              43.260542643571
            ],
            [
              21.6240187134791,
              43.2603596144869
            ],
            [
              21.6238993607091,
              43.2602519756444
            ],
            [
              21.6235473707093,
              43.2599440585349
            ],
            [
              21.6235562476264,
              43.2598611034632
            ],
            [
              21.6237046335163,
              43.2598096127393
            ],
            [
              21.6238580331273,
              43.2597067841997
            ],
            [
              21.6243019568036,
              43.2593969463204
            ],
            [
              21.6246119807646,
              43.2592057627925
            ],
            [
              21.6250909623059,
              43.2589279562297
            ],
            [
              21.6254430854883,
              43.2587347385457
            ],
            [
              21.6258498347082,
              43.2585358208288
            ],
            [
              21.6260950940181,
              43.2584311350551
            ],
            [
              21.6264482702441,
              43.2583165848198
            ],
            [
              21.6266984875058,
              43.2582151113709
            ],
            [
              21.6267760395279,
              43.2581630150904
            ],
            [
              21.6266251230264,
              43.2579687750887
            ],
            [
              21.6265284374426,
              43.2579212360679
            ],
            [
              21.6262518603166,
              43.25784344843
            ],
            [
              21.6262854932994,
              43.2576531464227
            ],
            [
              21.626380986531,
              43.2575136349847
            ],
            [
              21.6262774487161,
              43.2574345377519
            ],
            [
              21.6262075261449,
              43.2574620164437
            ],
            [
              21.6260664164327,
              43.2573942868573
            ],
            [
              21.6260030612282,
              43.2573061466883
            ],
            [
              21.6259101766293,
              43.2571970152377
            ],
            [
              21.6258822776991,
              43.2571550396305
            ],
            [
              21.6259099564858,
              43.2571518275032
            ],
            [
              21.6260956219301,
              43.2570851855524
            ],
            [
              21.6264220227051,
              43.256954669002
            ],
            [
              21.6268619078474,
              43.2567812204243
            ],
            [
              21.627434278451,
              43.256615772652
            ],
            [
              21.6275293549594,
              43.2565912150001
            ],
            [
              21.6279639694797,
              43.2564563183935
            ],
            [
              21.6280650058162,
              43.2564482907346
            ],
            [
              21.6280835697252,
              43.2564449480333
            ],
            [
              21.6281149964253,
              43.2564349631057
            ],
            [
              21.6283070730589,
              43.2563813354997
            ],
            [
              21.628668119062,
              43.2562905902784
            ],
            [
              21.6288193670367,
              43.2562311548745
            ],
            [
              21.6289439313576,
              43.2561758280326
            ],
            [
              21.6290376736061,
              43.2561294924079
            ],
            [
              21.6291665847074,
              43.2560658589407
            ],
            [
              21.6292102111849,
              43.2560207902197
            ],
            [
              21.6292564330415,
              43.2559884884082
            ],
            [
              21.6293009431428,
              43.2559574566461
            ],
            [
              21.6294354027425,
              43.2558230391947
            ],
            [
              21.6295654713676,
              43.2556929661811
            ],
            [
              21.6296848559434,
              43.2555539498785
            ],
            [
              21.6297248913298,
              43.2554952172551
            ],
            [
              21.629760921314,
              43.2554420877521
            ],
            [
              21.6298245296803,
              43.2553524393044
            ],
            [
              21.6298979753782,
              43.2552730884002
            ],
            [
              21.6299616026312,
              43.2551733572595
            ],
            [
              21.6300103370134,
              43.2551102561933
            ],
            [
              21.6299842556807,
              43.2551011277422
            ],
            [
              21.6297153545412,
              43.2550265469357
            ],
            [
              21.6295141529486,
              43.2549479910911
            ],
            [
              21.6293506213006,
              43.2548556342209
            ],
            [
              21.6294009107689,
              43.2547761417873
            ],
            [
              21.6294078059793,
              43.2547403661771
            ],
            [
              21.6294267721068,
              43.2546926425065
            ],
            [
              21.6294509466517,
              43.254636517645
            ],
            [
              21.6295498728637,
              43.2544607976016
            ],
            [
              21.6296278284255,
              43.2543175088007
            ],
            [
              21.6296606955594,
              43.2542563852864
            ],
            [
              21.6296934394491,
              43.2541952633409
            ],
            [
              21.6297263042931,
              43.2541340497726
            ],
            [
              21.6297532250458,
              43.2541290399566
            ],
            [
              21.6298335225997,
              43.2540929493402
            ],
            [
              21.6298381060486,
              43.2540835628644
            ],
            [
              21.629939679598,
              43.2540326819399
            ],
            [
              21.6300245559168,
              43.2539987270913
            ],
            [
              21.6301272783164,
              43.2539635924162
            ],
            [
              21.6303531998064,
              43.2539083341728
            ],
            [
              21.6305557637344,
              43.2538216087038
            ],
            [
              21.6307047236101,
              43.2537797361748
            ],
            [
              21.6307851141674,
              43.2537292414296
            ],
            [
              21.6308418111495,
              43.2536860783179
            ],
            [
              21.6309005255147,
              43.2536474054787
            ],
            [
              21.631063094861,
              43.2535525253533
            ],
            [
              21.631198229523,
              43.2534843520113
            ],
            [
              21.631337996817,
              43.2534235349581
            ],
            [
              21.6315704088526,
              43.2533537418897
            ],
            [
              21.6316733416219,
              43.2533511898111
            ],
            [
              21.6317888473072,
              43.2533259737167
            ],
            [
              21.6319201065394,
              43.2532997700153
            ],
            [
              21.6320642686072,
              43.2532825859708
            ],
            [
              21.6321780475436,
              43.2532689914289
            ],
            [
              21.6322447604423,
              43.2532652901004
            ],
            [
              21.6324503670627,
              43.2532472247665
            ],
            [
              21.6324981898967,
              43.2532508296527
            ],
            [
              21.6325206453417,
              43.2535506451734
            ],
            [
              21.6325424369387,
              43.2537274994737
            ],
            [
              21.6325457812126,
              43.253753046098
            ],
            [
              21.632921933987,
              43.2537439337416
            ],
            [
              21.6330912057472,
              43.2537489338111
            ],
            [
              21.6334564112432,
              43.2538120751068
            ],
            [
              21.6337026377681,
              43.2538744372726
            ],
            [
              21.6337149720816,
              43.2538407014376
            ],
            [
              21.634147332009,
              43.2539660301176
            ],
            [
              21.6344871250772,
              43.2540721585433
            ],
            [
              21.6348644874185,
              43.2542376684569
            ],
            [
              21.6353650192572,
              43.254486477668
            ],
            [
              21.6354254693698,
              43.2544962226022
            ],
            [
              21.6357357261824,
              43.2545332880956
            ],
            [
              21.6361105917654,
              43.2545066196331
            ],
            [
              21.6364067808616,
              43.2543645347048
            ],
            [
              21.6364927879326,
              43.2542979800265
            ],
            [
              21.6365965628286,
              43.2542228647312
            ],
            [
              21.6367310709069,
              43.2541187705858
            ],
            [
              21.6368541398377,
              43.2540043882163
            ],
            [
              21.6370913051392,
              43.2537656814814
            ],
            [
              21.6371991652988,
              43.2536574156559
            ],
            [
              21.6374401041557,
              43.2534147260175
            ],
            [
              21.6375667913403,
              43.2532815984259
            ],
            [
              21.6377147399497,
              43.2531324184256
            ],
            [
              21.6379159146962,
              43.2528916603228
            ],
            [
              21.6380563930324,
              43.2527352286593
            ],
            [
              21.638189353502,
              43.2525782102369
            ],
            [
              21.6383140733976,
              43.2524106148461
            ],
            [
              21.6384277470448,
              43.2522467719743
            ],
            [
              21.6385443849448,
              43.2520719294582
            ],
            [
              21.6386416829246,
              43.2519084488148
            ],
            [
              21.638750379749,
              43.2517399518732
            ],
            [
              21.6388670759986,
              43.251570870769
            ],
            [
              21.6388979728478,
              43.2515226268413
            ],
            [
              21.6392149961814,
              43.2511389853149
            ],
            [
              21.6394287262118,
              43.2508054342442
            ],
            [
              21.6395348232192,
              43.2506477548508
            ],
            [
              21.6396030789718,
              43.2506623146614
            ],
            [
              21.6396488172954,
              43.2506084964981
            ],
            [
              21.6397056256346,
              43.2505416533027
            ],
            [
              21.6397642564869,
              43.2504726396676
            ],
            [
              21.6398278643566,
              43.2504083679322
            ],
            [
              21.6399059729789,
              43.2503294328986
            ],
            [
              21.6399916357025,
              43.2502428934343
            ],
            [
              21.6400426924478,
              43.2501912956193
            ],
            [
              21.640092529556,
              43.2501408743112
            ],
            [
              21.6401287196008,
              43.2501043028781
            ],
            [
              21.6401445696846,
              43.2500890908542
            ],
            [
              21.6402021173533,
              43.2500341258193
            ],
            [
              21.6402744163981,
              43.2499650345212
            ],
            [
              21.6403357029024,
              43.2499025773242
            ],
            [
              21.64044353204,
              43.2497927777575
            ],
            [
              21.6405330868734,
              43.2497016246136
            ],
            [
              21.6406283658319,
              43.249604588113
            ],
            [
              21.6407060924806,
              43.2495246641499
            ],
            [
              21.6408132999653,
              43.2494143274307
            ],
            [
              21.6409670290196,
              43.2492663714076
            ],
            [
              21.6411819548218,
              43.2490593779898
            ],
            [
              21.6412966899441,
              43.2489507086016
            ],
            [
              21.6415543243362,
              43.2487066567741
            ],
            [
              21.6416384286909,
              43.2486245352791
            ],
            [
              21.6421034270133,
              43.2489153790387
            ],
            [
              21.6423577854753,
              43.249107306295
            ],
            [
              21.642761757153,
              43.2493677940328
            ],
            [
              21.642821523298,
              43.2494063457239
            ],
            [
              21.6432235311509,
              43.2496787254
            ],
            [
              21.643264462787,
              43.2497063997773
            ],
            [
              21.6432711615335,
              43.2497109526837
            ],
            [
              21.6434210875817,
              43.249785812572
            ],
            [
              21.6438701633914,
              43.2500948316991
            ],
            [
              21.6441782019845,
              43.2502844716761
            ],
            [
              21.6442935815568,
              43.2501555414971
            ],
            [
              21.6446192477871,
              43.2497895718306
            ],
            [
              21.6447038046365,
              43.2496923231227
            ],
            [
              21.6448140527331,
              43.2495673824776
            ],
            [
              21.6448723890097,
              43.2494943175817
            ],
            [
              21.6449225582208,
              43.2494292191996
            ],
            [
              21.6449428965331,
              43.2494077697911
            ],
            [
              21.6451558661224,
              43.2495280894649
            ],
            [
              21.6452205607554,
              43.2494855944718
            ],
            [
              21.6452970826895,
              43.2494088249179
            ],
            [
              21.6453566133237,
              43.249343944576
            ],
            [
              21.645427011736,
              43.2492703602108
            ],
            [
              21.6455254493829,
              43.2491700610304
            ],
            [
              21.6455135592895,
              43.249117196928
            ],
            [
              21.6455568940871,
              43.2490464665953
            ],
            [
              21.6456398630378,
              43.248962279303
            ],
            [
              21.6457495804613,
              43.2488457123719
            ],
            [
              21.6458908348565,
              43.2486723459579
            ],
            [
              21.6459655605333,
              43.2485773120287
            ],
            [
              21.6460314164343,
              43.2484936713145
            ],
            [
              21.6460475633018,
              43.248483407557
            ],
            [
              21.6460592267895,
              43.2484568760827
            ],
            [
              21.6461062225557,
              43.2484062889983
            ],
            [
              21.6461764758286,
              43.2483308140022
            ],
            [
              21.6462076448056,
              43.2482972405391
            ],
            [
              21.6462425878675,
              43.2482596845953
            ],
            [
              21.6462737577147,
              43.2482262002552
            ],
            [
              21.6463753748974,
              43.248123993186
            ],
            [
              21.6464560581523,
              43.2480567406679
            ],
            [
              21.646541260648,
              43.2479858624856
            ],
            [
              21.6466217413447,
              43.2479111407258
            ],
            [
              21.6466296078781,
              43.2478982231925
            ],
            [
              21.6467425170501,
              43.2478041426026
            ],
            [
              21.6467927648101,
              43.247746785149
            ],
            [
              21.6468408530445,
              43.2476946616882
            ],
            [
              21.6469097836132,
              43.2475760748825
            ],
            [
              21.646951776324,
              43.2475067022938
            ],
            [
              21.6469831505074,
              43.2474579140757
            ],
            [
              21.6469914276792,
              43.2474487752524
            ],
            [
              21.6470830860545,
              43.2473251981712
            ],
            [
              21.6470934225711,
              43.2473128969594
            ],
            [
              21.6471265114878,
              43.2472747218025
            ],
            [
              21.6471659254635,
              43.2472293080218
            ],
            [
              21.6471894035126,
              43.2472021693066
            ],
            [
              21.647205123143,
              43.2471865068035
            ],
            [
              21.6473039182758,
              43.2470741413905
            ],
            [
              21.6474323038171,
              43.246895624941
            ],
            [
              21.6474850570068,
              43.246795944579
            ],
            [
              21.6474960118023,
              43.2467840000167
            ],
            [
              21.6474992981031,
              43.2467803804499
            ],
            [
              21.6475384016608,
              43.2466825773545
            ],
            [
              21.6475517177434,
              43.2466494647613
            ],
            [
              21.6474891826541,
              43.246628395744
            ],
            [
              21.6474973725997,
              43.2466111558796
            ],
            [
              21.6475218239957,
              43.2465598862861
            ],
            [
              21.6475413262321,
              43.2465178267594
            ],
            [
              21.6475550508831,
              43.246488401964
            ],
            [
              21.6475701504481,
              43.246460860363
            ],
            [
              21.6476511416518,
              43.2462955759539
            ],
            [
              21.6477072715151,
              43.2462010072205
            ],
            [
              21.647745766455,
              43.2461501073911
            ],
            [
              21.6478145332651,
              43.2460742804937
            ],
            [
              21.6478934895458,
              43.2460184708456
            ],
            [
              21.647972368107,
              43.2459554587505
            ],
            [
              21.648039885734,
              43.2458895412225
            ],
            [
              21.6480507794668,
              43.2458717457195
            ],
            [
              21.6480994053509,
              43.2458125968302
            ],
            [
              21.6481462077107,
              43.2457556184711
            ],
            [
              21.6482535026629,
              43.2455975657029
            ],
            [
              21.6483477000872,
              43.2454468781427
            ],
            [
              21.6480595588857,
              43.2453786616876
            ],
            [
              21.6480947675791,
              43.2453199489926
            ],
            [
              21.6481315303805,
              43.2452569070417
            ],
            [
              21.6481439876867,
              43.2452356817961
            ],
            [
              21.6482415979903,
              43.2450817341971
            ],
            [
              21.6483306440162,
              43.2448869673671
            ],
            [
              21.6483551391787,
              43.2448398376792
            ],
            [
              21.6483782145351,
              43.2447865955606
            ],
            [
              21.6483967242714,
              43.2447440912681
            ],
            [
              21.6484033022901,
              43.2447257799103
            ],
            [
              21.64844444653,
              43.2446119428999
            ],
            [
              21.6484759189891,
              43.2445379487268
            ],
            [
              21.6485127770834,
              43.2444608633255
            ],
            [
              21.6485029338167,
              43.2444155500084
            ],
            [
              21.6485365416937,
              43.2443339824904
            ],
            [
              21.6485700301256,
              43.2442527749249
            ],
            [
              21.6486227557448,
              43.2440934130096
            ],
            [
              21.6486554282533,
              43.2440050990554
            ],
            [
              21.6486817611084,
              43.243934104602
            ],
            [
              21.6487026697854,
              43.2438971686449
            ],
            [
              21.6487237003633,
              43.2438602310921
            ],
            [
              21.6487565737541,
              43.2437906402753
            ],
            [
              21.6488132918766,
              43.2436708626553
            ],
            [
              21.6488483511478,
              43.2435868564435
            ],
            [
              21.6488687599015,
              43.2435377705877
            ],
            [
              21.6489039766556,
              43.2434686157658
            ],
            [
              21.6489369301752,
              43.2433374514072
            ],
            [
              21.6490044891396,
              43.2431720638623
            ],
            [
              21.6490173301291,
              43.2431407538085
            ],
            [
              21.649053204734,
              43.2430409000841
            ],
            [
              21.6491067721946,
              43.2428914346731
            ],
            [
              21.6492169063832,
              43.2425391061533
            ],
            [
              21.6493250794999,
              43.2421876891056
            ],
            [
              21.6493258906976,
              43.2421830029723
            ],
            [
              21.6493937269421,
              43.2417673629526
            ],
            [
              21.6494007169311,
              43.2417301456812
            ],
            [
              21.6494403440963,
              43.2415208070093
            ],
            [
              21.6494832627915,
              43.2413429569785
            ],
            [
              21.6494889404275,
              43.2413212297847
            ],
            [
              21.6494654798368,
              43.2413151524607
            ],
            [
              21.6494515098152,
              43.241309920818
            ],
            [
              21.6494010725025,
              43.2412913036465
            ],
            [
              21.6494365608717,
              43.2411786689298
            ],
            [
              21.6495140947137,
              43.240933108015
            ],
            [
              21.6495587774023,
              43.240793595226
            ],
            [
              21.649561159056,
              43.2407860195773
            ],
            [
              21.6496157835228,
              43.240643479668
            ],
            [
              21.6496582453074,
              43.2405381864013
            ],
            [
              21.649667502587,
              43.2405057278065
            ],
            [
              21.6497082016876,
              43.2403621863699
            ],
            [
              21.6497615204334,
              43.2402243353272
            ],
            [
              21.6497906369012,
              43.2401490934667
            ],
            [
              21.6498239281658,
              43.240130360131
            ],
            [
              21.6498274590084,
              43.2400920828128
            ],
            [
              21.649913405319,
              43.23989652358
            ],
            [
              21.6499471665034,
              43.2398181954986
            ],
            [
              21.6499849573947,
              43.239736603727
            ],
            [
              21.6500165339469,
              43.2396726901139
            ],
            [
              21.6498345801442,
              43.2396069334979
            ],
            [
              21.6496389084655,
              43.2395363028242
            ],
            [
              21.6496223475196,
              43.2395190232506
            ],
            [
              21.6494328581433,
              43.2394393560408
            ],
            [
              21.6493158724664,
              43.2393922215058
            ],
            [
              21.6491568427688,
              43.2393282237663
            ],
            [
              21.6489999022262,
              43.2392650324773
            ],
            [
              21.6488901016449,
              43.239220818379
            ],
            [
              21.6487836934886,
              43.2391724535894
            ],
            [
              21.6485759492194,
              43.2390781253171
            ],
            [
              21.6484500450838,
              43.2390028648238
            ],
            [
              21.6484208002528,
              43.238985387733
            ],
            [
              21.6482985075133,
              43.238948445813
            ],
            [
              21.648264907713,
              43.2389382934541
            ],
            [
              21.6481104040942,
              43.2388713871073
            ],
            [
              21.6479322752559,
              43.2387943526371
            ],
            [
              21.6475848051981,
              43.2386560759435
            ],
            [
              21.6475296757213,
              43.2386359546036
            ],
            [
              21.647104949223,
              43.2384805609131
            ],
            [
              21.6470364695369,
              43.2384554740347
            ],
            [
              21.6468193391949,
              43.2383692962535
            ],
            [
              21.6467296450418,
              43.238329205785
            ],
            [
              21.646691195247,
              43.2383144717875
            ],
            [
              21.6465226851816,
              43.23824990174
            ],
            [
              21.64635270392,
              43.2381847724611
            ],
            [
              21.646261452647,
              43.2381498392968
            ],
            [
              21.6461809682083,
              43.2381189684834
            ],
            [
              21.6460808052718,
              43.2380785764513
            ],
            [
              21.6460246133855,
              43.2380626016351
            ],
            [
              21.6459132163613,
              43.2380310137392
            ],
            [
              21.645787864853,
              43.2379954361983
            ],
            [
              21.6457533339881,
              43.2378166739474
            ],
            [
              21.6457780679292,
              43.2376533308214
            ],
            [
              21.6454651224274,
              43.2375875862455
            ],
            [
              21.6453077802375,
              43.2375656101502
            ],
            [
              21.6450032393225,
              43.2375144900227
            ],
            [
              21.6444257429734,
              43.2374415048018
            ],
            [
              21.6444100854767,
              43.2374395219286
            ],
            [
              21.6441243798963,
              43.2373996356484
            ],
            [
              21.64351776736,
              43.2373208684938
            ],
            [
              21.6430704066608,
              43.2372700071666
            ],
            [
              21.6430501748552,
              43.237266249786
            ],
            [
              21.6430506388636,
              43.2372658689812
            ],
            [
              21.6430522737965,
              43.2372645189938
            ],
            [
              21.6430736101766,
              43.2372469443812
            ],
            [
              21.6430793724485,
              43.2371632837242
            ],
            [
              21.6430906923016,
              43.2370010962243
            ],
            [
              21.64309070367,
              43.2370010061136
            ],
            [
              21.6430901741556,
              43.2369951578491
            ],
            [
              21.6430821914796,
              43.2369064435901
            ],
            [
              21.6430623624884,
              43.2366875387144
            ],
            [
              21.6430540180584,
              43.2365948662236
            ],
            [
              21.643037149816,
              43.2364786565843
            ],
            [
              21.6430167419186,
              43.2362956737121
            ],
            [
              21.6429812265695,
              43.2360581380385
            ],
            [
              21.6429446553265,
              43.2358138574682
            ],
            [
              21.6429423959924,
              43.2357947055013
            ],
            [
              21.6429358601187,
              43.2357391932508
            ],
            [
              21.6429210807211,
              43.2356412207264
            ],
            [
              21.6428938787996,
              43.2354608081054
            ],
            [
              21.6428925547579,
              43.2354520125686
            ],
            [
              21.6428073052035,
              43.2352151164844
            ],
            [
              21.6427119915585,
              43.235027517181
            ],
            [
              21.6426915385494,
              43.2349936150985
            ],
            [
              21.6425895510966,
              43.2348245875203
            ],
            [
              21.6425694193612,
              43.2347849134086
            ],
            [
              21.6424868216599,
              43.2346226266797
            ],
            [
              21.6424021404326,
              43.2344274952943
            ],
            [
              21.6423859863057,
              43.2343902291748
            ],
            [
              21.6423637832887,
              43.2343281521941
            ],
            [
              21.6423223211126,
              43.2342123533436
            ],
            [
              21.6423205576463,
              43.2342074394837
            ],
            [
              21.6422986980415,
              43.2341465041551
            ],
            [
              21.6422226872459,
              43.2339444821776
            ],
            [
              21.6422168078142,
              43.2339322823201
            ],
            [
              21.6422137248226,
              43.2339259081024
            ],
            [
              21.6421092684135,
              43.2337094554387
            ],
            [
              21.6420453330736,
              43.233671106752
            ],
            [
              21.6420462718578,
              43.2336703189759
            ],
            [
              21.6420695918989,
              43.2336506902439
            ],
            [
              21.6421147681609,
              43.233612655714
            ],
            [
              21.6421626718738,
              43.2335788101433
            ],
            [
              21.642291852598,
              43.2334886071495
            ],
            [
              21.6424150789954,
              43.2333941160978
            ],
            [
              21.6425347999777,
              43.2333059460806
            ],
            [
              21.6425966868297,
              43.2332323246266
            ],
            [
              21.6426361986551,
              43.2331617085343
            ],
            [
              21.642694393634,
              43.2330185240503
            ],
            [
              21.6427116771549,
              43.2329764786148
            ],
            [
              21.6427275989645,
              43.2328885322328
            ],
            [
              21.6427276103423,
              43.2328884430224
            ],
            [
              21.642742596551,
              43.2328155343179
            ],
            [
              21.6427482777795,
              43.232770673464
            ],
            [
              21.6427500905018,
              43.2327559009951
            ],
            [
              21.6428065128681,
              43.2325291899205
            ],
            [
              21.6428133866964,
              43.2325016068572
            ],
            [
              21.6428147814061,
              43.2324973316987
            ],
            [
              21.6428819592907,
              43.2322922911519
            ],
            [
              21.6428934757825,
              43.2322474785358
            ],
            [
              21.6429310300991,
              43.2321014482645
            ],
            [
              21.6429310537813,
              43.2321013580845
            ],
            [
              21.642960806839,
              43.2319941512344
            ],
            [
              21.6429871209419,
              43.2318993145346
            ],
            [
              21.6429791878577,
              43.2318827058533
            ],
            [
              21.6430217205323,
              43.2316790274599
            ],
            [
              21.6430121933667,
              43.2316513564759
            ],
            [
              21.6429891554326,
              43.2316267311785
            ],
            [
              21.64298141787,
              43.2316214546988
            ],
            [
              21.6429378145459,
              43.2315917330662
            ],
            [
              21.6428371156635,
              43.2315345086855
            ],
            [
              21.6427865697791,
              43.2314931154096
            ],
            [
              21.6427496411366,
              43.2314123977638
            ],
            [
              21.6427265240483,
              43.2313918231662
            ],
            [
              21.6426062456471,
              43.2313341962175
            ],
            [
              21.6424171661648,
              43.2312435940563
            ],
            [
              21.6423022965572,
              43.2311850989755
            ],
            [
              21.6421169049658,
              43.2310821707002
            ],
            [
              21.642001721374,
              43.2310056731011
            ],
            [
              21.6418192519984,
              43.2308879656508
            ],
            [
              21.6416946759703,
              43.2308196219549
            ],
            [
              21.6415925275383,
              43.2307416109694
            ],
            [
              21.6413988703309,
              43.2305902988516
            ],
            [
              21.6413438409182,
              43.2305672032868
            ],
            [
              21.6413049899332,
              43.2305489677792
            ],
            [
              21.6410104704809,
              43.2304876981972
            ],
            [
              21.6406869593676,
              43.2304089464384
            ],
            [
              21.640518031658,
              43.2303608339511
            ],
            [
              21.6403750702475,
              43.2303115862455
            ],
            [
              21.6400921992462,
              43.2302223435501
            ],
            [
              21.6400566971722,
              43.2302063391508
            ],
            [
              21.6400891937224,
              43.2300660002051
            ],
            [
              21.640130227893,
              43.2299296637834
            ],
            [
              21.6401454891769,
              43.2299070468451
            ],
            [
              21.640145525459,
              43.2299069836092
            ],
            [
              21.6401710423386,
              43.2298063547608
            ],
            [
              21.6402022370825,
              43.2296836938663
            ],
            [
              21.6400463682925,
              43.2296362270666
            ],
            [
              21.6399283627141,
              43.2296068223779
            ],
            [
              21.6396233932986,
              43.2295464171878
            ],
            [
              21.6393711753449,
              43.2294915685136
            ],
            [
              21.6393711012736,
              43.2294915509182
            ],
            [
              21.6393453956968,
              43.2294869410085
            ],
            [
              21.6394290602602,
              43.2292370352991
            ],
            [
              21.6394454251124,
              43.2292011168538
            ],
            [
              21.6395973622663,
              43.229249596075
            ],
            [
              21.6397992229094,
              43.2290589797304
            ],
            [
              21.6400858838048,
              43.2288198188172
            ],
            [
              21.6402494806505,
              43.2286316669309
            ],
            [
              21.6403408250477,
              43.2285148528398
            ],
            [
              21.6404538490534,
              43.2283758630052
            ],
            [
              21.6405425081761,
              43.2282729265087
            ],
            [
              21.6406511204306,
              43.228170867817
            ],
            [
              21.6407298662615,
              43.2280968827532
            ],
            [
              21.6408121917015,
              43.2279770580946
            ],
            [
              21.6410528219883,
              43.227680816063
            ],
            [
              21.6411232002814,
              43.2275777942477
            ],
            [
              21.641200972806,
              43.2274639469194
            ],
            [
              21.6413204775179,
              43.22725083825
            ],
            [
              21.6414636296196,
              43.2269688243862
            ],
            [
              21.6415223607806,
              43.2267597481761
            ],
            [
              21.6415670808335,
              43.2266462570217
            ],
            [
              21.6416509539661,
              43.2264516210353
            ],
            [
              21.6417401610884,
              43.2262375121168
            ],
            [
              21.6417775486958,
              43.2260357565368
            ],
            [
              21.6417755282837,
              43.2259260384268
            ],
            [
              21.6417449321704,
              43.2258614879026
            ],
            [
              21.641757102954,
              43.2258249632067
            ],
            [
              21.642196346357,
              43.2257789290262
            ],
            [
              21.64253340628,
              43.225790538011
            ],
            [
              21.6426722645795,
              43.2258018197976
            ],
            [
              21.6428667393563,
              43.2258339418229
            ],
            [
              21.6429394750662,
              43.2258437047616
            ],
            [
              21.6430277440345,
              43.2258556306166
            ],
            [
              21.6431523098055,
              43.2258657314998
            ],
            [
              21.6432637182966,
              43.2258656453793
            ],
            [
              21.6433622007646,
              43.2258655408985
            ],
            [
              21.6434578287808,
              43.2258632021146
            ],
            [
              21.6435612106428,
              43.225860730484
            ],
            [
              21.6436814873667,
              43.2258959699216
            ],
            [
              21.6437617065242,
              43.2259265730238
            ],
            [
              21.6438511916417,
              43.2259835896254
            ],
            [
              21.6438997609825,
              43.2260246334107
            ],
            [
              21.6439466056487,
              43.226077299341
            ],
            [
              21.64407657674,
              43.226283783745
            ],
            [
              21.6442338739514,
              43.2265015464709
            ],
            [
              21.6442829412859,
              43.2265895755919
            ],
            [
              21.644357370786,
              43.2266428955099
            ],
            [
              21.6445094849613,
              43.2266851548926
            ],
            [
              21.6446804446254,
              43.2267630448088
            ],
            [
              21.6448364516682,
              43.2268472301936
            ],
            [
              21.6448741469918,
              43.2266058647392
            ],
            [
              21.6449527517536,
              43.2262404972709
            ],
            [
              21.6450307595019,
              43.2258908850096
            ],
            [
              21.6450307831787,
              43.2258907948292
            ],
            [
              21.6450583331501,
              43.225750214829
            ],
            [
              21.6450583445137,
              43.2257501247179
            ],
            [
              21.6450899031429,
              43.2256406675517
            ],
            [
              21.6450899268195,
              43.2256405773712
            ],
            [
              21.6451077774067,
              43.2255849276294
            ],
            [
              21.6451078011782,
              43.2255848464531
            ],
            [
              21.6451277336062,
              43.2255257739881
            ],
            [
              21.6451354186375,
              43.2254843234459
            ],
            [
              21.6451504028891,
              43.2254463417701
            ],
            [
              21.6451635344857,
              43.2253960386063
            ],
            [
              21.6451727195365,
              43.2253568298752
            ],
            [
              21.6451836941807,
              43.2253237324439
            ],
            [
              21.6451950296561,
              43.2252898225535
            ],
            [
              21.6452060020862,
              43.2252566341848
            ],
            [
              21.6452346358917,
              43.2251707776718
            ],
            [
              21.645262789447,
              43.22508609447
            ],
            [
              21.6452786541248,
              43.2250382062422
            ],
            [
              21.6453447575363,
              43.2248406979857
            ],
            [
              21.6453869462858,
              43.2247051661775
            ],
            [
              21.6454002321274,
              43.2246625134032
            ],
            [
              21.645418437053,
              43.2246032705307
            ],
            [
              21.6454490605944,
              43.2245077704017
            ],
            [
              21.6454858879874,
              43.2243820803199
            ],
            [
              21.6455288580464,
              43.224255185851
            ],
            [
              21.6456085120822,
              43.2242594259958
            ],
            [
              21.6457166325593,
              43.2242651883885
            ],
            [
              21.645848240677,
              43.2242721957979
            ],
            [
              21.6458944203626,
              43.2242841229362
            ],
            [
              21.6459577329894,
              43.2243004718726
            ],
            [
              21.6460449253081,
              43.2240838513927
            ],
            [
              21.6460849463312,
              43.2239692152537
            ],
            [
              21.6461324652741,
              43.2238187097478
            ],
            [
              21.6461442657526,
              43.2237823847695
            ],
            [
              21.6461764499161,
              43.2236833475769
            ],
            [
              21.6461770367455,
              43.2236782854213
            ],
            [
              21.64617825519,
              43.2236678546973
            ],
            [
              21.6461858789157,
              43.2236681358036
            ],
            [
              21.6462915521756,
              43.2236720754191
            ],
            [
              21.6466046980583,
              43.2237279152449
            ],
            [
              21.6467144328391,
              43.2237535616563
            ],
            [
              21.6468815014327,
              43.223792601534
            ],
            [
              21.6469030525517,
              43.2238026333679
            ],
            [
              21.6469092124523,
              43.2238054971475
            ],
            [
              21.6470172841405,
              43.2238240587694
            ],
            [
              21.6470949419425,
              43.2238374012161
            ],
            [
              21.6472806716229,
              43.2238693049817
            ],
            [
              21.6474578926615,
              43.2238997888361
            ],
            [
              21.6475115241431,
              43.223907496767
            ],
            [
              21.6475826614163,
              43.2239176250926
            ],
            [
              21.6476551429991,
              43.2239279537718
            ],
            [
              21.647694978095,
              43.2239336416279
            ],
            [
              21.6477749493404,
              43.223941002199
            ],
            [
              21.6478736504366,
              43.2239500927005
            ],
            [
              21.6480245087704,
              43.2239670792515
            ],
            [
              21.6480531027147,
              43.2239703012393
            ],
            [
              21.6481598361684,
              43.2239823166415
            ],
            [
              21.6481677682196,
              43.223983801598
            ],
            [
              21.6483642248731,
              43.2240206746505
            ],
            [
              21.6483653161398,
              43.2240179139279
            ],
            [
              21.6483736213649,
              43.2239967490342
            ],
            [
              21.6484016180973,
              43.223925495545
            ],
            [
              21.6484278534548,
              43.2238575648612
            ],
            [
              21.6484614555375,
              43.2236840041963
            ],
            [
              21.6484562310326,
              43.223573764049
            ],
            [
              21.6484558977775,
              43.2235668350199
            ],
            [
              21.6484250896298,
              43.2233789671836
            ],
            [
              21.6484039572544,
              43.2233020328361
            ],
            [
              21.6483805211959,
              43.2232167407701
            ],
            [
              21.6483545644539,
              43.2231352620675
            ],
            [
              21.6483193859971,
              43.2230248143672
            ],
            [
              21.6482690010088,
              43.2228596511127
            ],
            [
              21.6482536302163,
              43.222803387691
            ],
            [
              21.6482279123646,
              43.2227096747122
            ],
            [
              21.6482012478808,
              43.2226124912748
            ],
            [
              21.6481769130395,
              43.2225237833627
            ],
            [
              21.6480836743633,
              43.2222647069388
            ],
            [
              21.6480632510716,
              43.2222080227739
            ],
            [
              21.6480119510509,
              43.2220019066732
            ],
            [
              21.6480119377849,
              43.2220018167013
            ],
            [
              21.6483495966435,
              43.221851736537
            ],
            [
              21.6487078513,
              43.2216594109793
            ],
            [
              21.6491938627867,
              43.2213848055627
            ],
            [
              21.649497707266,
              43.2212389642006
            ],
            [
              21.6495596487432,
              43.2212101045177
            ],
            [
              21.6496835205363,
              43.2211523941193
            ],
            [
              21.6498282894661,
              43.2210725375764
            ],
            [
              21.6499670504251,
              43.2209960278153
            ],
            [
              21.649967185093,
              43.2209959550126
            ],
            [
              21.6501026437545,
              43.2209191306745
            ],
            [
              21.6501728752892,
              43.2208793044426
            ],
            [
              21.6502299901265,
              43.2208469158693
            ],
            [
              21.6502301246981,
              43.2208468340621
            ],
            [
              21.6504142089515,
              43.2207370476825
            ],
            [
              21.6505859426911,
              43.2206372067033
            ],
            [
              21.6505879238502,
              43.2206360518388
            ],
            [
              21.6504950409126,
              43.2205708240709
            ],
            [
              21.6504918030742,
              43.2205685471826
            ],
            [
              21.6504008570982,
              43.2205014623586
            ],
            [
              21.6503089340181,
              43.2204351033923
            ],
            [
              21.6500367988064,
              43.2202188127109
            ],
            [
              21.6500055357313,
              43.2201845140331
            ],
            [
              21.6502185340783,
              43.22008509647
            ],
            [
              21.6504290824237,
              43.2199753397285
            ],
            [
              21.6507055849845,
              43.2198404535287
            ],
            [
              21.6510197817926,
              43.2197311857567
            ],
            [
              21.6511197451768,
              43.219697851417
            ],
            [
              21.651190991934,
              43.2196725109495
            ],
            [
              21.6515908730969,
              43.2195299911103
            ],
            [
              21.6517555371604,
              43.2194807149353
            ],
            [
              21.651909016518,
              43.2195020739474
            ],
            [
              21.6519774181011,
              43.2194985333893
            ],
            [
              21.6520392275558,
              43.2194886397234
            ],
            [
              21.6521429643622,
              43.219462753286
            ],
            [
              21.652419792461,
              43.2193816020702
            ],
            [
              21.6524944332448,
              43.219362993163
            ],
            [
              21.6525690739827,
              43.2193443842074
            ],
            [
              21.6526311140612,
              43.2193330490534
            ],
            [
              21.6527138895375,
              43.2193154732595
            ],
            [
              21.6530020607121,
              43.2192361460021
            ],
            [
              21.6533061179425,
              43.2191576268677
            ],
            [
              21.6536261499171,
              43.2190881077058
            ],
            [
              21.6538249200779,
              43.2190400735303
            ],
            [
              21.6540145891388,
              43.2189813799411
            ],
            [
              21.6541446143702,
              43.218916276273
            ],
            [
              21.6542152397556,
              43.218856282857
            ],
            [
              21.6542359317909,
              43.2188116974772
            ],
            [
              21.654298626829,
              43.2186322100669
            ],
            [
              21.6543429407795,
              43.2185739960048
            ],
            [
              21.6543757611509,
              43.2185308720254
            ],
            [
              21.6544380642674,
              43.2184490347269
            ],
            [
              21.6544440366783,
              43.2184411781708
            ],
            [
              21.6544399577484,
              43.2184029720172
            ],
            [
              21.6544326774804,
              43.218334936271
            ],
            [
              21.65442654402,
              43.218279612213
            ],
            [
              21.654394280599,
              43.218163768405
            ],
            [
              21.6543940906299,
              43.2181632742327
            ],
            [
              21.6543802293556,
              43.2181275733132
            ],
            [
              21.6543776639018,
              43.2181225471521
            ],
            [
              21.6543631291184,
              43.2180940952712
            ],
            [
              21.6543665979144,
              43.2180389864236
            ],
            [
              21.6543748725558,
              43.2179613473183
            ],
            [
              21.6543738462182,
              43.2179001436812
            ],
            [
              21.6543617173156,
              43.2177680716568
            ],
            [
              21.6543583670577,
              43.2177426164983
            ],
            [
              21.6543125049858,
              43.2176441331775
            ],
            [
              21.654306884097,
              43.217556356804
            ],
            [
              21.6543057011312,
              43.2175379552426
            ],
            [
              21.6543074855928,
              43.2175344259959
            ],
            [
              21.6543304696311,
              43.2174889180044
            ],
            [
              21.6543583223694,
              43.2174337867407
            ],
            [
              21.6543634332647,
              43.217423666829
            ],
            [
              21.6543204433995,
              43.2174413215278
            ],
            [
              21.6542774044564,
              43.2174589945006
            ],
            [
              21.6542219173681,
              43.2173697473878
            ],
            [
              21.6542062261487,
              43.2173402044223
            ],
            [
              21.6541785758671,
              43.2172881730436
            ],
            [
              21.6541603152934,
              43.2172680871027
            ],
            [
              21.6541520813426,
              43.2172590241209
            ],
            [
              21.6541230211673,
              43.2172270110564
            ],
            [
              21.6541184133221,
              43.2172219965668
            ],
            [
              21.6541219249446,
              43.2171501450159
            ],
            [
              21.6541225500034,
              43.2171373232372
            ],
            [
              21.6541264847806,
              43.2170566833698
            ],
            [
              21.65412146064,
              43.2170358742975
            ],
            [
              21.6541093487402,
              43.2169854901597
            ],
            [
              21.6540633632166,
              43.2167951927014
            ],
            [
              21.654063674953,
              43.2167910685626
            ],
            [
              21.6540650950465,
              43.2167719956701
            ],
            [
              21.6540660534803,
              43.2167592620319
            ],
            [
              21.6540634629476,
              43.2167243511721
            ],
            [
              21.6540555701959,
              43.2166885701555
            ],
            [
              21.6540437057935,
              43.2166416324964
            ],
            [
              21.6540248482099,
              43.2165670471309
            ],
            [
              21.6540071323856,
              43.2165381181236
            ],
            [
              21.6539967844701,
              43.2165212097039
            ],
            [
              21.6540241843007,
              43.216413576432
            ],
            [
              21.6540740318851,
              43.2163170743008
            ],
            [
              21.6540754310204,
              43.2163143567836
            ],
            [
              21.6540615512829,
              43.2163045165497
            ],
            [
              21.6539838950765,
              43.2162494401615
            ],
            [
              21.6539110461587,
              43.2161593925578
            ],
            [
              21.6539124329873,
              43.2161543708072
            ],
            [
              21.6539373469074,
              43.2160640065874
            ],
            [
              21.6539664081542,
              43.2160651902685
            ],
            [
              21.6539687230494,
              43.2160618741071
            ],
            [
              21.6539770390363,
              43.216049944851
            ],
            [
              21.6539992590039,
              43.2160181050322
            ],
            [
              21.6539942596131,
              43.2160110045822
            ],
            [
              21.6539857596346,
              43.215998919325
            ],
            [
              21.6539891713565,
              43.2159579166761
            ],
            [
              21.6539905559599,
              43.2159412824607
            ],
            [
              21.6539862471454,
              43.2159273732016
            ],
            [
              21.6539789530028,
              43.2159038135496
            ],
            [
              21.6539696891531,
              43.2158663303651
            ],
            [
              21.6539703918645,
              43.2158642291505
            ],
            [
              21.6539987882761,
              43.215779480154
            ],
            [
              21.6539925852756,
              43.2157175857067
            ],
            [
              21.6539918076537,
              43.21571624845
            ],
            [
              21.6539535865636,
              43.2156506578041
            ],
            [
              21.6539407564168,
              43.2155916638339
            ],
            [
              21.6539396945905,
              43.2155867731409
            ],
            [
              21.6539396041798,
              43.2155863774504
            ],
            [
              21.6540080855261,
              43.2155804678842
            ],
            [
              21.6540167069022,
              43.2155797252337
            ],
            [
              21.6540029662771,
              43.215492220351
            ],
            [
              21.6539771088577,
              43.2154226068603
            ],
            [
              21.6539499228516,
              43.2153782051487
            ],
            [
              21.6539375316281,
              43.215359013099
            ],
            [
              21.6539272099149,
              43.2153377381344
            ],
            [
              21.6539214949364,
              43.215298344567
            ],
            [
              21.653922519368,
              43.2152975471969
            ],
            [
              21.6540709774644,
              43.2151823440443
            ],
            [
              21.6541104537053,
              43.2151517112201
            ],
            [
              21.6540710153656,
              43.2151240320066
            ],
            [
              21.654012973261,
              43.215083137564
            ],
            [
              21.6542073521557,
              43.214959786269
            ],
            [
              21.654216564931,
              43.2149489585443
            ],
            [
              21.6542851430527,
              43.2148683370513
            ],
            [
              21.6545013987093,
              43.2147526104887
            ],
            [
              21.6546192380012,
              43.2146895470899
            ],
            [
              21.6546251248274,
              43.2146624461349
            ],
            [
              21.6546417561867,
              43.2145859918914
            ],
            [
              21.6546546158886,
              43.2144426145811
            ],
            [
              21.6546495746967,
              43.2143628913765
            ],
            [
              21.6546352706648,
              43.2141887049911
            ],
            [
              21.6546192652926,
              43.2140851901321
            ],
            [
              21.6546189164436,
              43.2140836532225
            ],
            [
              21.6545835984286,
              43.2139273290561
            ],
            [
              21.6545544553553,
              43.2137466568128
            ],
            [
              21.6545319089293,
              43.2135521750021
            ],
            [
              21.6545301733755,
              43.2135372425069
            ],
            [
              21.654529701855,
              43.2135311418084
            ],
            [
              21.654516279542,
              43.2133553123802
            ],
            [
              21.6545149562844,
              43.2131864536107
            ],
            [
              21.6545084371621,
              43.2130608300927
            ],
            [
              21.6545281087782,
              43.2128297411634
            ],
            [
              21.6545617943167,
              43.2126659021096
            ],
            [
              21.6546304124824,
              43.2124187252993
            ],
            [
              21.6546308748756,
              43.2124170666859
            ],
            [
              21.6544827772554,
              43.2123222290174
            ],
            [
              21.654231919534,
              43.2121480457859
            ],
            [
              21.6541345713172,
              43.2119881969148
            ],
            [
              21.6536348406913,
              43.2110441026053
            ],
            [
              21.653157782101,
              43.2108011785522
            ],
            [
              21.6526076934745,
              43.2105994452001
            ],
            [
              21.6523173245446,
              43.2105270203256
            ],
            [
              21.6518789897361,
              43.2104861314378
            ],
            [
              21.6515205511449,
              43.2105048266601
            ],
            [
              21.6511767450705,
              43.2106029194388
            ],
            [
              21.6509370890922,
              43.2107729696527
            ],
            [
              21.6506155974845,
              43.2110939896918
            ],
            [
              21.6504803355287,
              43.211531958713
            ],
            [
              21.6504723260318,
              43.2117384968699
            ],
            [
              21.6505676648311,
              43.2121606632447
            ],
            [
              21.6505453068978,
              43.2123490106056
            ],
            [
              21.650633138349,
              43.212794082548
            ],
            [
              21.6505290554999,
              43.2132359262927
            ],
            [
              21.650526748563,
              43.2136883516604
            ],
            [
              21.650521341431,
              43.2139542853568
            ],
            [
              21.6503749621696,
              43.2140661952958
            ],
            [
              21.6501814520401,
              43.2142021372626
            ],
            [
              21.6497287514449,
              43.2144324465906
            ],
            [
              21.6492777945509,
              43.2145495054363
            ],
            [
              21.6491381050483,
              43.2145619106394
            ],
            [
              21.6486738975427,
              43.2146253039548
            ],
            [
              21.6484674024543,
              43.2145363698652
            ],
            [
              21.6480234463216,
              43.2143168202574
            ],
            [
              21.647621473331,
              43.2141096333555
            ],
            [
              21.6473139509574,
              43.2139530385138
            ],
            [
              21.6469088588375,
              43.2137643201048
            ],
            [
              21.6465309155503,
              43.2135358413806
            ],
            [
              21.6463641696751,
              43.2134339866753
            ],
            [
              21.6461786744745,
              43.213293442608
            ],
            [
              21.6457614808556,
              43.2131002879037
            ],
            [
              21.6453357503429,
              43.2130305003339
            ],
            [
              21.644942055086,
              43.2131150848507
            ],
            [
              21.6446943802398,
              43.2131695006462
            ],
            [
              21.6442915985632,
              43.2132562943607
            ],
            [
              21.6438482458461,
              43.2134756366141
            ],
            [
              21.6436689033901,
              43.2136606355942
            ],
            [
              21.6436078754788,
              43.2139072579448
            ],
            [
              21.64353560289,
              43.214196251265
            ],
            [
              21.6434869451983,
              43.214390595502
            ],
            [
              21.6433900290455,
              43.2146189671054
            ],
            [
              21.6432414817595,
              43.214771747106
            ],
            [
              21.6430361194257,
              43.2150342139412
            ],
            [
              21.6427214729746,
              43.215403241194
            ],
            [
              21.6425685399015,
              43.215689175133
            ],
            [
              21.6423552898094,
              43.215846098446
            ],
            [
              21.6420713924768,
              43.215921864002
            ],
            [
              21.6417595542035,
              43.2158222585227
            ],
            [
              21.6412686514573,
              43.2157247357423
            ],
            [
              21.6409297616718,
              43.2156626356852
            ],
            [
              21.6406618931669,
              43.2154951797658
            ],
            [
              21.6403023825876,
              43.2153211260526
            ],
            [
              21.6398505105396,
              43.2152008759275
            ],
            [
              21.6393393991618,
              43.2150652022472
            ],
            [
              21.6392116719098,
              43.2150213597658
            ],
            [
              21.638934852335,
              43.2149033676692
            ],
            [
              21.6385539686538,
              43.2148729143443
            ],
            [
              21.6383587059108,
              43.2149497085301
            ],
            [
              21.6381805432105,
              43.2150845549384
            ],
            [
              21.6379282896345,
              43.2155021903887
            ],
            [
              21.637867465605,
              43.2159471093893
            ],
            [
              21.6377576850252,
              43.2163950017717
            ],
            [
              21.6375347062468,
              43.2167526124329
            ],
            [
              21.6374399228579,
              43.2168577384487
            ],
            [
              21.6372441532664,
              43.2169927715119
            ],
            [
              21.6371255230754,
              43.2171598690548
            ],
            [
              21.6369898115708,
              43.2173179704254
            ],
            [
              21.636641272732,
              43.2167560670381
            ],
            [
              21.6363184571963,
              43.2162052717431
            ],
            [
              21.6363308757279,
              43.2161993063813
            ],
            [
              21.6363409421217,
              43.2161944706861
            ],
            [
              21.6363643954221,
              43.2161831419647
            ],
            [
              21.636373109867,
              43.2161348462337
            ],
            [
              21.6363411682444,
              43.2160581524714
            ],
            [
              21.6361473517553,
              43.2156844145779
            ],
            [
              21.636082462083,
              43.2154933162532
            ],
            [
              21.6360489346836,
              43.2152762999396
            ],
            [
              21.6360538828953,
              43.2150215155281
            ],
            [
              21.6360542031786,
              43.2150050675351
            ],
            [
              21.636054301235,
              43.215000287287
            ],
            [
              21.6360524016817,
              43.2149904683009
            ],
            [
              21.6360490441702,
              43.2149730430335
            ],
            [
              21.6360239840459,
              43.2148431119465
            ],
            [
              21.6360222239559,
              43.2147464921272
            ],
            [
              21.6360178890485,
              43.2145079074616
            ],
            [
              21.6360176372855,
              43.2144943441568
            ],
            [
              21.636021863983,
              43.2142389514027
            ],
            [
              21.6360385947298,
              43.2140989944232
            ],
            [
              21.6360389576148,
              43.2140960037402
            ],
            [
              21.6361337064742,
              43.21409385517
            ],
            [
              21.6361505078944,
              43.2140173396111
            ],
            [
              21.6361554480488,
              43.2139599737041
            ],
            [
              21.6361146827129,
              43.2138749572295
            ],
            [
              21.6360855632953,
              43.2137617920738
            ],
            [
              21.6361263627239,
              43.2136732613539
            ],
            [
              21.6362083762893,
              43.2134886362987
            ],
            [
              21.636232011331,
              43.2134183833175
            ],
            [
              21.6363131471513,
              43.2132453116122
            ],
            [
              21.6363592713393,
              43.2131469117289
            ],
            [
              21.6363914852496,
              43.2130554129824
            ],
            [
              21.6364260654023,
              43.2129571772385
            ],
            [
              21.636429316875,
              43.2129479500244
            ],
            [
              21.6363405615806,
              43.2128283667269
            ],
            [
              21.6363229640742,
              43.2128203279458
            ],
            [
              21.6361238983044,
              43.2127293896868
            ],
            [
              21.6360201031276,
              43.2126604863799
            ],
            [
              21.6360163233827,
              43.2126579779681
            ],
            [
              21.6360116474787,
              43.2126404330555
            ],
            [
              21.6359877589054,
              43.2125507509916
            ],
            [
              21.6360170649755,
              43.2124576926806
            ],
            [
              21.6359739058519,
              43.2122964482812
            ],
            [
              21.6360011462249,
              43.212257906122
            ],
            [
              21.6360808784526,
              43.2121450794244
            ],
            [
              21.6362046004036,
              43.2119004517825
            ],
            [
              21.6362739883595,
              43.2118153611795
            ],
            [
              21.6362749782521,
              43.2117770009678
            ],
            [
              21.6362764393856,
              43.2117200226762
            ],
            [
              21.6362309349474,
              43.2116311452289
            ],
            [
              21.6362197774984,
              43.211609351922
            ],
            [
              21.636242823508,
              43.2115533242481
            ],
            [
              21.6362414422169,
              43.2115388757514
            ],
            [
              21.6362312201276,
              43.2114321402132
            ],
            [
              21.6361905663294,
              43.2113811492464
            ],
            [
              21.6361364505707,
              43.2113374972303
            ],
            [
              21.6359475455636,
              43.211185102544
            ],
            [
              21.6358588427132,
              43.2110701082486
            ],
            [
              21.6358674036199,
              43.2109587127796
            ],
            [
              21.6357755162179,
              43.210750660607
            ],
            [
              21.6357247938157,
              43.2107229756157
            ],
            [
              21.6355894828255,
              43.2106491710576
            ],
            [
              21.6354822465378,
              43.2105531641289
            ],
            [
              21.6354725825624,
              43.2105445048411
            ],
            [
              21.6353160069526,
              43.2104993072161
            ],
            [
              21.6353043296727,
              43.210495934061
            ],
            [
              21.6352797883663,
              43.2104473187756
            ],
            [
              21.6352295608907,
              43.210347826255
            ],
            [
              21.6351834045825,
              43.2103391894712
            ],
            [
              21.6351142515865,
              43.210326252718
            ],
            [
              21.634976025413,
              43.2102464763717
            ],
            [
              21.6349759634895,
              43.2102464406965
            ],
            [
              21.6350709512736,
              43.2101495962152
            ],
            [
              21.635071073439,
              43.2101495054898
            ],
            [
              21.6351012851182,
              43.2100842570368
            ],
            [
              21.6350866091816,
              43.2099985550133
            ],
            [
              21.6350566516764,
              43.2099226593172
            ],
            [
              21.6350681991439,
              43.2097314033214
            ],
            [
              21.63493286217,
              43.2095222427066
            ],
            [
              21.6349428859183,
              43.2093619606129
            ],
            [
              21.6349235362305,
              43.2092089804847
            ],
            [
              21.634917676679,
              43.2091627179146
            ],
            [
              21.6348966174327,
              43.2089838865947
            ],
            [
              21.634964572055,
              43.2089149168532
            ],
            [
              21.6349614918844,
              43.2088199683169
            ],
            [
              21.634960528135,
              43.2087863986476
            ],
            [
              21.634847287045,
              43.2087444788834
            ],
            [
              21.6347209764401,
              43.2086977167404
            ],
            [
              21.6346771154955,
              43.2085983137881
            ],
            [
              21.6346840804224,
              43.2084396695113
            ],
            [
              21.6346802156298,
              43.2084324898734
            ],
            [
              21.6345961153993,
              43.2082766019558
            ],
            [
              21.6345863179579,
              43.208265827219
            ],
            [
              21.6343405369006,
              43.2079954663817
            ],
            [
              21.6343395413109,
              43.207990863283
            ],
            [
              21.6343047254511,
              43.207829768164
            ],
            [
              21.634410480047,
              43.2076916372531
            ],
            [
              21.6343423377446,
              43.2074581578449
            ],
            [
              21.6343518880543,
              43.2072758248913
            ],
            [
              21.634282813507,
              43.2072250808415
            ],
            [
              21.634140059034,
              43.2070830203273
            ],
            [
              21.6341652057115,
              43.2069685614089
            ],
            [
              21.6342187262676,
              43.2067660014085
            ],
            [
              21.6342178259127,
              43.206762270338
            ],
            [
              21.6342037943962,
              43.2067028034566
            ],
            [
              21.6341629348261,
              43.2065367729521
            ],
            [
              21.6340388888257,
              43.2063117947929
            ],
            [
              21.6339154004288,
              43.2060930248624
            ],
            [
              21.6337154997206,
              43.206048101082
            ],
            [
              21.6336726479696,
              43.206038473764
            ],
            [
              21.6336592887618,
              43.2060082126263
            ],
            [
              21.6336061595183,
              43.2058217262803
            ],
            [
              21.6336163169906,
              43.2058020469159
            ],
            [
              21.6336559816429,
              43.2057252239876
            ],
            [
              21.6335680804091,
              43.2055438819069
            ],
            [
              21.6335526457238,
              43.2055033704572
            ],
            [
              21.6335213567654,
              43.2053697820573
            ],
            [
              21.6334900054973,
              43.2053371010049
            ],
            [
              21.6333658492961,
              43.2052077178012
            ],
            [
              21.6333100511924,
              43.2051316053507
            ],
            [
              21.6333001782467,
              43.2051182204437
            ],
            [
              21.6332885455638,
              43.2051023887865
            ],
            [
              21.6332870848408,
              43.2051004077273
            ],
            [
              21.6332905580751,
              43.2050888120184
            ],
            [
              21.63332883428,
              43.2049611930861
            ],
            [
              21.6333064107603,
              43.2049052375533
            ],
            [
              21.6332983894213,
              43.2048852086099
            ],
            [
              21.6332982366007,
              43.204884715096
            ],
            [
              21.6332845246164,
              43.2048417276729
            ],
            [
              21.6332264004921,
              43.204659941316
            ],
            [
              21.6332274821037,
              43.2046585936242
            ],
            [
              21.6332894543499,
              43.2045814582321
            ],
            [
              21.6333823763636,
              43.2045067079019
            ],
            [
              21.6334143013529,
              43.2044810297455
            ],
            [
              21.6334028475283,
              43.2043495808479
            ],
            [
              21.6333847018923,
              43.2041781132432
            ],
            [
              21.6333695893126,
              43.2040143702075
            ],
            [
              21.6332470588267,
              43.2037211511292
            ],
            [
              21.6331135258412,
              43.2035534728569
            ],
            [
              21.6331821152276,
              43.2034048654353
            ],
            [
              21.6332058368914,
              43.2033534882008
            ],
            [
              21.6332509807252,
              43.2032569218906
            ],
            [
              21.6332299663026,
              43.2030697172255
            ],
            [
              21.6330876099943,
              43.2029174813342
            ],
            [
              21.6331123624845,
              43.2027770109675
            ],
            [
              21.633060503673,
              43.2025822364751
            ],
            [
              21.6331219805211,
              43.2024671354224
            ],
            [
              21.6331248289736,
              43.2024617906563
            ],
            [
              21.633180185726,
              43.2023581378422
            ],
            [
              21.6331825404395,
              43.2023537322998
            ],
            [
              21.6331152770245,
              43.2022397858399
            ],
            [
              21.6331364546283,
              43.2020750314531
            ],
            [
              21.6332320547865,
              43.2018249351757
            ],
            [
              21.633232414257,
              43.2018239876887
            ],
            [
              21.6332710934737,
              43.2017685943658
            ],
            [
              21.6336811531855,
              43.2015717080069
            ],
            [
              21.6338260727795,
              43.2013786315617
            ],
            [
              21.6339054353251,
              43.2012005022678
            ],
            [
              21.6340581542709,
              43.2009647151534
            ],
            [
              21.6341261533139,
              43.2008547983303
            ],
            [
              21.6341274970473,
              43.2008526216408
            ],
            [
              21.6341015827408,
              43.2006916390016
            ],
            [
              21.634099304867,
              43.2006737385017
            ],
            [
              21.6340813358809,
              43.2006509741659
            ],
            [
              21.6340808493488,
              43.2006503474313
            ],
            [
              21.6340837236022,
              43.2005953323614
            ],
            [
              21.6341607720573,
              43.200514340801
            ],
            [
              21.6341570496988,
              43.2004013024424
            ],
            [
              21.6341568169815,
              43.2003942827379
            ],
            [
              21.63413244379,
              43.2003460804035
            ],
            [
              21.6340894825184,
              43.2001787106253
            ],
            [
              21.6340089992995,
              43.199953040481
            ],
            [
              21.6338888224533,
              43.199767645995
            ],
            [
              21.633753660562,
              43.1995848557158
            ],
            [
              21.6336802905297,
              43.1994726992845
            ],
            [
              21.633674301305,
              43.1994635512257
            ],
            [
              21.6336179978195,
              43.1993774941088
            ],
            [
              21.6336179968877,
              43.1993774040666
            ],
            [
              21.6336237854526,
              43.1993589555124
            ],
            [
              21.6336807648954,
              43.1991773132651
            ],
            [
              21.6337166719756,
              43.1989855619283
            ],
            [
              21.6336738692647,
              43.1988688697564
            ],
            [
              21.6336573820221,
              43.1988357912131
            ],
            [
              21.6335704467807,
              43.1986614195328
            ],
            [
              21.6336729266128,
              43.1985767764844
            ],
            [
              21.6337745460571,
              43.1985394868409
            ],
            [
              21.6339154914988,
              43.1984502199536
            ],
            [
              21.6339968424672,
              43.1982387727521
            ],
            [
              21.6341067485188,
              43.1979690181939
            ],
            [
              21.6342340629613,
              43.1977877412607
            ],
            [
              21.6342090534313,
              43.1976901235199
            ],
            [
              21.6342055051827,
              43.1976861018613
            ],
            [
              21.6341784727538,
              43.1976554392852
            ],
            [
              21.6340734466923,
              43.1975362844636
            ],
            [
              21.6340411100506,
              43.1974996036666
            ],
            [
              21.633958035453,
              43.1974053593614
            ],
            [
              21.6338828478685,
              43.1970376161446
            ],
            [
              21.6338811636326,
              43.1970366169451
            ],
            [
              21.6337115027635,
              43.1969364002698
            ],
            [
              21.6335568165045,
              43.1967827833245
            ],
            [
              21.6335564434667,
              43.1967824161958
            ],
            [
              21.6335544786177,
              43.1967804649431
            ],
            [
              21.6335533621523,
              43.1967783108878
            ],
            [
              21.6334693470109,
              43.1966159397263
            ],
            [
              21.6332638612197,
              43.1963667481382
            ],
            [
              21.633373596214,
              43.1961989810864
            ],
            [
              21.6333190312086,
              43.1960156538924
            ],
            [
              21.6332082238191,
              43.1959081688768
            ],
            [
              21.6331983424579,
              43.1958985830872
            ],
            [
              21.6329733595128,
              43.195821427366
            ],
            [
              21.6329235553667,
              43.1957683696012
            ],
            [
              21.6329084134404,
              43.1957522061074
            ],
            [
              21.6329582839747,
              43.1956966599737
            ],
            [
              21.6330480392569,
              43.1955718519374
            ],
            [
              21.6329334812247,
              43.1953340373931
            ],
            [
              21.6328430597444,
              43.1953044464439
            ],
            [
              21.632780391241,
              43.1952839371911
            ],
            [
              21.6327318468105,
              43.1952680484663
            ],
            [
              21.6327235998471,
              43.1952653485297
            ],
            [
              21.6327152957411,
              43.1952405593647
            ],
            [
              21.6326621319892,
              43.1950817980294
            ],
            [
              21.6326606208695,
              43.1950772959083
            ],
            [
              21.632559733726,
              43.1950185350005
            ],
            [
              21.6322740635451,
              43.1949144398424
            ],
            [
              21.6319071464798,
              43.1947826187044
            ],
            [
              21.6315195477624,
              43.1947685602795
            ],
            [
              21.6314919011309,
              43.1947590003659
            ],
            [
              21.6311952845181,
              43.1946563937828
            ],
            [
              21.6309080195154,
              43.1945169279499
            ],
            [
              21.6308341632762,
              43.1943973271415
            ],
            [
              21.6308330619222,
              43.1943955511747
            ],
            [
              21.6306639838096,
              43.1942863066546
            ],
            [
              21.6305625100151,
              43.1941230389976
            ],
            [
              21.6304487654785,
              43.19407219652
            ],
            [
              21.630348543633,
              43.1940273648315
            ],
            [
              21.6302557783438,
              43.1939361868567
            ],
            [
              21.6302236209233,
              43.19390455293
            ],
            [
              21.6299995981872,
              43.1936571674588
            ],
            [
              21.6297946989713,
              43.1933672792009
            ],
            [
              21.6295834780958,
              43.1932988620615
            ],
            [
              21.6293231293265,
              43.1930088467415
            ],
            [
              21.6293222205965,
              43.1930078441087
            ],
            [
              21.6291973288116,
              43.192756579922
            ],
            [
              21.6290419009673,
              43.1924909921429
            ],
            [
              21.6288806520961,
              43.1921857395894
            ],
            [
              21.6288007089872,
              43.1921182372502
            ],
            [
              21.6287327063252,
              43.1920608040828
            ],
            [
              21.628694348182,
              43.1920074924336
            ],
            [
              21.6286130386493,
              43.1918944676411
            ],
            [
              21.6287217841437,
              43.1918131433724
            ],
            [
              21.6287234329284,
              43.1918036378995
            ],
            [
              21.6287475607114,
              43.1916642062815
            ],
            [
              21.6286709448057,
              43.1915839753507
            ],
            [
              21.6284140681815,
              43.1912156082385
            ],
            [
              21.6282053061306,
              43.190907646766
            ],
            [
              21.6281689226353,
              43.1908154019373
            ],
            [
              21.6281971959436,
              43.1905864277841
            ],
            [
              21.6284200101541,
              43.1901816641286
            ],
            [
              21.6284205377146,
              43.1901779071484
            ],
            [
              21.6284388327334,
              43.1900467991734
            ],
            [
              21.6284447550892,
              43.1900043776565
            ],
            [
              21.6284725919431,
              43.1899931524953
            ],
            [
              21.6286602790094,
              43.1899174962024
            ],
            [
              21.6288909578586,
              43.1898244996505
            ],
            [
              21.628904078933,
              43.1898192056655
            ],
            [
              21.6288568360086,
              43.1897477244678
            ],
            [
              21.6285041047468,
              43.1895799006233
            ],
            [
              21.6282359518705,
              43.1894772307328
            ],
            [
              21.6281801267762,
              43.1894562041021
            ],
            [
              21.6278992280114,
              43.189358104881
            ],
            [
              21.6277031616768,
              43.189290322317
            ],
            [
              21.6272728024771,
              43.1891927020081
            ],
            [
              21.6272552792438,
              43.1891887297348
            ],
            [
              21.6270440292839,
              43.1891875510246
            ],
            [
              21.6269402606674,
              43.1891832877651
            ],
            [
              21.6267674707039,
              43.189176199569
            ],
            [
              21.6265562385723,
              43.189164848087
            ],
            [
              21.6262989825944,
              43.1890924491918
            ],
            [
              21.6261339853389,
              43.1890428572476
            ],
            [
              21.6258251591849,
              43.1888963881307
            ],
            [
              21.6255139654169,
              43.1886749494037
            ],
            [
              21.6255092913093,
              43.188651193394
            ],
            [
              21.6255037105328,
              43.1886228877346
            ],
            [
              21.6254608721252,
              43.1886263807622
            ],
            [
              21.6252460642604,
              43.1886439237645
            ],
            [
              21.6252046531222,
              43.1886390740921
            ],
            [
              21.6251807083489,
              43.1886362702915
            ],
            [
              21.6250853209922,
              43.1886250916193
            ],
            [
              21.6249899923758,
              43.1886026602012
            ],
            [
              21.624759478116,
              43.1885103084798
            ],
            [
              21.6245012827742,
              43.1884178381533
            ],
            [
              21.6244556376184,
              43.1884008323856
            ],
            [
              21.624342711951,
              43.1883587571432
            ],
            [
              21.6242162831052,
              43.1882787968059
            ],
            [
              21.6237933412094,
              43.1880044972681
            ],
            [
              21.6236218772287,
              43.1879236120913
            ],
            [
              21.6236148348884,
              43.1879171337342
            ],
            [
              21.6235000425728,
              43.1878115806757
            ],
            [
              21.6233425863566,
              43.1877409706071
            ],
            [
              21.6233423514529,
              43.1877408638298
            ],
            [
              21.6233012232583,
              43.1877215376752
            ],
            [
              21.623119947224,
              43.1876362406379
            ],
            [
              21.6230277322792,
              43.1875693242165
            ],
            [
              21.6230276083089,
              43.187569234844
            ],
            [
              21.6229901668871,
              43.1875169607946
            ],
            [
              21.6229900665205,
              43.1875167722412
            ],
            [
              21.6228819360077,
              43.1873034988543
            ],
            [
              21.6228204915968,
              43.1871152727876
            ],
            [
              21.6228172410732,
              43.1871052988009
            ],
            [
              21.6228119571307,
              43.1870891063904
            ],
            [
              21.6228280570633,
              43.1869792011866
            ],
            [
              21.6228714469918,
              43.1868552845762
            ],
            [
              21.622882512084,
              43.1867247750632
            ],
            [
              21.6228893396341,
              43.1866441930042
            ],
            [
              21.6228831045258,
              43.1865782652742
            ],
            [
              21.6228714064783,
              43.1864544513614
            ],
            [
              21.6228886477608,
              43.1863119534917
            ],
            [
              21.6228931377841,
              43.186197789188
            ],
            [
              21.6228829280693,
              43.1861016180876
            ],
            [
              21.6228716628782,
              43.186070713844
            ],
            [
              21.6228693524151,
              43.1860637504337
            ],
            [
              21.6228023516533,
              43.1858614459045
            ],
            [
              21.6226132309213,
              43.1854249113366
            ],
            [
              21.6225719446275,
              43.1853598217637
            ],
            [
              21.6225213290659,
              43.1852800376385
            ],
            [
              21.6224139926788,
              43.1851775558136
            ],
            [
              21.6224038949054,
              43.1851585638726
            ],
            [
              21.6223987775868,
              43.1851489332025
            ],
            [
              21.6223900348121,
              43.1851324984453
            ],
            [
              21.622471752275,
              43.1849191641396
            ],
            [
              21.6224430346614,
              43.1848405575142
            ],
            [
              21.6224346691465,
              43.1848176489831
            ],
            [
              21.622266300573,
              43.1846788190335
            ],
            [
              21.622216624241,
              43.1846378627014
            ],
            [
              21.6222097382276,
              43.1846321848275
            ],
            [
              21.6222025442062,
              43.1846228355848
            ],
            [
              21.6220931664777,
              43.1844806949578
            ],
            [
              21.6219923513149,
              43.1843614518118
            ],
            [
              21.6219013978994,
              43.1842538215413
            ],
            [
              21.6218055116744,
              43.184118439206
            ],
            [
              21.6217189111359,
              43.1839961127627
            ],
            [
              21.6216267593893,
              43.1838144236803
            ],
            [
              21.6215752223387,
              43.1837331952532
            ],
            [
              21.6213660720349,
              43.1834035737049
            ],
            [
              21.6213017832224,
              43.1832517972239
            ],
            [
              21.6213079702921,
              43.1831107985033
            ],
            [
              21.6213319988875,
              43.1828978700575
            ],
            [
              21.6213311238872,
              43.182835008027
            ],
            [
              21.6213287959935,
              43.1826684369746
            ],
            [
              21.6212915841628,
              43.1826239204828
            ],
            [
              21.6212590559903,
              43.1825850128286
            ],
            [
              21.6210224842809,
              43.1823547828333
            ],
            [
              21.6209270026241,
              43.1822803210778
            ],
            [
              21.6208662264779,
              43.1821904474468
            ],
            [
              21.6208661764391,
              43.1821903666754
            ],
            [
              21.6208396461391,
              43.1820376646066
            ],
            [
              21.6208504447368,
              43.1819627124459
            ],
            [
              21.6209107924432,
              43.1817887423864
            ],
            [
              21.6209282422684,
              43.1816905299178
            ],
            [
              21.6208782930874,
              43.1814367773542
            ],
            [
              21.6208101097891,
              43.1812042786079
            ],
            [
              21.6205755482644,
              43.1807603391099
            ],
            [
              21.6206929028875,
              43.1806277357782
            ],
            [
              21.6207737862995,
              43.1805786144458
            ],
            [
              21.6208294610247,
              43.1805448064925
            ],
            [
              21.6208339842164,
              43.1805444397664
            ],
            [
              21.6210690151078,
              43.1805255859247
            ],
            [
              21.6212648391028,
              43.1805244263716
            ],
            [
              21.6213595429838,
              43.1804988851087
            ],
            [
              21.6214398472528,
              43.1804605496633
            ],
            [
              21.6215749890548,
              43.180431726043
            ],
            [
              21.6217155755735,
              43.1803940516019
            ],
            [
              21.6221229837193,
              43.1802489690537
            ],
            [
              21.6222403205233,
              43.1802112411954
            ],
            [
              21.6226803649753,
              43.1801063088239
            ],
            [
              21.6229450652495,
              43.1801201570612
            ],
            [
              21.6232270703283,
              43.1801349180553
            ],
            [
              21.6236467887876,
              43.1801355034418
            ],
            [
              21.6238296088678,
              43.1801572770996
            ],
            [
              21.6239247271199,
              43.1801686023893
            ],
            [
              21.623979939812,
              43.1801751773181
            ],
            [
              21.6244465069282,
              43.180233924503
            ],
            [
              21.6246479745648,
              43.1802555050238
            ],
            [
              21.6248097021017,
              43.1802644299057
            ],
            [
              21.6249690609376,
              43.1802774466596
            ],
            [
              21.6249718427861,
              43.1802776646869
            ],
            [
              21.6253076833255,
              43.1803036471585
            ],
            [
              21.6255996874993,
              43.1803251705659
            ],
            [
              21.6258487395589,
              43.1803435261944
            ],
            [
              21.6259101553708,
              43.1803480500898
            ],
            [
              21.6260525313268,
              43.1803650014791
            ],
            [
              21.6261887975906,
              43.1803813026692
            ],
            [
              21.626288633019,
              43.1803932305079
            ],
            [
              21.6262958667173,
              43.1803932080185
            ],
            [
              21.6264337820633,
              43.1803927924379
            ],
            [
              21.6265010069599,
              43.1803986349243
            ],
            [
              21.6266283762928,
              43.1804037859773
            ],
            [
              21.6270773329812,
              43.1801255991313
            ],
            [
              21.6271299478762,
              43.1800924442218
            ],
            [
              21.627321278322,
              43.1799718596515
            ],
            [
              21.6276006030304,
              43.1798015431961
            ],
            [
              21.6278328582875,
              43.1796593901514
            ],
            [
              21.6279033353052,
              43.1796133095648
            ],
            [
              21.6281676482028,
              43.1794405176496
            ],
            [
              21.6282240848011,
              43.179390428488
            ],
            [
              21.6282253571926,
              43.1793933192369
            ],
            [
              21.6282482689181,
              43.1794453571676
            ],
            [
              21.6282560793672,
              43.1794630743895
            ],
            [
              21.6283719001494,
              43.1793982550086
            ],
            [
              21.6284803975008,
              43.1793388768019
            ],
            [
              21.6286064558049,
              43.1791455478699
            ],
            [
              21.628633102311,
              43.1790576364473
            ],
            [
              21.6286769620355,
              43.1789449645589
            ],
            [
              21.6287003783987,
              43.1788658018949
            ],
            [
              21.6287628306209,
              43.1786954170631
            ],
            [
              21.6288030144955,
              43.178524706146
            ],
            [
              21.6288670498612,
              43.1783527826355
            ],
            [
              21.6289598177482,
              43.1782116667475
            ],
            [
              21.6288581856368,
              43.178173160012
            ],
            [
              21.6289034196353,
              43.1781461761976
            ],
            [
              21.6289510076338,
              43.1780254721456
            ],
            [
              21.6290797989385,
              43.1778709228954
            ],
            [
              21.6291904309891,
              43.1777207938552
            ],
            [
              21.6293052670931,
              43.1776323936228
            ],
            [
              21.6294380147252,
              43.1774799815434
            ],
            [
              21.6297188137868,
              43.1772159408514
            ],
            [
              21.6297795970282,
              43.1770749084668
            ],
            [
              21.6298151052066,
              43.1769877556872
            ],
            [
              21.6299070912139,
              43.1768666240019
            ],
            [
              21.6300849554156,
              43.1767833661543
            ],
            [
              21.6303818650015,
              43.1766027705877
            ],
            [
              21.6305215222886,
              43.176559870362
            ],
            [
              21.6307855495389,
              43.1764231137128
            ],
            [
              21.6309268994925,
              43.1762585905521
            ],
            [
              21.6310886114443,
              43.1761954936584
            ],
            [
              21.6311633934451,
              43.1761714057739
            ],
            [
              21.6312259343805,
              43.1762597271691
            ],
            [
              21.6312596921637,
              43.1763719718498
            ],
            [
              21.6312723577401,
              43.1765021569537
            ],
            [
              21.6312423051347,
              43.1766289776452
            ],
            [
              21.6312057030208,
              43.1767172165795
            ],
            [
              21.6311397392723,
              43.1767971574915
            ],
            [
              21.6310511338067,
              43.1768881145284
            ],
            [
              21.6310000880948,
              43.1769356558345
            ],
            [
              21.6309889173414,
              43.1769841739412
            ],
            [
              21.6309811358387,
              43.1770179469447
            ],
            [
              21.6309885858103,
              43.1770721857416
            ],
            [
              21.631026978675,
              43.1772364173925
            ],
            [
              21.6310383952565,
              43.1772852512517
            ],
            [
              21.6311598337902,
              43.1774308576397
            ],
            [
              21.6312772798095,
              43.1775376078108
            ],
            [
              21.6313051202587,
              43.1775629196937
            ],
            [
              21.6316353195824,
              43.1777221322688
            ],
            [
              21.6318795379143,
              43.177833752207
            ],
            [
              21.6320483411083,
              43.1779085211173
            ],
            [
              21.6324120649667,
              43.1780381996712
            ],
            [
              21.6329575372383,
              43.1782452717594
            ],
            [
              21.6330694431444,
              43.1782659849023
            ],
            [
              21.6331801615835,
              43.1783026366525
            ],
            [
              21.6332584482654,
              43.1783434290106
            ],
            [
              21.6334715279852,
              43.1784884319876
            ],
            [
              21.633532179625,
              43.178524731166
            ],
            [
              21.6336494853491,
              43.178579710316
            ],
            [
              21.633802125569,
              43.1786257598755
            ],
            [
              21.6340050211774,
              43.1787138387702
            ],
            [
              21.6342752233798,
              43.178839348914
            ],
            [
              21.6344063974361,
              43.1789266549701
            ],
            [
              21.6344278539282,
              43.1789518574085
            ],
            [
              21.6344430090162,
              43.1789696595467
            ],
            [
              21.6344946965243,
              43.1789364262475
            ],
            [
              21.6345034101008,
              43.1789392396393
            ],
            [
              21.6345187273941,
              43.1789441865561
            ],
            [
              21.6346563818299,
              43.1789886359916
            ],
            [
              21.6351263401645,
              43.1791010612955
            ],
            [
              21.635420073648,
              43.1789263693858
            ],
            [
              21.6355373494704,
              43.1788566297704
            ],
            [
              21.6357296840363,
              43.1787573506503
            ],
            [
              21.6359510665549,
              43.1786315617802
            ],
            [
              21.6359906377426,
              43.1786090802157
            ],
            [
              21.6362516553756,
              43.1786722111646
            ],
            [
              21.6362965929412,
              43.1786830776394
            ],
            [
              21.636481168453,
              43.1786961533276
            ],
            [
              21.6365379912015,
              43.1787001837994
            ],
            [
              21.6366386186226,
              43.1787007747025
            ],
            [
              21.6366864718467,
              43.1787010477944
            ],
            [
              21.6366868028145,
              43.1787010459526
            ],
            [
              21.6367002977961,
              43.1787011230326
            ],
            [
              21.6367403767489,
              43.1787013592241
            ],
            [
              21.6367433041494,
              43.1787013780503
            ],
            [
              21.6367806100779,
              43.1786928887288
            ],
            [
              21.63682905016,
              43.1786668735652
            ],
            [
              21.6367787349047,
              43.1785956818453
            ],
            [
              21.6367238578675,
              43.1785353176151
            ],
            [
              21.6367357629876,
              43.1784856521721
            ],
            [
              21.6367352545169,
              43.1784852677968
            ],
            [
              21.636690157353,
              43.178450863907
            ],
            [
              21.6366339624216,
              43.1784079960352
            ],
            [
              21.6366677188613,
              43.1783800113585
            ],
            [
              21.6368522569214,
              43.1782270161391
            ],
            [
              21.6370264726713,
              43.1780068538611
            ],
            [
              21.6371251642577,
              43.1778659838263
            ],
            [
              21.6371297338689,
              43.1778594596339
            ],
            [
              21.6371164220014,
              43.1778497581835
            ],
            [
              21.6370956477827,
              43.1778346251852
            ],
            [
              21.6372110569435,
              43.177795074637
            ],
            [
              21.6372120868757,
              43.1777947267193
            ],
            [
              21.6372133117998,
              43.1777941985206
            ],
            [
              21.6377059546293,
              43.177582677058
            ],
            [
              21.6379184629862,
              43.1775006628074
            ],
            [
              21.6382263831544,
              43.1773818186071
            ],
            [
              21.638314833855,
              43.1773474771095
            ],
            [
              21.6383500689251,
              43.1773292763743
            ],
            [
              21.6385263707177,
              43.1772621272771
            ],
            [
              21.6389776380117,
              43.1770939686094
            ],
            [
              21.6389914493166,
              43.1770667150633
            ],
            [
              21.63900704347,
              43.1770359225867
            ],
            [
              21.6390171296023,
              43.1770393952234
            ],
            [
              21.6391525925764,
              43.1770860567734
            ],
            [
              21.6391891069113,
              43.1770959345235
            ],
            [
              21.6392185838403,
              43.1771082180358
            ],
            [
              21.6393169763778,
              43.1771492279957
            ],
            [
              21.6393685738479,
              43.1771664917636
            ],
            [
              21.6394103968902,
              43.17717949865
            ],
            [
              21.639477173602,
              43.1772002695382
            ],
            [
              21.6397094767361,
              43.1772301120789
            ],
            [
              21.6399151920249,
              43.1772347184047
            ],
            [
              21.640013359675,
              43.1772706251163
            ],
            [
              21.6400155913592,
              43.1772711880371
            ],
            [
              21.6400934027489,
              43.1772907892482
            ],
            [
              21.640221607904,
              43.1772822377436
            ],
            [
              21.6403662636435,
              43.1772587415458
            ],
            [
              21.6403554321458,
              43.1771913699217
            ],
            [
              21.6403552080378,
              43.1771899403175
            ],
            [
              21.6405960687358,
              43.1770156642695
            ],
            [
              21.6409178093168,
              43.1768126677638
            ],
            [
              21.6410968118565,
              43.1766516103898
            ],
            [
              21.6412327865197,
              43.1765562649164
            ],
            [
              21.6413432183198,
              43.1764788324915
            ],
            [
              21.6416141888049,
              43.1764195259498
            ],
            [
              21.6416965357815,
              43.1764015002995
            ],
            [
              21.6419840632619,
              43.1763142752606
            ],
            [
              21.6424344864174,
              43.1762541271616
            ],
            [
              21.6424838055962,
              43.176234918573
            ],
            [
              21.6425191357534,
              43.1762211544715
            ],
            [
              21.642571792938,
              43.1761872808318
            ],
            [
              21.6427958447157,
              43.1760297488672
            ],
            [
              21.6428100532295,
              43.176019316247
            ],
            [
              21.6429336492914,
              43.1759286028141
            ],
            [
              21.6429346638149,
              43.1759244468118
            ],
            [
              21.6429403715434,
              43.1759011094767
            ],
            [
              21.6430387738892,
              43.1754696427983
            ],
            [
              21.6430949338044,
              43.1751497647263
            ],
            [
              21.6431207747842,
              43.175113504013
            ],
            [
              21.6432277766511,
              43.1749633106248
            ],
            [
              21.6433005893563,
              43.1748067196805
            ],
            [
              21.6433540617882,
              43.1746917368603
            ],
            [
              21.643378016395,
              43.1744860203798
            ],
            [
              21.6433853021162,
              43.1744233989039
            ],
            [
              21.6434086111131,
              43.1744362932341
            ],
            [
              21.643626560822,
              43.1745567930226
            ],
            [
              21.644064744964,
              43.1747831430182
            ],
            [
              21.6441398346766,
              43.174800452486
            ],
            [
              21.6441514413546,
              43.1748022772411
            ],
            [
              21.644461034358,
              43.1748510280326
            ],
            [
              21.6448779029146,
              43.1747363300791
            ],
            [
              21.64495295996,
              43.1747085486757
            ],
            [
              21.6449674659676,
              43.1747031828978
            ],
            [
              21.6449707738089,
              43.1747019585106
            ],
            [
              21.645067575846,
              43.1746310260169
            ],
            [
              21.645397353968,
              43.1743893455386
            ],
            [
              21.6455342902593,
              43.174328934341
            ],
            [
              21.6456108691821,
              43.1742951494371
            ],
            [
              21.6457280159942,
              43.1742662484369
            ],
            [
              21.6458226137289,
              43.1742429107888
            ],
            [
              21.645856393246,
              43.1742247348614
            ],
            [
              21.6459973843933,
              43.1741488435167
            ],
            [
              21.646096565806,
              43.1740949013353
            ],
            [
              21.6461556157984,
              43.17409825801
            ],
            [
              21.6461726133179,
              43.1740992236746
            ],
            [
              21.6462506539752,
              43.1741036607719
            ],
            [
              21.6463405364958,
              43.1741239450619
            ],
            [
              21.6465338992587,
              43.1741942324989
            ],
            [
              21.6466585954751,
              43.1742496959698
            ],
            [
              21.646758786863,
              43.1743026882481
            ],
            [
              21.64678005477,
              43.1743190224487
            ],
            [
              21.6467907817633,
              43.17432726151
            ],
            [
              21.6468443510172,
              43.1743877553116
            ],
            [
              21.6468578837239,
              43.1744030355478
            ],
            [
              21.6469499179544,
              43.1745449203126
            ],
            [
              21.646966759745,
              43.1745811197317
            ],
            [
              21.6470031629333,
              43.1746593896048
            ],
            [
              21.6470388429606,
              43.1747645968428
            ],
            [
              21.6471009386183,
              43.174843910007
            ],
            [
              21.6472066381749,
              43.1748940801519
            ],
            [
              21.6473082945963,
              43.1749226679132
            ],
            [
              21.6473564578813,
              43.174937310916
            ],
            [
              21.6473925779184,
              43.1749482949694
            ],
            [
              21.6475448043871,
              43.1750015314823
            ],
            [
              21.6476443547253,
              43.1750286018534
            ],
            [
              21.6477334174058,
              43.1750214350223
            ],
            [
              21.6477884255851,
              43.1750170092959
            ],
            [
              21.6477924442531,
              43.1750166893844
            ],
            [
              21.6477861766678,
              43.17497081672
            ],
            [
              21.6478849266082,
              43.1749341592073
            ],
            [
              21.6479831185963,
              43.1748682491503
            ],
            [
              21.6480723000007,
              43.1747299268091
            ],
            [
              21.6483122651187,
              43.1747520580375
            ],
            [
              21.6484253162448,
              43.1747185598367
            ],
            [
              21.6485586189286,
              43.1746925071356
            ],
            [
              21.6487360770604,
              43.1746432678458
            ],
            [
              21.6489450304174,
              43.1745852878982
            ],
            [
              21.6491130690151,
              43.1745386660122
            ],
            [
              21.6493789675248,
              43.1744434461894
            ],
            [
              21.6496329543225,
              43.1743524148712
            ],
            [
              21.6496561370737,
              43.1743441095978
            ],
            [
              21.6497389501614,
              43.1743576534622
            ],
            [
              21.6499683649675,
              43.1743951717674
            ],
            [
              21.6501295310713,
              43.1744215288273
            ],
            [
              21.650726439448,
              43.174455915796
            ],
            [
              21.6507409750599,
              43.1744567516082
            ],
            [
              21.6508161986518,
              43.1744852542727
            ],
            [
              21.6508205210673,
              43.1744868946679
            ],
            [
              21.6509219026232,
              43.1745253031936
            ],
            [
              21.6510017040472,
              43.1745458852026
            ],
            [
              21.6511418189689,
              43.1745820191399
            ],
            [
              21.6512172007097,
              43.1746033735485
            ],
            [
              21.6513140959783,
              43.1746443637174
            ],
            [
              21.6513235976936,
              43.1746483869882
            ],
            [
              21.651349038936,
              43.1746591523379
            ],
            [
              21.6514273556811,
              43.1746777704556
            ],
            [
              21.6514434388068,
              43.1746300778299
            ],
            [
              21.6514319819599,
              43.1746169015401
            ],
            [
              21.6513836639393,
              43.1745613758457
            ],
            [
              21.6513189866758,
              43.1744481425
            ],
            [
              21.6512630603657,
              43.1743596152351
            ],
            [
              21.6512007285282,
              43.174310523903
            ],
            [
              21.651157747267,
              43.1742766800527
            ],
            [
              21.6510256395266,
              43.1741840856392
            ],
            [
              21.6509990020466,
              43.1741636504894
            ],
            [
              21.6509434173572,
              43.174121002262
            ],
            [
              21.650865884537,
              43.1740362878852
            ],
            [
              21.6508645869957,
              43.1740345942643
            ],
            [
              21.6508323427239,
              43.1739925867087
            ],
            [
              21.650786927361,
              43.1739333982087
            ],
            [
              21.650702006702,
              43.1738121708448
            ],
            [
              21.6506982463662,
              43.1738068001705
            ],
            [
              21.6506979734141,
              43.1738065856082
            ],
            [
              21.6506341243151,
              43.1737570262384
            ],
            [
              21.6504182163783,
              43.1736260214097
            ],
            [
              21.6502571586334,
              43.1735173883751
            ],
            [
              21.6501681116536,
              43.1734832386553
            ],
            [
              21.6500259944537,
              43.1734436309432
            ],
            [
              21.6499599558912,
              43.1734193240277
            ],
            [
              21.6499535096103,
              43.1734169482685
            ],
            [
              21.649915046758,
              43.1733890736578
            ],
            [
              21.6498508741184,
              43.1733425493944
            ],
            [
              21.6498382734987,
              43.1733258774797
            ],
            [
              21.6498337076741,
              43.1733198359931
            ],
            [
              21.6498166412953,
              43.1732972760025
            ],
            [
              21.6498109525052,
              43.1732897560051
            ],
            [
              21.6498037305803,
              43.1731891578118
            ],
            [
              21.6498041254798,
              43.1731847450282
            ],
            [
              21.6498128479291,
              43.173086756808
            ],
            [
              21.6498337770164,
              43.1730424388767
            ],
            [
              21.649893385223,
              43.1729689148503
            ],
            [
              21.6499870900452,
              43.1728516292621
            ],
            [
              21.6500871935063,
              43.172711621496
            ],
            [
              21.6501364354528,
              43.1726348262731
            ],
            [
              21.6501523323472,
              43.1725950473701
            ],
            [
              21.6501902263063,
              43.1725002142993
            ],
            [
              21.6502223205917,
              43.1724534024505
            ],
            [
              21.6502291765286,
              43.1724180944636
            ],
            [
              21.6502373607384,
              43.1723759019762
            ],
            [
              21.6502177250491,
              43.1722806943695
            ],
            [
              21.6502136263773,
              43.1722608143968
            ],
            [
              21.6501772225822,
              43.1721689347925
            ],
            [
              21.6501529393947,
              43.1721062410303
            ],
            [
              21.6501583971367,
              43.1719259045867
            ],
            [
              21.6501520476008,
              43.1718379945741
            ],
            [
              21.6501326152408,
              43.1718034482982
            ],
            [
              21.6501213338553,
              43.1717605740048
            ],
            [
              21.6501012024027,
              43.1716835444357
            ],
            [
              21.6500493846488,
              43.171539334631
            ],
            [
              21.6500437824979,
              43.171523730558
            ],
            [
              21.6500172075989,
              43.1714422360898
            ],
            [
              21.6500004408228,
              43.1714166767249
            ],
            [
              21.6499583200871,
              43.1713524651923
            ],
            [
              21.6498980800855,
              43.1712974477976
            ],
            [
              21.6497906297681,
              43.171232616756
            ],
            [
              21.6496033224035,
              43.1711299840391
            ],
            [
              21.6493976921375,
              43.1710161134924
            ],
            [
              21.6493572030327,
              43.1709699578669
            ],
            [
              21.6493272218599,
              43.170935769378
            ],
            [
              21.6492500386321,
              43.1707101747431
            ],
            [
              21.649192586302,
              43.1706406218381
            ],
            [
              21.6491559665277,
              43.1705962982674
            ],
            [
              21.6491155960219,
              43.1705358566915
            ],
            [
              21.6491026942362,
              43.1705082140673
            ],
            [
              21.6490879053083,
              43.1704765128862
            ],
            [
              21.6490432552059,
              43.1703352425117
            ],
            [
              21.6490392849781,
              43.1703226799489
            ],
            [
              21.6490341578178,
              43.1703101878829
            ],
            [
              21.6489931955887,
              43.1702103311763
            ],
            [
              21.6489538848248,
              43.1701338604151
            ],
            [
              21.6488965131672,
              43.1701019423911
            ],
            [
              21.6488407380429,
              43.1700709157624
            ],
            [
              21.6488010844661,
              43.170048852896
            ],
            [
              21.6486388729558,
              43.1699925517506
            ],
            [
              21.6486255408306,
              43.1699879205342
            ],
            [
              21.6485525522764,
              43.1699713224647
            ],
            [
              21.6484596770971,
              43.1699582579817
            ],
            [
              21.6482752206521,
              43.1699324366252
            ],
            [
              21.6482416180304,
              43.1699277302181
            ],
            [
              21.648236604704,
              43.169927030136
            ],
            [
              21.6481590714323,
              43.1699040029354
            ],
            [
              21.648036725704,
              43.1698676746122
            ],
            [
              21.6479499557085,
              43.1698527840826
            ],
            [
              21.6479056039536,
              43.1698653772119
            ],
            [
              21.6478652484231,
              43.169876841007
            ],
            [
              21.6477282212283,
              43.1699219077917
            ],
            [
              21.6473444297674,
              43.1699746769397
            ],
            [
              21.6473067290533,
              43.1699777618727
            ],
            [
              21.6472570584894,
              43.1699818338996
            ],
            [
              21.6471924166938,
              43.1699518651629
            ],
            [
              21.6470817222813,
              43.1698265314528
            ],
            [
              21.6470808755951,
              43.16982557363
            ],
            [
              21.6470315590591,
              43.1697794941098
            ],
            [
              21.6470012646375,
              43.1697294367415
            ],
            [
              21.6469814036376,
              43.1696891310784
            ],
            [
              21.6469896770746,
              43.1696110389211
            ],
            [
              21.6469776448363,
              43.1695897908354
            ],
            [
              21.6469549583808,
              43.1695497532782
            ],
            [
              21.6469169406517,
              43.1695147352267
            ],
            [
              21.6469058989224,
              43.1695045718257
            ],
            [
              21.6468597916323,
              43.1694746142598
            ],
            [
              21.6468125210811,
              43.16944388884
            ],
            [
              21.6467382488833,
              43.1694104624212
            ],
            [
              21.6467075702737,
              43.1693995104239
            ],
            [
              21.6466463971337,
              43.169377676502
            ],
            [
              21.6465392405126,
              43.1693746828848
            ],
            [
              21.646513200066,
              43.169368520384
            ],
            [
              21.6464883189322,
              43.1693626304749
            ],
            [
              21.6464735226522,
              43.1693591220726
            ],
            [
              21.6463883798425,
              43.1693095545388
            ],
            [
              21.6463416561404,
              43.1692642695978
            ],
            [
              21.6461842936835,
              43.1692006175767
            ],
            [
              21.6460631539057,
              43.1691198372048
            ],
            [
              21.6459661764884,
              43.1690443204548
            ],
            [
              21.6459295692424,
              43.1690100955337
            ],
            [
              21.6458736327535,
              43.1689577963553
            ],
            [
              21.6458605522229,
              43.1689304155043
            ],
            [
              21.6458496122901,
              43.1689077023554
            ],
            [
              21.6458159904757,
              43.1688104927749
            ],
            [
              21.6458089949362,
              43.168753821018
            ],
            [
              21.6458135476016,
              43.1686447194397
            ],
            [
              21.6458143915886,
              43.1686245232425
            ],
            [
              21.6457900468181,
              43.1684741501496
            ],
            [
              21.6457364875992,
              43.1683175512402
            ],
            [
              21.6457345864414,
              43.1683133036064
            ],
            [
              21.6456845860383,
              43.1682012708864
            ],
            [
              21.6456507628014,
              43.1681430405047
            ],
            [
              21.6456053799229,
              43.1680848753423
            ],
            [
              21.645597996418,
              43.1680774268237
            ],
            [
              21.6455493146494,
              43.168028300349
            ],
            [
              21.6455109583599,
              43.1680066432329
            ],
            [
              21.6454811409993,
              43.1679898878614
            ],
            [
              21.6453335227626,
              43.1679286109704
            ],
            [
              21.6452505422572,
              43.1679144885319
            ],
            [
              21.6452449359952,
              43.1679135386278
            ],
            [
              21.6451502059824,
              43.1678875186184
            ],
            [
              21.6451072038275,
              43.1678799305303
            ],
            [
              21.6450754131443,
              43.1678742593668
            ],
            [
              21.6450126825255,
              43.1678771253743
            ],
            [
              21.6449914652865,
              43.1678780914382
            ],
            [
              21.644915851928,
              43.1678815522958
            ],
            [
              21.6447949858198,
              43.1678726938603
            ],
            [
              21.644714048025,
              43.1678600083905
            ],
            [
              21.6446831785842,
              43.1678553674773
            ],
            [
              21.6446310233818,
              43.1678475156177
            ],
            [
              21.6445925850541,
              43.1678424661855
            ],
            [
              21.6445285560583,
              43.1678340517407
            ],
            [
              21.64448743915,
              43.1678256864917
            ],
            [
              21.6444562060862,
              43.1678193366557
            ],
            [
              21.6444096605862,
              43.1678035135749
            ],
            [
              21.6443454896259,
              43.1677817043043
            ],
            [
              21.644302914161,
              43.1677528964287
            ],
            [
              21.64426014162,
              43.1677239446697
            ],
            [
              21.6442275814266,
              43.167708366033
            ],
            [
              21.6440862206821,
              43.167640759747
            ],
            [
              21.6440742582147,
              43.1676260187153
            ],
            [
              21.644063168213,
              43.167612354246
            ],
            [
              21.6441110631004,
              43.167477622414
            ],
            [
              21.6441130932316,
              43.1674719127545
            ],
            [
              21.6441107853168,
              43.1674513029805
            ],
            [
              21.6441045379201,
              43.1673955354759
            ],
            [
              21.6440879233324,
              43.1673256942182
            ],
            [
              21.6440540881089,
              43.1671834667491
            ],
            [
              21.644024877564,
              43.1670726390483
            ],
            [
              21.6440255792689,
              43.1670331076752
            ],
            [
              21.6440261846117,
              43.1669984556391
            ],
            [
              21.6440889861995,
              43.166854431593
            ],
            [
              21.6440996171551,
              43.1668305081517
            ],
            [
              21.6441449662082,
              43.1667284500923
            ],
            [
              21.6441517828868,
              43.166640193588
            ],
            [
              21.6441387108274,
              43.1665669015584
            ],
            [
              21.6441222950142,
              43.16652415459
            ],
            [
              21.6441073478732,
              43.1664852525004
            ],
            [
              21.6440780954067,
              43.1664520202143
            ],
            [
              21.6438095987688,
              43.1662985238346
            ],
            [
              21.6439281926049,
              43.1661971243397
            ],
            [
              21.6440654313526,
              43.1661145226198
            ],
            [
              21.6440932869549,
              43.1660854244092
            ],
            [
              21.6441728414454,
              43.1660022927298
            ],
            [
              21.6443262834756,
              43.1658237290548
            ],
            [
              21.6443720667781,
              43.16573722422
            ],
            [
              21.6443801821455,
              43.1657218838755
            ],
            [
              21.6443816852462,
              43.1657081746198
            ],
            [
              21.6443954345346,
              43.1655824488232
            ],
            [
              21.6443932456695,
              43.1655114907866
            ],
            [
              21.6443894449496,
              43.1653879529424
            ],
            [
              21.64437239911,
              43.1653332367781
            ],
            [
              21.6443531647912,
              43.1652714938899
            ],
            [
              21.6443099863821,
              43.1651773083042
            ],
            [
              21.6442573011727,
              43.165131911971
            ],
            [
              21.644218764199,
              43.165098696875
            ],
            [
              21.6441142443653,
              43.1650534680624
            ],
            [
              21.6440875576676,
              43.1650419156713
            ],
            [
              21.6439878729071,
              43.1650003505877
            ],
            [
              21.6439530294987,
              43.1649477326957
            ],
            [
              21.643907388995,
              43.1648788291585
            ],
            [
              21.6438783776007,
              43.1648111908428
            ],
            [
              21.6438529212229,
              43.1647518502403
            ],
            [
              21.6438103848864,
              43.1646985480067
            ],
            [
              21.6437671754836,
              43.1646444021929
            ],
            [
              21.643693915157,
              43.1645208156823
            ],
            [
              21.6436671328709,
              43.1644756416321
            ],
            [
              21.6435924805077,
              43.1642773023856
            ],
            [
              21.6435634746203,
              43.1641740346837
            ],
            [
              21.6435424475835,
              43.1640926865871
            ],
            [
              21.6435459542521,
              43.1640076805168
            ],
            [
              21.6435466601816,
              43.1639906718929
            ],
            [
              21.6435993457065,
              43.16386961404
            ],
            [
              21.6436280665187,
              43.1638036040146
            ],
            [
              21.6436659357778,
              43.1637095907311
            ],
            [
              21.6436734652175,
              43.1636539167502
            ],
            [
              21.6436730130571,
              43.1636518580965
            ],
            [
              21.6436726254155,
              43.1636500863327
            ],
            [
              21.64365589372,
              43.1635736289013
            ],
            [
              21.6436132227037,
              43.1634924034715
            ],
            [
              21.6435381166997,
              43.1634023583733
            ],
            [
              21.6433464549838,
              43.1632333942064
            ],
            [
              21.6432556173012,
              43.1631558603929
            ],
            [
              21.6431066510682,
              43.1629889060617
            ],
            [
              21.6430317056458,
              43.1629163866542
            ],
            [
              21.6430056395102,
              43.1628911756453
            ],
            [
              21.6429839786046,
              43.1628639858327
            ],
            [
              21.6429537941673,
              43.1628261147008
            ],
            [
              21.6429393128676,
              43.162818454656
            ],
            [
              21.6429039563151,
              43.1627997495677
            ],
            [
              21.6428634911274,
              43.1627525378745
            ],
            [
              21.6427964311103,
              43.1627256400258
            ],
            [
              21.6427135252443,
              43.1627005420643
            ],
            [
              21.6426316995409,
              43.1626495131668
            ],
            [
              21.6425770137285,
              43.1625832073311
            ],
            [
              21.6425277894242,
              43.1624983272197
            ],
            [
              21.642494586796,
              43.162447077378
            ],
            [
              21.6424766594566,
              43.1624193991519
            ],
            [
              21.642390713462,
              43.1623448888955
            ],
            [
              21.6423366637184,
              43.1622980324325
            ],
            [
              21.6422681447222,
              43.1622143411033
            ],
            [
              21.6422317465718,
              43.1621317283031
            ],
            [
              21.6422305999015,
              43.162129124249
            ],
            [
              21.6422323385066,
              43.1620255935389
            ],
            [
              21.6422723512,
              43.1619598347146
            ],
            [
              21.6422892406397,
              43.1619053680341
            ],
            [
              21.6422863517852,
              43.1618763086605
            ],
            [
              21.6422838621065,
              43.1618501267802
            ],
            [
              21.6422240854171,
              43.1617906911898
            ],
            [
              21.6421658064172,
              43.1617217948252
            ],
            [
              21.6420697765258,
              43.1616413194067
            ],
            [
              21.6419315977313,
              43.1615522583965
            ],
            [
              21.6416996612275,
              43.1614349194603
            ],
            [
              21.6415925777515,
              43.1613792607229
            ],
            [
              21.6415237555555,
              43.1613133028825
            ],
            [
              21.641387923978,
              43.1611666144453
            ],
            [
              21.6412471547966,
              43.1610766657406
            ],
            [
              21.6411120458367,
              43.1610336757877
            ],
            [
              21.640929531075,
              43.1609861003616
            ],
            [
              21.640929420092,
              43.1609860739689
            ],
            [
              21.6407446494407,
              43.1609626086277
            ],
            [
              21.6407374463956,
              43.1609616953583
            ],
            [
              21.6407373233949,
              43.1609616960471
            ],
            [
              21.6408463614771,
              43.1607472853074
            ],
            [
              21.6408203253887,
              43.1605868359376
            ],
            [
              21.6407872121765,
              43.1604665749954
            ],
            [
              21.6407333354378,
              43.1603717266068
            ],
            [
              21.6407261284724,
              43.1602475394442
            ],
            [
              21.640784276332,
              43.1601756472436
            ],
            [
              21.640877421114,
              43.1600941597743
            ],
            [
              21.6408906550554,
              43.160082599121
            ],
            [
              21.6408918407681,
              43.1600808275383
            ],
            [
              21.6410428136499,
              43.1598549382782
            ],
            [
              21.6410938073347,
              43.1597786295236
            ],
            [
              21.6410943495061,
              43.159776367181
            ],
            [
              21.6411674503867,
              43.1594728676459
            ],
            [
              21.6412362310835,
              43.1593012630823
            ],
            [
              21.641274413279,
              43.159229904844
            ],
            [
              21.6413235466899,
              43.1591381055399
            ],
            [
              21.6415891737766,
              43.1588467472223
            ],
            [
              21.6417170068799,
              43.1587478158292
            ],
            [
              21.6420291656911,
              43.1584847307991
            ],
            [
              21.6421638023186,
              43.1583430914642
            ],
            [
              21.642204976416,
              43.158310695204
            ],
            [
              21.6423223496706,
              43.1582183314101
            ],
            [
              21.642387220482,
              43.1581533406314
            ],
            [
              21.6424620457435,
              43.1580783733268
            ],
            [
              21.6425495447767,
              43.1580147763005
            ],
            [
              21.6425943228107,
              43.1579930996882
            ],
            [
              21.6425981219606,
              43.1579918897164
            ],
            [
              21.642693289486,
              43.1579615834919
            ],
            [
              21.6427540169172,
              43.1579422386153
            ],
            [
              21.6428264583752,
              43.1579201354562
            ],
            [
              21.643018726043,
              43.1581713777489
            ],
            [
              21.6432152979795,
              43.1582826140447
            ],
            [
              21.6433107943675,
              43.1583711049253
            ],
            [
              21.6434680068363,
              43.1584579879743
            ],
            [
              21.6436000662694,
              43.1586085663952
            ],
            [
              21.6437406439979,
              43.1587388422301
            ],
            [
              21.6439351382792,
              43.1588161516671
            ],
            [
              21.6440395836896,
              43.1588783956932
            ],
            [
              21.6441778493505,
              43.1589643038321
            ],
            [
              21.644235585609,
              43.1590168198251
            ],
            [
              21.6442841200815,
              43.1591529251511
            ],
            [
              21.6443767157351,
              43.1592226177291
            ],
            [
              21.6445692497187,
              43.1593236125437
            ],
            [
              21.6446185536739,
              43.1593344962212
            ],
            [
              21.6446245107123,
              43.1593315640128
            ],
            [
              21.6446843703829,
              43.1593021493334
            ],
            [
              21.6448136797977,
              43.1592386022461
            ],
            [
              21.6449695986343,
              43.159144549827
            ],
            [
              21.6451322444313,
              43.1590588310278
            ],
            [
              21.645262440786,
              43.1589396287551
            ],
            [
              21.6453693595898,
              43.1587939115261
            ],
            [
              21.6454470030499,
              43.1586473697224
            ],
            [
              21.6454993522345,
              43.158597382289
            ],
            [
              21.6459472669804,
              43.1583005711114
            ],
            [
              21.646057477625,
              43.1582568266399
            ],
            [
              21.6462302997241,
              43.1581569157686
            ],
            [
              21.6466083854519,
              43.1579435863932
            ],
            [
              21.6467487703883,
              43.1578649139803
            ],
            [
              21.6467941957922,
              43.1578394599532
            ],
            [
              21.646964758408,
              43.1577238068363
            ],
            [
              21.6471174639832,
              43.1576288700607
            ],
            [
              21.6474867235566,
              43.1574187384689
            ],
            [
              21.6476243077946,
              43.1573477421131
            ],
            [
              21.647689646383,
              43.1573169441204
            ],
            [
              21.6478758992463,
              43.1570116199661
            ],
            [
              21.6479832963244,
              43.1568191770155
            ],
            [
              21.6479831793457,
              43.1567965828217
            ],
            [
              21.6481262599808,
              43.1565715311382
            ],
            [
              21.6483305779151,
              43.1563350581712
            ],
            [
              21.64853323143,
              43.156104175444
            ],
            [
              21.6488472979855,
              43.1557816489988
            ],
            [
              21.6489334328574,
              43.155690031851
            ],
            [
              21.6489842078063,
              43.1556360283829
            ],
            [
              21.6491124721845,
              43.1555099916768
            ],
            [
              21.6493037076084,
              43.1554084408412
            ],
            [
              21.6493989470923,
              43.1553105871673
            ],
            [
              21.649554601146,
              43.155170260551
            ],
            [
              21.649747495322,
              43.1550641908449
            ],
            [
              21.6497480445836,
              43.1550639085767
            ],
            [
              21.6498867378788,
              43.154987933426
            ],
            [
              21.64993100415,
              43.1549636823669
            ],
            [
              21.6500032262977,
              43.1549307467211
            ],
            [
              21.6503698160875,
              43.154763589155
            ],
            [
              21.6505813911305,
              43.1547019793433
            ],
            [
              21.6507030464365,
              43.1546716689099
            ],
            [
              21.6507810455099,
              43.1546582619618
            ],
            [
              21.6508785602817,
              43.1546415022107
            ],
            [
              21.6510838978201,
              43.1546061228396
            ],
            [
              21.6516803288079,
              43.1543589445823
            ],
            [
              21.6518973939177,
              43.1542704757403
            ],
            [
              21.652103409832,
              43.1541951939692
            ],
            [
              21.6521673195457,
              43.1540772809284
            ],
            [
              21.6523886403804,
              43.1537657179664
            ],
            [
              21.6525156722073,
              43.153652016527
            ],
            [
              21.6524922054339,
              43.1536077710554
            ],
            [
              21.6525069097645,
              43.1535592656362
            ],
            [
              21.6525652504262,
              43.1533668197955
            ],
            [
              21.6524716370607,
              43.1531902867035
            ],
            [
              21.6523986795339,
              43.1530527211291
            ],
            [
              21.6523901963753,
              43.1530367274308
            ],
            [
              21.6523609901239,
              43.1528234529399
            ],
            [
              21.6523636801304,
              43.1528209261605
            ],
            [
              21.6523639846215,
              43.1528206452753
            ],
            [
              21.652405666219,
              43.1527814275858
            ],
            [
              21.6527343733673,
              43.152578168302
            ],
            [
              21.652913477932,
              43.1523325540941
            ],
            [
              21.6529597687235,
              43.1522690941587
            ],
            [
              21.6531632575876,
              43.1519571559197
            ],
            [
              21.6531748592448,
              43.1519393736217
            ],
            [
              21.6532283747176,
              43.1516019621526
            ],
            [
              21.6532311860366,
              43.1515842741576
            ],
            [
              21.6532313253807,
              43.1515674487706
            ],
            [
              21.6532338655672,
              43.151260090107
            ],
            [
              21.6522031844411,
              43.1508160516672
            ],
            [
              21.6521978508152,
              43.1508002381007
            ],
            [
              21.6522057948482,
              43.1507727362397
            ],
            [
              21.6522047846631,
              43.1507586980906
            ],
            [
              21.6516551222533,
              43.1506727138853
            ],
            [
              21.6514076641669,
              43.1506427988747
            ],
            [
              21.6513892854988,
              43.1506718008583
            ],
            [
              21.6513265795976,
              43.150614273993
            ],
            [
              21.6513265786415,
              43.1506141839503
            ],
            [
              21.6513061815141,
              43.150500242384
            ],
            [
              21.6512675764861,
              43.1504658935537
            ],
            [
              21.650811020814,
              43.150347866525
            ],
            [
              21.6506265110618,
              43.1503289333095
            ],
            [
              21.6504315840527,
              43.1503707334581
            ],
            [
              21.6503213794868,
              43.1503787429461
            ],
            [
              21.6502272842573,
              43.1503407488312
            ],
            [
              21.6501346111803,
              43.1502516145178
            ],
            [
              21.650072983693,
              43.1501219729751
            ],
            [
              21.6500428166957,
              43.1500845150494
            ],
            [
              21.6500405336298,
              43.1500652090901
            ],
            [
              21.6500113632872,
              43.1498199386679
            ],
            [
              21.649956693354,
              43.1496393046759
            ],
            [
              21.6499208544828,
              43.1495759522685
            ],
            [
              21.6498494313017,
              43.1494962385053
            ],
            [
              21.6498359671872,
              43.1494788510367
            ],
            [
              21.6497271966113,
              43.1493326434302
            ],
            [
              21.6495067098448,
              43.1490060353169
            ],
            [
              21.6493290862115,
              43.1487787479748
            ],
            [
              21.6491362284431,
              43.1486218545929
            ],
            [
              21.6489220163655,
              43.1484106181565
            ],
            [
              21.648781050132,
              43.148288897121
            ],
            [
              21.6487726934021,
              43.1482845879755
            ],
            [
              21.6487146619977,
              43.1482546158034
            ],
            [
              21.6485522598593,
              43.1482213289711
            ],
            [
              21.6482216819959,
              43.1479525967321
            ],
            [
              21.6482182719417,
              43.1479498254583
            ],
            [
              21.6478297825077,
              43.1475937384268
            ],
            [
              21.6474628345139,
              43.1472745262563
            ],
            [
              21.6472963239792,
              43.1471085676556
            ],
            [
              21.646829767206,
              43.1467981121913
            ],
            [
              21.6464126768967,
              43.1463751158422
            ],
            [
              21.6460155435745,
              43.1460249227043
            ],
            [
              21.6456464866822,
              43.1456762356249
            ],
            [
              21.6456324294896,
              43.1456629463885
            ],
            [
              21.6456224131055,
              43.1456562961168
            ],
            [
              21.6453279718476,
              43.1454607650807
            ],
            [
              21.6448810104248,
              43.1451291233552
            ],
            [
              21.6444199261231,
              43.1448216860294
            ],
            [
              21.644193707739,
              43.1446324295427
            ],
            [
              21.644155479761,
              43.1446004624271
            ],
            [
              21.6436764010842,
              43.1442410052497
            ],
            [
              21.643279738832,
              43.1439322148055
            ],
            [
              21.6430252908562,
              43.1437606263685
            ],
            [
              21.6428434793168,
              43.1436337290513
            ],
            [
              21.6426690233755,
              43.1437151897165
            ],
            [
              21.6424513140861,
              43.1438804343605
            ],
            [
              21.6422174439558,
              43.1439354016535
            ],
            [
              21.6421203083802,
              43.1439107423223
            ],
            [
              21.6419037636182,
              43.1438360710201
            ],
            [
              21.6417208746731,
              43.1437960754343
            ],
            [
              21.6416645863669,
              43.1437837618511
            ],
            [
              21.6415128492809,
              43.1437809234322
            ],
            [
              21.6410552492654,
              43.1437910540381
            ],
            [
              21.6410551262992,
              43.143791054727
            ],
            [
              21.6409023838661,
              43.1438213489855
            ],
            [
              21.6407968456408,
              43.1438746930758
            ],
            [
              21.6404272231571,
              43.1440092775774
            ],
            [
              21.6400264026109,
              43.1441702322413
            ],
            [
              21.6399769023476,
              43.1441628577249
            ],
            [
              21.6398564125487,
              43.1441503899628
            ],
            [
              21.639581871065,
              43.1441254606736
            ],
            [
              21.6392705355464,
              43.1440385327713
            ],
            [
              21.6392262874171,
              43.1440136637253
            ],
            [
              21.6390794686727,
              43.1439311253047
            ],
            [
              21.6389480747451,
              43.1437929578891
            ],
            [
              21.6387190229516,
              43.1436621800911
            ],
            [
              21.638696997198,
              43.1436709188627
            ],
            [
              21.6384996233483,
              43.1437491999342
            ],
            [
              21.6383501032383,
              43.1438291668384
            ],
            [
              21.6383499926622,
              43.1438291764602
            ],
            [
              21.6383212319008,
              43.1438345227964
            ],
            [
              21.6382040885016,
              43.1438562709727
            ],
            [
              21.6380393114347,
              43.1439234492706
            ],
            [
              21.6378745352348,
              43.143990627326
            ],
            [
              21.637651704883,
              43.1440317535612
            ],
            [
              21.637033402589,
              43.1440556377697
            ],
            [
              21.6370330706719,
              43.1440556486225
            ],
            [
              21.6371737624686,
              43.1438834601507
            ],
            [
              21.6373632363303,
              43.1436618478251
            ],
            [
              21.6372865775667,
              43.1435140103562
            ],
            [
              21.6372009514568,
              43.143343267667
            ],
            [
              21.6371340533871,
              43.1432118500602
            ],
            [
              21.6370713121042,
              43.1430780680111
            ],
            [
              21.6369273346647,
              43.1428171793805
            ],
            [
              21.6371890009726,
              43.1427280361508
            ],
            [
              21.6372938802221,
              43.142682169453
            ],
            [
              21.6373949654877,
              43.1426379437628
            ],
            [
              21.6376270475947,
              43.1425425646014
            ],
            [
              21.6376272067926,
              43.1425425006804
            ],
            [
              21.6378600184412,
              43.1424228561709
            ],
            [
              21.6378601285468,
              43.1424228015281
            ],
            [
              21.6377276868754,
              43.1422767169632
            ],
            [
              21.6377275497439,
              43.142276537631
            ],
            [
              21.6375131913941,
              43.1423631664084
            ],
            [
              21.6374013908178,
              43.1424078481108
            ],
            [
              21.6370807780679,
              43.1425359948985
            ],
            [
              21.6368125284369,
              43.1426421882466
            ],
            [
              21.636714531142,
              43.1426760433873
            ],
            [
              21.6365602782277,
              43.1427265074728
            ],
            [
              21.6364145058956,
              43.1427649495592
            ],
            [
              21.6361935940854,
              43.1428129942057
            ],
            [
              21.6361934954338,
              43.1428129677397
            ],
            [
              21.6360146434349,
              43.1427585391513
            ],
            [
              21.6356831348861,
              43.1426576732625
            ],
            [
              21.6356830101494,
              43.1426575028637
            ],
            [
              21.6356726776196,
              43.1426462988306
            ],
            [
              21.6354471320904,
              43.1424014353043
            ],
            [
              21.6354387481937,
              43.142363583243
            ],
            [
              21.6351341260514,
              43.1421406752643
            ],
            [
              21.6350666994885,
              43.1420997299705
            ],
            [
              21.635014861068,
              43.1420848409447
            ],
            [
              21.6347585583702,
              43.1420111538479
            ],
            [
              21.6346962600274,
              43.1419667598503
            ],
            [
              21.6344496717034,
              43.1418033012515
            ],
            [
              21.634419343864,
              43.1417832148524
            ],
            [
              21.6342051805468,
              43.1417232809529
            ],
            [
              21.6340656813259,
              43.1415939018841
            ],
            [
              21.6341082761127,
              43.141541623314
            ],
            [
              21.6341120512773,
              43.1415369847148
            ],
            [
              21.6341785485933,
              43.141455432214
            ],
            [
              21.6343194485372,
              43.1413030512439
            ],
            [
              21.6344649415242,
              43.1411432633679
            ],
            [
              21.6345012984269,
              43.1410750221556
            ],
            [
              21.6345522436812,
              43.140979387473
            ],
            [
              21.6347404069609,
              43.1407497741486
            ],
            [
              21.6349618593872,
              43.1405061119348
            ],
            [
              21.6350666917275,
              43.1403849896403
            ],
            [
              21.6353267462985,
              43.1400777454375
            ],
            [
              21.6353268190483,
              43.1400776459804
            ],
            [
              21.635224165195,
              43.1400891099839
            ],
            [
              21.6349195940505,
              43.140141847984
            ],
            [
              21.634823565127,
              43.1401873932747
            ],
            [
              21.6347703824954,
              43.1402393616639
            ],
            [
              21.6346665318078,
              43.1402656861781
            ],
            [
              21.6345315434561,
              43.1402767895226
            ],
            [
              21.6343555377326,
              43.1403512259869
            ],
            [
              21.6342815173475,
              43.1403616299086
            ],
            [
              21.6341331845166,
              43.1404373533941
            ],
            [
              21.6338878850961,
              43.1405050359296
            ],
            [
              21.6338877747114,
              43.1405050635557
            ],
            [
              21.6339800118335,
              43.1401759688907
            ],
            [
              21.6339801310713,
              43.1401756080367
            ],
            [
              21.6340750704389,
              43.1399184271084
            ],
            [
              21.6340751660144,
              43.1399181564338
            ],
            [
              21.6341230175591,
              43.139788528714
            ],
            [
              21.6341230538883,
              43.1397884744837
            ],
            [
              21.63412312543,
              43.1397882579712
            ],
            [
              21.6342030817355,
              43.1396842070048
            ],
            [
              21.6342031545797,
              43.1396841165527
            ],
            [
              21.6342033001751,
              43.1396839266442
            ],
            [
              21.6344090280842,
              43.1395219138935
            ],
            [
              21.6344093695733,
              43.1395216418551
            ],
            [
              21.6345030832282,
              43.1395005596704
            ],
            [
              21.6345033162894,
              43.139500504349
            ],
            [
              21.6347100342892,
              43.139306077166
            ],
            [
              21.6348185066859,
              43.1391687306838
            ],
            [
              21.6349406594477,
              43.138999169027
            ],
            [
              21.6349562436692,
              43.1389728865815
            ],
            [
              21.6348198508605,
              43.1389006096931
            ],
            [
              21.6347400465104,
              43.1388583199965
            ],
            [
              21.6345931068372,
              43.138819257145
            ],
            [
              21.6344233353521,
              43.1388070578584
            ],
            [
              21.63420870846,
              43.1388079802684
            ],
            [
              21.6342088304857,
              43.1388078895437
            ],
            [
              21.6342325891871,
              43.1387838293026
            ],
            [
              21.6343896022899,
              43.1386246799767
            ],
            [
              21.6343515189527,
              43.1386034659185
            ],
            [
              21.6343516409779,
              43.1386033751937
            ],
            [
              21.634529452799,
              43.1384548414208
            ],
            [
              21.6346742246493,
              43.138309010197
            ],
            [
              21.6347692988198,
              43.1382546482786
            ],
            [
              21.6350811202397,
              43.1380606277806
            ],
            [
              21.6353366419351,
              43.1378786217435
            ],
            [
              21.635384452148,
              43.1378305540848
            ],
            [
              21.6355462870493,
              43.1376591514077
            ],
            [
              21.6357031202049,
              43.1374796746354
            ],
            [
              21.6357999663972,
              43.1373831719809
            ],
            [
              21.6359264053634,
              43.1371654248375
            ],
            [
              21.6359761423938,
              43.1370781868827
            ],
            [
              21.6359390997062,
              43.1370658706451
            ],
            [
              21.6358017191189,
              43.137020193476
            ],
            [
              21.6353015697842,
              43.1368468928182
            ],
            [
              21.6350835598197,
              43.1367702364608
            ],
            [
              21.6350685462504,
              43.1367508477318
            ],
            [
              21.6350288607792,
              43.1366996026454
            ],
            [
              21.6350067982891,
              43.1365994409133
            ],
            [
              21.6350197659983,
              43.1364905229648
            ],
            [
              21.6350260173391,
              43.136438014377
            ],
            [
              21.6350317957537,
              43.1364261886701
            ],
            [
              21.6350763306819,
              43.1363351087865
            ],
            [
              21.635226480288,
              43.1360687955437
            ],
            [
              21.6352296050218,
              43.1358020386588
            ],
            [
              21.635192063169,
              43.1355844812469
            ],
            [
              21.6351468752867,
              43.1354591497029
            ],
            [
              21.6350686239979,
              43.1352396579487
            ],
            [
              21.6349482655575,
              43.1350961998496
            ],
            [
              21.6349595158376,
              43.1347596301298
            ],
            [
              21.6349598074247,
              43.1344803757857
            ],
            [
              21.6349794915408,
              43.1341746377279
            ],
            [
              21.63499696273,
              43.1338688209829
            ],
            [
              21.6349969506096,
              43.1335249315207
            ],
            [
              21.6350141872365,
              43.1331257619301
            ],
            [
              21.6350856848867,
              43.1330744111999
            ],
            [
              21.6351368073728,
              43.1330259641285
            ],
            [
              21.6351995669424,
              43.1329382921679
            ],
            [
              21.6354142190583,
              43.1327726790885
            ],
            [
              21.6354238162644,
              43.1327652796399
            ],
            [
              21.6354524819363,
              43.1327204681241
            ],
            [
              21.6354706989334,
              43.1326402463521
            ],
            [
              21.6354873728042,
              43.1325533704624
            ],
            [
              21.635582079121,
              43.1324645303164
            ],
            [
              21.6358168229975,
              43.1322372639538
            ],
            [
              21.6359322611457,
              43.1321092371871
            ],
            [
              21.6360948485315,
              43.1319525910375
            ],
            [
              21.6361646567025,
              43.1318573170787
            ],
            [
              21.6362846654528,
              43.1317551012392
            ],
            [
              21.6362964871204,
              43.13162738191
            ],
            [
              21.6363465494898,
              43.1314184279079
            ],
            [
              21.6363634368985,
              43.1313876355676
            ],
            [
              21.6363709608025,
              43.1313547350395
            ],
            [
              21.6365315321626,
              43.1311230188572
            ],
            [
              21.6366430882823,
              43.1310473166973
            ],
            [
              21.6367232010971,
              43.1309855641206
            ],
            [
              21.6369014933788,
              43.1308031709928
            ],
            [
              21.6370059260195,
              43.1306691729282
            ],
            [
              21.6371322097685,
              43.1304854489921
            ],
            [
              21.6372731430991,
              43.130314517551
            ],
            [
              21.6372828300195,
              43.1302193084744
            ],
            [
              21.6372427392603,
              43.1300405649127
            ],
            [
              21.6372702863433,
              43.1299712731696
            ],
            [
              21.6374506503966,
              43.12984639239
            ],
            [
              21.6376304948609,
              43.1296365318633
            ],
            [
              21.6378023785327,
              43.129511967927
            ],
            [
              21.6380341379432,
              43.1293773464307
            ],
            [
              21.6384700409746,
              43.1291709127632
            ],
            [
              21.638576344267,
              43.1290400535907
            ],
            [
              21.6388044335553,
              43.1288602583703
            ],
            [
              21.6388933835312,
              43.128809616428
            ],
            [
              21.6389357516448,
              43.1287944354004
            ],
            [
              21.6389360774326,
              43.1287667958967
            ],
            [
              21.6389145800471,
              43.1286975083573
            ],
            [
              21.638882404288,
              43.1286177474644
            ],
            [
              21.6388676098918,
              43.1285547231807
            ],
            [
              21.6388430274612,
              43.128490106557
            ],
            [
              21.6387568966829,
              43.1282636660889
            ],
            [
              21.6387336588081,
              43.1280749262745
            ],
            [
              21.6386863198947,
              43.1279437575227
            ],
            [
              21.6386399302601,
              43.1278564262691
            ],
            [
              21.6386247897836,
              43.127748394929
            ],
            [
              21.6386221797248,
              43.1277314947839
            ],
            [
              21.6386100235271,
              43.1276526945407
            ],
            [
              21.6386353386878,
              43.1273700638481
            ],
            [
              21.6386083631827,
              43.1272232993464
            ],
            [
              21.6385960357829,
              43.1271257843652
            ],
            [
              21.6384870773211,
              43.1268610995612
            ],
            [
              21.638446080027,
              43.1267486217861
            ],
            [
              21.6383827392495,
              43.1264138244677
            ],
            [
              21.6383717975823,
              43.1263560014147
            ],
            [
              21.6383641731934,
              43.1263284800952
            ],
            [
              21.638310490113,
              43.1261346205303
            ],
            [
              21.6382982287636,
              43.1260715297859
            ],
            [
              21.6382445073214,
              43.1257950670654
            ],
            [
              21.6381439055907,
              43.1258065771804
            ],
            [
              21.6378940788653,
              43.125835143271
            ],
            [
              21.6378861723617,
              43.1258360518151
            ],
            [
              21.6378255776406,
              43.1256120561682
            ],
            [
              21.6378300292525,
              43.1255204789947
            ],
            [
              21.6378250858798,
              43.1254826069176
            ],
            [
              21.6378521380867,
              43.1251187671243
            ],
            [
              21.6378696664344,
              43.1250012893167
            ],
            [
              21.6378862541549,
              43.1248901903849
            ],
            [
              21.6378470312197,
              43.1248827035855
            ],
            [
              21.6378468464529,
              43.1248826685961
            ],
            [
              21.637475618204,
              43.1249949316334
            ],
            [
              21.6373405486328,
              43.1250187319915
            ],
            [
              21.6372720436122,
              43.125016575982
            ],
            [
              21.6372121568058,
              43.1250146961121
            ],
            [
              21.6372092435027,
              43.1250146042779
            ],
            [
              21.6370412248263,
              43.1249808576394
            ],
            [
              21.6370365693638,
              43.1249799209394
            ],
            [
              21.6368970063313,
              43.1250065634103
            ],
            [
              21.6368908496317,
              43.1250077412964
            ],
            [
              21.6368658231463,
              43.1250122020254
            ],
            [
              21.6368402750397,
              43.1249901994806
            ],
            [
              21.6368458511787,
              43.1249850816022
            ],
            [
              21.636849296241,
              43.1249819206335
            ],
            [
              21.6369034588884,
              43.1249322320304
            ],
            [
              21.6369547945325,
              43.1247870995602
            ],
            [
              21.6370268682747,
              43.1246035026274
            ],
            [
              21.6370950385093,
              43.1244462134554
            ],
            [
              21.6371517963936,
              43.1242613239673
            ],
            [
              21.6371888224505,
              43.1241406940307
            ],
            [
              21.6373069623325,
              43.1237546497936
            ],
            [
              21.6374367417762,
              43.1233182178174
            ],
            [
              21.6374421828362,
              43.1233025955934
            ],
            [
              21.6374591512938,
              43.1232539432631
            ],
            [
              21.6375201532496,
              43.1230790135985
            ],
            [
              21.6375277869615,
              43.1229824939095
            ],
            [
              21.637533943679,
              43.1229047431711
            ],
            [
              21.6375491963838,
              43.1225761681251
            ],
            [
              21.6375475121738,
              43.1225183915247
            ],
            [
              21.6375468612877,
              43.1224960793083
            ],
            [
              21.6375426852509,
              43.1223525894258
            ],
            [
              21.6375234561583,
              43.1222069421013
            ],
            [
              21.6375021197303,
              43.1220453904202
            ],
            [
              21.6373448185225,
              43.1216102927796
            ],
            [
              21.6372296474432,
              43.1212787539069
            ],
            [
              21.6371910765086,
              43.1211745438271
            ],
            [
              21.6370740624235,
              43.1208499208635
            ],
            [
              21.6370346523809,
              43.1207406105382
            ],
            [
              21.6369489068917,
              43.1204964996057
            ],
            [
              21.6367289466325,
              43.1200858756068
            ],
            [
              21.6365082537015,
              43.1196754353265
            ],
            [
              21.636308084303,
              43.1193012511081
            ],
            [
              21.6362856624826,
              43.1192593365825
            ],
            [
              21.6361000866161,
              43.1189162186479
            ],
            [
              21.6359591477462,
              43.1186699841949
            ],
            [
              21.6358643952486,
              43.1185044223364
            ],
            [
              21.6357747750657,
              43.1183477439938
            ],
            [
              21.6357537901519,
              43.118291507237
            ],
            [
              21.6356939286089,
              43.1181956075142
            ],
            [
              21.6356297093269,
              43.118094330847
            ],
            [
              21.6355726661697,
              43.1179859031383
            ],
            [
              21.6355019309228,
              43.1178689175784
            ],
            [
              21.6354857628419,
              43.1178421719693
            ],
            [
              21.6354306905726,
              43.1177459762564
            ],
            [
              21.6353819988484,
              43.1176605464235
            ],
            [
              21.6353344346153,
              43.1175772714763
            ],
            [
              21.6353022648857,
              43.1175208265854
            ],
            [
              21.6352732276653,
              43.1174701265082
            ],
            [
              21.6352456915187,
              43.1174219376516
            ],
            [
              21.635216399885,
              43.1173705185821
            ],
            [
              21.6351878628344,
              43.1173206252427
            ],
            [
              21.6351322495736,
              43.1172195706516
            ],
            [
              21.6351025813104,
              43.1171672531547
            ],
            [
              21.6350728302181,
              43.1171188073021
            ],
            [
              21.6350381489886,
              43.1170689480242
            ],
            [
              21.6349970897744,
              43.1169965291142
            ],
            [
              21.6349680956205,
              43.1169381763783
            ],
            [
              21.6349145951653,
              43.1168510638941
            ],
            [
              21.6348654845142,
              43.1167548159011
            ],
            [
              21.6348646690145,
              43.1167532175591
            ],
            [
              21.6348535440025,
              43.1167351849005
            ],
            [
              21.6348284899558,
              43.1167011162079
            ],
            [
              21.634812142914,
              43.1166677015842
            ],
            [
              21.6347914513778,
              43.11662543406
            ],
            [
              21.6347388804744,
              43.1165331844567
            ],
            [
              21.6346810229676,
              43.1164406940051
            ],
            [
              21.6346040206298,
              43.11631509254
            ],
            [
              21.6345908193853,
              43.1162627736217
            ],
            [
              21.6345872133951,
              43.1162586522807
            ],
            [
              21.6345168230064,
              43.1161781149737
            ],
            [
              21.6344674258136,
              43.116095659345
            ],
            [
              21.6343568009087,
              43.1159391872364
            ],
            [
              21.634330552646,
              43.1158835736941
            ],
            [
              21.6342932233424,
              43.1158045080542
            ],
            [
              21.6341949744104,
              43.1156563390037
            ],
            [
              21.6341445585155,
              43.1155785885157
            ],
            [
              21.6341422728252,
              43.1155750721742
            ],
            [
              21.63412428905,
              43.1155473557933
            ],
            [
              21.6341082662693,
              43.11551908825
            ],
            [
              21.634100632437,
              43.1155058069473
            ],
            [
              21.6340862418947,
              43.1154808612571
            ],
            [
              21.6340719751942,
              43.1154560040269
            ],
            [
              21.6340440443091,
              43.1154051173899
            ],
            [
              21.6339452434083,
              43.1152628925864
            ],
            [
              21.6338939109637,
              43.1151951217561
            ],
            [
              21.6338383436454,
              43.1151217021919
            ],
            [
              21.6338013395137,
              43.1150728459234
            ],
            [
              21.633731567924,
              43.1149806920046
            ],
            [
              21.6337247281105,
              43.1149716826916
            ],
            [
              21.6336898318031,
              43.1149256503458
            ],
            [
              21.6336559421205,
              43.1148809181209
            ],
            [
              21.6336232307855,
              43.1148311375327
            ],
            [
              21.6335960126173,
              43.114789699248
            ],
            [
              21.6335432008173,
              43.1147095133239
            ],
            [
              21.6334970555623,
              43.1146440539543
            ],
            [
              21.6334701492167,
              43.114598391527
            ],
            [
              21.6334648164351,
              43.1145948650258
            ],
            [
              21.6334160904486,
              43.1145625659443
            ],
            [
              21.6334157191245,
              43.1145623158634
            ],
            [
              21.6334103721815,
              43.1145562239499
            ],
            [
              21.6333662356753,
              43.114459425454
            ],
            [
              21.6333296283474,
              43.1144012954133
            ],
            [
              21.6332985544007,
              43.1143434940296
            ],
            [
              21.6332444274497,
              43.1142429705302
            ],
            [
              21.6331838132907,
              43.114133030486
            ],
            [
              21.6331636110301,
              43.1140927230022
            ],
            [
              21.633148127619,
              43.1140452773548
            ],
            [
              21.6331059763218,
              43.1139857371347
            ],
            [
              21.6330789128238,
              43.1139353848407
            ],
            [
              21.633051849079,
              43.1138851234904
            ],
            [
              21.6330249101322,
              43.1138350406398
            ],
            [
              21.6329965945219,
              43.1137824458344
            ],
            [
              21.6329137738651,
              43.1136284280578
            ],
            [
              21.6328830977195,
              43.1135852977948
            ],
            [
              21.6328727952612,
              43.1135634801371
            ],
            [
              21.63286249403,
              43.1135416615711
            ],
            [
              21.6325640193985,
              43.1130318153042
            ],
            [
              21.6325492304132,
              43.1129563695709
            ],
            [
              21.6325141339158,
              43.1129015609037
            ],
            [
              21.6326299650026,
              43.1128496963257
            ],
            [
              21.6327681169734,
              43.112829124407
            ],
            [
              21.6328499966914,
              43.1127737571534
            ],
            [
              21.6328945856767,
              43.1126771862848
            ],
            [
              21.6329526259874,
              43.1126217707144
            ],
            [
              21.6331054176706,
              43.1125199186417
            ],
            [
              21.6332179688446,
              43.1123767891871
            ],
            [
              21.6334566584849,
              43.1122043321838
            ],
            [
              21.6336615805348,
              43.1121646638873
            ],
            [
              21.6338384774104,
              43.1121717831197
            ],
            [
              21.633947147599,
              43.1121285988497
            ],
            [
              21.6339688471761,
              43.1121001213702
            ],
            [
              21.633934637178,
              43.1120479187332
            ],
            [
              21.6340097851308,
              43.1119241706883
            ],
            [
              21.6341498479923,
              43.1118511943391
            ],
            [
              21.6342985828531,
              43.1118560385167
            ],
            [
              21.634397787286,
              43.1118007533071
            ],
            [
              21.6345551663673,
              43.1116677259849
            ],
            [
              21.634694040625,
              43.1115277790847
            ],
            [
              21.6347411891454,
              43.1114887173373
            ],
            [
              21.6348890093851,
              43.1114174070734
            ],
            [
              21.6350477537809,
              43.1113687210775
            ],
            [
              21.6352047467294,
              43.1113998043837
            ],
            [
              21.635293264257,
              43.1114040819485
            ],
            [
              21.6353754492454,
              43.1113785083211
            ],
            [
              21.6354435248862,
              43.1113077310638
            ],
            [
              21.6354752636713,
              43.1112166298545
            ],
            [
              21.6354916902064,
              43.1112010538392
            ],
            [
              21.6355061596324,
              43.1111863891789
            ],
            [
              21.6357092642372,
              43.1111143178508
            ],
            [
              21.6357950101196,
              43.1110649566641
            ],
            [
              21.6358326454544,
              43.110950236112
            ],
            [
              21.6359647058433,
              43.1108880133022
            ],
            [
              21.6360497182062,
              43.110791843241
            ],
            [
              21.6360792580945,
              43.1106904011714
            ],
            [
              21.6360754044359,
              43.1106153426199
            ],
            [
              21.636108941001,
              43.1105436763659
            ],
            [
              21.6362301291683,
              43.1105231045182
            ],
            [
              21.6363245335413,
              43.110432193103
            ],
            [
              21.6363477743575,
              43.110433773884
            ],
            [
              21.6363281915875,
              43.1104023296922
            ],
            [
              21.6363266418968,
              43.1103998538641
            ],
            [
              21.6363201565554,
              43.1103894559764
            ],
            [
              21.6363054619847,
              43.1103707237989
            ],
            [
              21.6362134644432,
              43.1102941130642
            ],
            [
              21.635980944982,
              43.1101004815382
            ],
            [
              21.6359792217795,
              43.1100990512356
            ],
            [
              21.6359858221048,
              43.1100932613335
            ],
            [
              21.6360645793213,
              43.110024214493
            ],
            [
              21.6360885648586,
              43.1100030151462
            ],
            [
              21.63619278346,
              43.1099105193455
            ],
            [
              21.6362681470374,
              43.1098437505556
            ],
            [
              21.636284460369,
              43.1098291655895
            ],
            [
              21.6363706603738,
              43.1097527940019
            ],
            [
              21.6363730963449,
              43.1097472172398
            ],
            [
              21.6363734810367,
              43.1097463866514
            ],
            [
              21.6363749818237,
              43.1097429573511
            ],
            [
              21.6363750792094,
              43.1097428667607
            ],
            [
              21.6364683368473,
              43.1096575437181
            ],
            [
              21.6365579041993,
              43.1095753820299
            ],
            [
              21.6365584032281,
              43.109574911
            ],
            [
              21.6365834630615,
              43.1095506718275
            ],
            [
              21.6365849235414,
              43.1095494030193
            ],
            [
              21.6365910514577,
              43.1095442919764
            ],
            [
              21.6366576437485,
              43.1094883208491
            ],
            [
              21.6367952123414,
              43.109377362626
            ],
            [
              21.6368137223554,
              43.1093614155271
            ],
            [
              21.6368831207496,
              43.1093117842948
            ],
            [
              21.6369102109964,
              43.1092831852921
            ],
            [
              21.6369255252722,
              43.1092669849158
            ],
            [
              21.6369414585601,
              43.1092501516507
            ],
            [
              21.6369577432771,
              43.1092329562318
            ],
            [
              21.6369743172618,
              43.1092186488664
            ],
            [
              21.6369968349189,
              43.1091992485686
            ],
            [
              21.6370342687603,
              43.1091704208612
            ],
            [
              21.6370737635558,
              43.1091400418323
            ],
            [
              21.6371147082555,
              43.1091085651261
            ],
            [
              21.6371301889325,
              43.1090966861382
            ],
            [
              21.6371479116159,
              43.1090876744251
            ],
            [
              21.6372457408226,
              43.1090179073308
            ],
            [
              21.6372632796699,
              43.1090053955259
            ],
            [
              21.6373236656939,
              43.1089623679676
            ],
            [
              21.6374476819145,
              43.1088599472215
            ],
            [
              21.6374663841417,
              43.1088388670634
            ],
            [
              21.6375824009998,
              43.1087352300501
            ],
            [
              21.6375918966036,
              43.1087267143529
            ],
            [
              21.6376787125939,
              43.1086507885796
            ],
            [
              21.6377457101522,
              43.1085832558878
            ],
            [
              21.6378362694444,
              43.1084775101767
            ],
            [
              21.6378711226474,
              43.1084498582072
            ],
            [
              21.6379088885488,
              43.1084187681342
            ],
            [
              21.6379430245831,
              43.108393190363
            ],
            [
              21.6380346022544,
              43.1083261499002
            ],
            [
              21.6380560840594,
              43.1082888489601
            ],
            [
              21.6380629622708,
              43.1082768377152
            ],
            [
              21.6381059879014,
              43.1082505709777
            ],
            [
              21.6381431769977,
              43.1082278657871
            ],
            [
              21.6381621127458,
              43.1082102582944
            ],
            [
              21.638177372414,
              43.1081960751462
            ],
            [
              21.6381896415538,
              43.1081837546757
            ],
            [
              21.6381998668024,
              43.1081734428864
            ],
            [
              21.6382894517238,
              43.108092100072
            ],
            [
              21.638310047359,
              43.1080758700471
            ],
            [
              21.6383321043368,
              43.1080584621322
            ],
            [
              21.6384450003469,
              43.1079503401018
            ],
            [
              21.6384562234667,
              43.1079309223876
            ],
            [
              21.6385063200635,
              43.1078804982685
            ],
            [
              21.638545513271,
              43.1078214920869
            ],
            [
              21.6385830167538,
              43.1077888733234
            ],
            [
              21.6387096090111,
              43.1077099323555
            ],
            [
              21.6387478612064,
              43.1076702603363
            ],
            [
              21.6387996791503,
              43.1076165225865
            ],
            [
              21.6388229790625,
              43.1075886646744
            ],
            [
              21.638885287937,
              43.1075076537587
            ],
            [
              21.6389260742305,
              43.1074717747943
            ],
            [
              21.6389555697011,
              43.1074500848234
            ],
            [
              21.638983748382,
              43.1074294098445
            ],
            [
              21.6389921307954,
              43.1074214324344
            ],
            [
              21.6390102221157,
              43.1074042167248
            ],
            [
              21.639037522218,
              43.1073782445638
            ],
            [
              21.6390556365446,
              43.1073585172566
            ],
            [
              21.6390681368694,
              43.1073449428201
            ],
            [
              21.6391638917879,
              43.1072546509179
            ],
            [
              21.6392050012004,
              43.10721324195
            ],
            [
              21.6392600939841,
              43.107157882825
            ],
            [
              21.6392601912677,
              43.1071577832277
            ],
            [
              21.6393522739457,
              43.1070806543083
            ],
            [
              21.6393752888138,
              43.1070644195769
            ],
            [
              21.6394071605416,
              43.1070419949194
            ],
            [
              21.6394835202944,
              43.1069876505598
            ],
            [
              21.6395463180449,
              43.106942996464
            ],
            [
              21.6395514183052,
              43.1069383853725
            ],
            [
              21.6395524166491,
              43.1069374793042
            ],
            [
              21.6395746790821,
              43.1069174495774
            ],
            [
              21.6396563655307,
              43.1068331773133
            ],
            [
              21.6397516081756,
              43.1067411768483
            ],
            [
              21.6397740069767,
              43.1067211553246
            ],
            [
              21.6398485353929,
              43.1066457459275
            ],
            [
              21.639928738902,
              43.1065607613671
            ],
            [
              21.6399329863746,
              43.1065556966789
            ],
            [
              21.6399370879618,
              43.1065507849889
            ],
            [
              21.6399715753587,
              43.1065095667588
            ],
            [
              21.6399903221749,
              43.1064823004764
            ],
            [
              21.6399969664925,
              43.1064726668091
            ],
            [
              21.6399982252494,
              43.1064708056632
            ],
            [
              21.6401038956578,
              43.1065133497862
            ],
            [
              21.6402778009539,
              43.1065833731321
            ],
            [
              21.6406315627459,
              43.1067378412489
            ],
            [
              21.6406315513957,
              43.1067379313613
            ],
            [
              21.6406231625183,
              43.1068272833613
            ],
            [
              21.640623298451,
              43.1068273546394
            ],
            [
              21.6407833925424,
              43.1069101018928
            ],
            [
              21.6408312772089,
              43.1069325368427
            ],
            [
              21.6408314254219,
              43.1069326071512
            ],
            [
              21.6408751471947,
              43.1069658496448
            ],
            [
              21.6410781452444,
              43.1070612115514
            ],
            [
              21.6410609632197,
              43.1069811868637
            ],
            [
              21.6411142536838,
              43.1069310129494
            ],
            [
              21.6412736362069,
              43.1067106348078
            ],
            [
              21.6413142163555,
              43.106620111807
            ],
            [
              21.6413592467401,
              43.1065439680597
            ],
            [
              21.6414005343879,
              43.1064741459905
            ],
            [
              21.6414503648359,
              43.1063986947897
            ],
            [
              21.641492817533,
              43.1063345383313
            ],
            [
              21.6415637443546,
              43.1062674306978
            ],
            [
              21.6416315102808,
              43.1062034015043
            ],
            [
              21.6416738770857,
              43.1061310528144
            ],
            [
              21.6418049260129,
              43.1059391018245
            ],
            [
              21.641874962064,
              43.1057638800363
            ],
            [
              21.6419503484556,
              43.105571703502
            ],
            [
              21.6419793147225,
              43.1054986203307
            ],
            [
              21.6420855343563,
              43.1054695734108
            ],
            [
              21.642264035591,
              43.1054672146065
            ],
            [
              21.64238941714,
              43.1054026796535
            ],
            [
              21.6425141773926,
              43.1052439830592
            ],
            [
              21.6425072140013,
              43.1051425650087
            ],
            [
              21.642463984017,
              43.105015875762
            ],
            [
              21.6424163069913,
              43.1048868710927
            ],
            [
              21.6424236395795,
              43.1048130096667
            ],
            [
              21.6425008407733,
              43.1047235403951
            ],
            [
              21.6425539703523,
              43.1046350166845
            ],
            [
              21.642586264587,
              43.104516452588
            ],
            [
              21.6425593199599,
              43.1044427854349
            ],
            [
              21.6425672560166,
              43.1042394663444
            ],
            [
              21.6425963512375,
              43.1040970644528
            ],
            [
              21.6427444102723,
              43.1038526227584
            ],
            [
              21.6428409421989,
              43.1037437787018
            ],
            [
              21.6429462242221,
              43.1036025668526
            ],
            [
              21.6430493058729,
              43.1035208724732
            ],
            [
              21.6433127965898,
              43.1033062069878
            ],
            [
              21.6433657485154,
              43.1031893265832
            ],
            [
              21.6435641720081,
              43.102991232429
            ],
            [
              21.643609838454,
              43.1029410110527
            ],
            [
              21.6436729977472,
              43.10277870195
            ],
            [
              21.64376063911,
              43.1026661268578
            ],
            [
              21.6438521663792,
              43.1025141892682
            ],
            [
              21.6437832133064,
              43.1024183437681
            ],
            [
              21.6438068577913,
              43.102365366441
            ],
            [
              21.6438604010157,
              43.1023164504752
            ],
            [
              21.6439614245006,
              43.1022263058445
            ],
            [
              21.6440265753172,
              43.1021597694414
            ],
            [
              21.6441052642214,
              43.1020954071185
            ],
            [
              21.6442064466987,
              43.1020437014513
            ],
            [
              21.6443204827397,
              43.1020225300421
            ],
            [
              21.6444112811722,
              43.1020696383996
            ],
            [
              21.6444781946832,
              43.1020886139596
            ],
            [
              21.6445440511879,
              43.1020773480067
            ],
            [
              21.6446034651085,
              43.1020376718594
            ],
            [
              21.6447179068866,
              43.1019385370263
            ],
            [
              21.6447676593014,
              43.1018799203115
            ],
            [
              21.6448061256988,
              43.1017646516672
            ],
            [
              21.6447407904519,
              43.1016623055254
            ],
            [
              21.6447371346064,
              43.1015837350348
            ],
            [
              21.6448189722627,
              43.101433832318
            ],
            [
              21.6448160323305,
              43.101376413885
            ],
            [
              21.6448165962374,
              43.1013484135985
            ],
            [
              21.6448856238546,
              43.1012302712288
            ],
            [
              21.644991137439,
              43.1011351485793
            ],
            [
              21.6451954074265,
              43.101131109126
            ],
            [
              21.6452573359328,
              43.1010853860782
            ],
            [
              21.6453467606753,
              43.1009444414791
            ],
            [
              21.6454488299128,
              43.1008606812921
            ],
            [
              21.6454875800267,
              43.1007956436923
            ],
            [
              21.645433223649,
              43.1006976465928
            ],
            [
              21.6452682095286,
              43.1005448222975
            ],
            [
              21.6452108508034,
              43.1003718519695
            ],
            [
              21.645164007204,
              43.1003220650935
            ],
            [
              21.6452592641399,
              43.1000238162943
            ],
            [
              21.6452211920261,
              43.0998041945013
            ],
            [
              21.6453349714175,
              43.0996776959777
            ],
            [
              21.6454393180902,
              43.0994376402928
            ],
            [
              21.645577837687,
              43.0993156827136
            ],
            [
              21.6455108208713,
              43.099158881247
            ],
            [
              21.6455342956362,
              43.0990202922525
            ],
            [
              21.6458550391659,
              43.098657475202
            ],
            [
              21.6458818158583,
              43.0985873749357
            ],
            [
              21.6458168406328,
              43.0984609005005
            ],
            [
              21.6458522894391,
              43.0982464424276
            ],
            [
              21.6457492798631,
              43.0981014596306
            ],
            [
              21.6457094799379,
              43.0978579009551
            ],
            [
              21.6457145454949,
              43.0978025075616
            ],
            [
              21.645627338399,
              43.0976762494012
            ],
            [
              21.6455740882423,
              43.0975664532583
            ],
            [
              21.6455047125697,
              43.0975000490064
            ],
            [
              21.6454547103965,
              43.0973835726586
            ],
            [
              21.6453792260687,
              43.097343669981
            ],
            [
              21.6452483254349,
              43.0972793261877
            ],
            [
              21.6451503126136,
              43.0972465733111
            ],
            [
              21.6450403967734,
              43.0971684262203
            ],
            [
              21.6449588522332,
              43.0970664425367
            ],
            [
              21.6449258246454,
              43.0969519395979
            ],
            [
              21.6451081339904,
              43.0967774298742
            ],
            [
              21.6451653211793,
              43.0966670955099
            ],
            [
              21.6451683285796,
              43.0966028916334
            ],
            [
              21.64487040116,
              43.0963917663275
            ],
            [
              21.6447909720552,
              43.0963852855573
            ],
            [
              21.6446938800945,
              43.0963929473868
            ],
            [
              21.6446041592416,
              43.0963192767809
            ],
            [
              21.6446193010026,
              43.0961709222071
            ],
            [
              21.6445925218162,
              43.0960779894104
            ],
            [
              21.6445510845567,
              43.0960278115927
            ],
            [
              21.644384148595,
              43.0959826656026
            ],
            [
              21.6442989483744,
              43.0959880098058
            ],
            [
              21.6442081173167,
              43.0960185021135
            ],
            [
              21.6440922465709,
              43.09595794267
            ],
            [
              21.6440026986198,
              43.0958189139459
            ],
            [
              21.6440242179173,
              43.0957510039431
            ],
            [
              21.6441038720736,
              43.095709052023
            ],
            [
              21.6441806257501,
              43.0954853578557
            ],
            [
              21.6441057953261,
              43.0953439951218
            ],
            [
              21.6442072448341,
              43.0951788567592
            ],
            [
              21.6441571391493,
              43.0950871366522
            ],
            [
              21.6441818495826,
              43.0950306421712
            ],
            [
              21.644331629215,
              43.0949869418573
            ],
            [
              21.6444338508603,
              43.0949766391244
            ],
            [
              21.6445396693133,
              43.0948763831859
            ],
            [
              21.6445668994186,
              43.0947444340601
            ],
            [
              21.6444309573852,
              43.0946674243849
            ],
            [
              21.644222747714,
              43.0946570821996
            ],
            [
              21.6439674939775,
              43.0945774181089
            ],
            [
              21.6438773696211,
              43.0944651298522
            ],
            [
              21.6440258605897,
              43.0942178957667
            ],
            [
              21.6438213206298,
              43.0940311765703
            ],
            [
              21.6437513736843,
              43.0940382346243
            ],
            [
              21.6437339492046,
              43.0941566237582
            ],
            [
              21.6436770121888,
              43.0941741398114
            ],
            [
              21.6436349082646,
              43.0941538535677
            ],
            [
              21.6434493713772,
              43.0939634248532
            ],
            [
              21.6434502720825,
              43.0938741172601
            ],
            [
              21.6435250789515,
              43.09374541093
            ],
            [
              21.6435776714487,
              43.0935255467771
            ],
            [
              21.6435510361148,
              43.093329447296
            ],
            [
              21.6433606166482,
              43.0932349201867
            ],
            [
              21.6432126421653,
              43.0930414874401
            ],
            [
              21.6432428505346,
              43.0927839412382
            ],
            [
              21.6432920613106,
              43.0925929037829
            ],
            [
              21.6433295728412,
              43.0925621734717
            ],
            [
              21.6433464109894,
              43.0923532244241
            ],
            [
              21.6432032422089,
              43.0921726380293
            ],
            [
              21.643164338469,
              43.0920711318732
            ],
            [
              21.6432267351495,
              43.0918840716169
            ],
            [
              21.643240693756,
              43.0916932332065
            ],
            [
              21.6431463230582,
              43.0915970824644
            ],
            [
              21.6431148930567,
              43.0914586240605
            ],
            [
              21.6433263371966,
              43.091182587729
            ],
            [
              21.6433654984369,
              43.0911103481063
            ],
            [
              21.6433559036171,
              43.0909692465166
            ],
            [
              21.6432359658408,
              43.0905099059253
            ],
            [
              21.6432858877308,
              43.0903747695785
            ],
            [
              21.6433021101817,
              43.0901773466019
            ],
            [
              21.6432903439424,
              43.0899349807731
            ],
            [
              21.6433788060014,
              43.0897736998693
            ],
            [
              21.6434265612212,
              43.0896195806692
            ],
            [
              21.6433873303885,
              43.0894753147642
            ],
            [
              21.6434270254993,
              43.0892557040341
            ],
            [
              21.6434972048871,
              43.0891896807139
            ],
            [
              21.6435524044363,
              43.0890892626932
            ],
            [
              21.6435478021996,
              43.0889207661664
            ],
            [
              21.6435597269756,
              43.0887118445892
            ],
            [
              21.6435672982183,
              43.0886261004631
            ],
            [
              21.6437470731662,
              43.0883998457924
            ],
            [
              21.6437792526828,
              43.0882715608774
            ],
            [
              21.6439922827052,
              43.0879958762498
            ],
            [
              21.6440364981096,
              43.0878673434199
            ],
            [
              21.6440355883509,
              43.0877462675802
            ],
            [
              21.6441485468667,
              43.0874857319712
            ],
            [
              21.6441533765421,
              43.0874313313157
            ],
            [
              21.6441439374459,
              43.0873632370647
            ],
            [
              21.6442541719922,
              43.0873220133356
            ],
            [
              21.6443147983966,
              43.0872938531096
            ],
            [
              21.6443742490323,
              43.0872008830034
            ],
            [
              21.6444799594256,
              43.0870918072913
            ],
            [
              21.644499265438,
              43.0869892514512
            ],
            [
              21.6446142103093,
              43.0868590584048
            ],
            [
              21.6447551529804,
              43.0865854910907
            ],
            [
              21.64497718981,
              43.0865123058647
            ],
            [
              21.6450625605928,
              43.086268761284
            ],
            [
              21.6452445386912,
              43.0858341846458
            ],
            [
              21.6454489627449,
              43.0856987135519
            ],
            [
              21.645488870845,
              43.0857198138865
            ],
            [
              21.645489080919,
              43.0857199297654
            ],
            [
              21.6454906133344,
              43.0857207855932
            ],
            [
              21.6454936909137,
              43.085722541301
            ],
            [
              21.6455101379812,
              43.0857319180937
            ],
            [
              21.6455281426075,
              43.0857422045991
            ],
            [
              21.6455282907838,
              43.0857422758026
            ],
            [
              21.6459891511566,
              43.0859655390809
            ],
            [
              21.6463572793754,
              43.0861874260834
            ],
            [
              21.6468530515212,
              43.0864463066067
            ],
            [
              21.6471195715107,
              43.0865943209271
            ],
            [
              21.6473376350431,
              43.0867154220136
            ],
            [
              21.6477243812039,
              43.0869316180122
            ],
            [
              21.6481104157367,
              43.0871499770026
            ],
            [
              21.6483574245642,
              43.087045945137
            ],
            [
              21.6487857335713,
              43.086873183328
            ],
            [
              21.6493287925605,
              43.086668618134
            ],
            [
              21.6498596397272,
              43.0865057998566
            ],
            [
              21.6500201934818,
              43.0864371962118
            ],
            [
              21.6501122519716,
              43.0863978620614
            ],
            [
              21.6504286806879,
              43.0862735349454
            ],
            [
              21.6506269654783,
              43.0861738282202
            ],
            [
              21.6506876639652,
              43.0861412535983
            ],
            [
              21.650788267154,
              43.0860867915851
            ],
            [
              21.6510088435589,
              43.0859673870363
            ],
            [
              21.6510874268161,
              43.0859304790428
            ],
            [
              21.6512705839321,
              43.0858405798767
            ],
            [
              21.6515172999089,
              43.0857561690545
            ],
            [
              21.6517794802201,
              43.0856476327982
            ],
            [
              21.6517796030697,
              43.0856476320985
            ],
            [
              21.6518363999219,
              43.0856363964243
            ],
            [
              21.651952177312,
              43.0856135163338
            ],
            [
              21.6520942014455,
              43.0855596807449
            ],
            [
              21.6522518877393,
              43.0854886508703
            ],
            [
              21.6522566019741,
              43.085487282267
            ],
            [
              21.6522870296305,
              43.0854784569033
            ],
            [
              21.6524774299375,
              43.085400037203
            ],
            [
              21.6525540985395,
              43.0853679738563
            ],
            [
              21.6526145043393,
              43.0853427181733
            ],
            [
              21.6527294971266,
              43.0852994789544
            ],
            [
              21.6529512818114,
              43.0852155683407
            ],
            [
              21.6530019464286,
              43.0851925472255
            ],
            [
              21.6530329310058,
              43.0851784614153
            ],
            [
              21.6532150616699,
              43.0851078301043
            ],
            [
              21.6534308602414,
              43.0850156700081
            ],
            [
              21.6534722897209,
              43.0849962574599
            ],
            [
              21.6536286178126,
              43.0849248741436
            ],
            [
              21.6536618628326,
              43.0849096496365
            ],
            [
              21.6537328149621,
              43.0848772390451
            ],
            [
              21.6538037670261,
              43.0848448293104
            ],
            [
              21.6539239559685,
              43.0847937276248
            ],
            [
              21.6539808507142,
              43.0847618933805
            ],
            [
              21.6540151772405,
              43.0847444113605
            ],
            [
              21.6541665125862,
              43.084677196303
            ],
            [
              21.6542451656437,
              43.0846345964301
            ],
            [
              21.6543056009755,
              43.0846018592992
            ],
            [
              21.6544555220432,
              43.08452880055
            ],
            [
              21.6545354256835,
              43.0845008848463
            ],
            [
              21.6546395126616,
              43.0844602274601
            ],
            [
              21.6546606871045,
              43.0844521928028
            ],
            [
              21.6546806748147,
              43.0844446241818
            ],
            [
              21.6547328470125,
              43.0844248525525
            ],
            [
              21.6547834896301,
              43.0844056569616
            ],
            [
              21.6548315258525,
              43.0843838657377
            ],
            [
              21.6550213983707,
              43.0843026541912
            ],
            [
              21.6550434010777,
              43.0842928056341
            ],
            [
              21.6551418132999,
              43.08424885836
            ],
            [
              21.6552647715095,
              43.0841939483379
            ],
            [
              21.6553282898193,
              43.0841613560002
            ],
            [
              21.655477546362,
              43.0840953208479
            ],
            [
              21.6555792884193,
              43.0840422618578
            ],
            [
              21.6558885422396,
              43.0838810432555
            ],
            [
              21.655922237697,
              43.0838678407141
            ],
            [
              21.6559559331398,
              43.0838546381628
            ],
            [
              21.6559807021242,
              43.0838382197887
            ],
            [
              21.6559937379921,
              43.0838295741792
            ],
            [
              21.6561725338461,
              43.0837236678951
            ],
            [
              21.6562021558907,
              43.0837143148182
            ],
            [
              21.6562758180589,
              43.0836885939677
            ],
            [
              21.6563289578088,
              43.0836732536836
            ],
            [
              21.6564212983908,
              43.0836255499599
            ],
            [
              21.656441975278,
              43.0836181391658
            ],
            [
              21.6566080402999,
              43.0835276991359
            ],
            [
              21.6566321066548,
              43.0835168388853
            ],
            [
              21.6566763649266,
              43.0834968776513
            ],
            [
              21.6567677927913,
              43.0834568213587
            ],
            [
              21.656923055454,
              43.0833887777669
            ],
            [
              21.6570420350562,
              43.0833297482081
            ],
            [
              21.6571750885498,
              43.0832637228239
            ],
            [
              21.6573055088682,
              43.0832052657352
            ],
            [
              21.6573333695896,
              43.0831965618313
            ],
            [
              21.6574608464178,
              43.083156747247
            ],
            [
              21.657532408054,
              43.0831185244196
            ],
            [
              21.6576388946324,
              43.083061645259
            ],
            [
              21.657727826376,
              43.0830170208398
            ],
            [
              21.6579482935355,
              43.0829148326099
            ],
            [
              21.6580214493642,
              43.0828765102602
            ],
            [
              21.6580470966153,
              43.0828630381989
            ],
            [
              21.658152685554,
              43.082814086248
            ],
            [
              21.6581731210891,
              43.0828071267744
            ],
            [
              21.658342794482,
              43.082732867816
            ],
            [
              21.6583670108587,
              43.0827234552279
            ],
            [
              21.65852443218,
              43.082640624468
            ],
            [
              21.6585788269734,
              43.0826165438449
            ],
            [
              21.6585922473447,
              43.0826081838826
            ],
            [
              21.6587005474359,
              43.0825488628654
            ],
            [
              21.6588014521058,
              43.0824984073419
            ],
            [
              21.658810071198,
              43.0824889953056
            ],
            [
              21.6590417125881,
              43.0823756663796
            ],
            [
              21.6592681942638,
              43.0822621875116
            ],
            [
              21.6592685732513,
              43.0822620151352
            ],
            [
              21.6595022519748,
              43.0821566771091
            ],
            [
              21.6595026309513,
              43.0821565038314
            ],
            [
              21.6595220900458,
              43.0821477667698
            ],
            [
              21.6596633466919,
              43.0820844458095
            ],
            [
              21.6597399651506,
              43.0820484427752
            ],
            [
              21.6597711168387,
              43.0820330484584
            ],
            [
              21.6598707885693,
              43.0819936715472
            ],
            [
              21.6599694407165,
              43.0819508794602
            ],
            [
              21.6601196164363,
              43.0818798811292
            ],
            [
              21.6603840152417,
              43.081752317334
            ],
            [
              21.6604636407872,
              43.0817105351118
            ],
            [
              21.6606062226256,
              43.081640390412
            ],
            [
              21.6606219697531,
              43.081632647123
            ],
            [
              21.6607599612126,
              43.0815708114572
            ],
            [
              21.6608580228146,
              43.0815201724226
            ],
            [
              21.6608968082954,
              43.0815087120863
            ],
            [
              21.6609019855744,
              43.0815071522491
            ],
            [
              21.6610158082327,
              43.081437525224
            ],
            [
              21.6610159548674,
              43.0814374523376
            ],
            [
              21.6612041942087,
              43.0813555105399
            ],
            [
              21.6614851780989,
              43.0812401796996
            ],
            [
              21.6619351772025,
              43.0810700329016
            ],
            [
              21.6620725688648,
              43.0810210725541
            ],
            [
              21.6621706252534,
              43.0809814238286
            ],
            [
              21.6623437862013,
              43.0809113782581
            ],
            [
              21.6627715899437,
              43.0807562111498
            ],
            [
              21.6631783899144,
              43.0806461752677
            ],
            [
              21.6632774282129,
              43.0806506395159
            ],
            [
              21.6637182928355,
              43.0803416350168
            ],
            [
              21.6640156410265,
              43.0801914458357
            ],
            [
              21.6641162375984,
              43.0801406362076
            ],
            [
              21.6642310028741,
              43.0800782107437
            ],
            [
              21.6642311257123,
              43.0800782100307
            ],
            [
              21.6647016927477,
              43.0800395434885
            ],
            [
              21.6651634535722,
              43.0800041670712
            ],
            [
              21.6656370589666,
              43.0799513448952
            ],
            [
              21.6662314544916,
              43.0798144536073
            ],
            [
              21.6665690000355,
              43.0797296570276
            ],
            [
              21.6666775750821,
              43.0797123933366
            ],
            [
              21.666820574541,
              43.0796896538669
            ],
            [
              21.6671406679529,
              43.0796542889644
            ],
            [
              21.6673557598316,
              43.0796305224748
            ],
            [
              21.6676943507261,
              43.0795853255322
            ],
            [
              21.6676944725855,
              43.0795852347719
            ],
            [
              21.6676963135845,
              43.079584062395
            ],
            [
              21.6677192298251,
              43.0795694253516
            ],
            [
              21.6677671394869,
              43.079525663716
            ],
            [
              21.6677778428096,
              43.0795161487893
            ],
            [
              21.6680278898096,
              43.0796846419651
            ],
            [
              21.6682660675386,
              43.079497978616
            ],
            [
              21.6685684096917,
              43.0793389353126
            ],
            [
              21.6689607401498,
              43.0791322802389
            ],
            [
              21.6691578748848,
              43.0790333575882
            ],
            [
              21.6694390323463,
              43.0788916298543
            ],
            [
              21.6695602540147,
              43.0788474898898
            ],
            [
              21.6698852649405,
              43.0787291252725
            ],
            [
              21.6700056066744,
              43.0787056409787
            ],
            [
              21.6700531600693,
              43.0786968096669
            ],
            [
              21.6702709396437,
              43.0786586807177
            ],
            [
              21.6704229699367,
              43.0786320657603
            ],
            [
              21.6704474844457,
              43.0786277807713
            ],
            [
              21.6706775669716,
              43.0785995168003
            ],
            [
              21.6708260889105,
              43.0785812676328
            ],
            [
              21.6709286212134,
              43.0785686809712
            ],
            [
              21.6711600608078,
              43.0785187044055
            ],
            [
              21.6711601836427,
              43.0785187036851
            ],
            [
              21.6713450112645,
              43.0784850261825
            ],
            [
              21.6715331885319,
              43.0783092733434
            ],
            [
              21.671569097084,
              43.0782800748619
            ],
            [
              21.6715692189351,
              43.0782799840975
            ],
            [
              21.6718816919981,
              43.0782796789084
            ],
            [
              21.671898345535,
              43.0782796612715
            ],
            [
              21.6719858416262,
              43.0782958885563
            ],
            [
              21.6720128961507,
              43.0782544988336
            ],
            [
              21.6722298109368,
              43.0780900987799
            ],
            [
              21.6722912080199,
              43.078034769329
            ],
            [
              21.6723546972559,
              43.0779775545279
            ],
            [
              21.672372140874,
              43.0779713845179
            ],
            [
              21.6723993465651,
              43.0779617181638
            ],
            [
              21.6724754510051,
              43.0780789085899
            ],
            [
              21.6725616365285,
              43.0782116317399
            ],
            [
              21.6725628734565,
              43.0782135326135
            ],
            [
              21.6727003727844,
              43.0781882346077
            ],
            [
              21.6728342198713,
              43.0781636071658
            ],
            [
              21.6729045686542,
              43.0781506604596
            ],
            [
              21.6730168682739,
              43.0781332535877
            ],
            [
              21.6731394768338,
              43.078114173183
            ],
            [
              21.6731594489698,
              43.0781110759679
            ],
            [
              21.6733612429578,
              43.0780684732768
            ],
            [
              21.6736423963226,
              43.0780037966704
            ],
            [
              21.6737777301643,
              43.0779726596179
            ],
            [
              21.6743371077175,
              43.0778051517533
            ],
            [
              21.6746127530968,
              43.0777112491188
            ],
            [
              21.6749621483014,
              43.0776010648776
            ],
            [
              21.675165040967,
              43.0775359483155
            ],
            [
              21.6750174887827,
              43.0773115092558
            ],
            [
              21.6750146541931,
              43.0773071964082
            ],
            [
              21.674985443691,
              43.0772543468084
            ],
            [
              21.6749359595958,
              43.0771648892876
            ],
            [
              21.6749260161151,
              43.077131910663
            ],
            [
              21.675284868732,
              43.0770333724503
            ],
            [
              21.6754222487669,
              43.0769854767156
            ],
            [
              21.6757101555349,
              43.0768680934537
            ],
            [
              21.675727182112,
              43.0768608087833
            ],
            [
              21.6760259879819,
              43.0767329893921
            ],
            [
              21.676492250887,
              43.0765311863585
            ],
            [
              21.6765121307753,
              43.0765132895067
            ],
            [
              21.6765372396436,
              43.0764906800762
            ],
            [
              21.6765724011949,
              43.0764277267658
            ],
            [
              21.676586580553,
              43.076387430531
            ],
            [
              21.6766568134153,
              43.0761880405942
            ],
            [
              21.6767076836769,
              43.0760244408318
            ],
            [
              21.6767457469308,
              43.0759020566937
            ],
            [
              21.6768022109103,
              43.0758178310537
            ],
            [
              21.6768042170865,
              43.0758148394578
            ],
            [
              21.6768126139267,
              43.0758057695594
            ],
            [
              21.6768412276353,
              43.0757747404346
            ],
            [
              21.6769337760401,
              43.0757042445238
            ],
            [
              21.6770574192633,
              43.0755796421578
            ],
            [
              21.67711618708,
              43.0755204193184
            ],
            [
              21.6773380446467,
              43.0752616410455
            ],
            [
              21.6774414406812,
              43.0751174436086
            ],
            [
              21.6776324237504,
              43.0748874759904
            ],
            [
              21.6776607684743,
              43.0748522888725
            ],
            [
              21.6778235093691,
              43.0746557965014
            ],
            [
              21.6778987566292,
              43.0745425532211
            ],
            [
              21.6779547661317,
              43.0744440973961
            ],
            [
              21.6779573906772,
              43.0744371498524
            ],
            [
              21.6778758573243,
              43.0743603075322
            ],
            [
              21.677752170158,
              43.0742692213879
            ],
            [
              21.6777809512254,
              43.0742412247905
            ],
            [
              21.67786454675,
              43.0741599346995
            ],
            [
              21.6778886013133,
              43.074136529771
            ],
            [
              21.6781546836372,
              43.073835808551
            ],
            [
              21.678172563775,
              43.0738159151549
            ],
            [
              21.6782827747139,
              43.0736931731086
            ],
            [
              21.6784831590733,
              43.073447934465
            ],
            [
              21.6785361026946,
              43.0733831650533
            ],
            [
              21.6787023713255,
              43.0732174374303
            ],
            [
              21.6789326668646,
              43.0729458234297
            ],
            [
              21.6790335911367,
              43.0728240812592
            ],
            [
              21.6791517448729,
              43.0726815686242
            ],
            [
              21.679275845343,
              43.0725116797892
            ],
            [
              21.6793566603223,
              43.072479961037
            ],
            [
              21.6795904857702,
              43.0724267159553
            ],
            [
              21.6798292327622,
              43.0723964856809
            ],
            [
              21.6799984722399,
              43.0724000312354
            ],
            [
              21.6801940206942,
              43.0724041216474
            ],
            [
              21.6803107659898,
              43.0723944407358
            ],
            [
              21.6803238194678,
              43.0723933554804
            ],
            [
              21.6802794962381,
              43.0722538894393
            ],
            [
              21.6802577730592,
              43.0721855315594
            ],
            [
              21.6802657633165,
              43.0719922003799
            ],
            [
              21.6802658985277,
              43.0719888776563
            ],
            [
              21.6802354213422,
              43.0718323333671
            ],
            [
              21.680229067885,
              43.0717800695804
            ],
            [
              21.6802505957763,
              43.0717614869005
            ],
            [
              21.6801794913475,
              43.0714984927335
            ],
            [
              21.6801793783636,
              43.0714971615754
            ],
            [
              21.6801494172801,
              43.0714200124863
            ],
            [
              21.6801283536156,
              43.0713479415194
            ],
            [
              21.6800779326038,
              43.07117576247
            ],
            [
              21.6800637641373,
              43.0711274163331
            ],
            [
              21.6799659401483,
              43.0710318573572
            ],
            [
              21.6798478804572,
              43.0709166148637
            ],
            [
              21.6798082788597,
              43.0708778722662
            ],
            [
              21.6797772202394,
              43.0708344872908
            ],
            [
              21.6797316954847,
              43.070771023484
            ],
            [
              21.6797149815401,
              43.0707477180352
            ],
            [
              21.6796872722318,
              43.0706963014494
            ],
            [
              21.6794870473694,
              43.0703254389957
            ],
            [
              21.6794627497874,
              43.0701612062659
            ],
            [
              21.6794503643033,
              43.0700522651475
            ],
            [
              21.6794449191621,
              43.0700043164759
            ],
            [
              21.6794089857737,
              43.0698979455928
            ],
            [
              21.6793395657297,
              43.0697504552421
            ],
            [
              21.6793343820991,
              43.0697370731612
            ],
            [
              21.6793044209691,
              43.0696597437272
            ],
            [
              21.6791592496359,
              43.0694469875767
            ],
            [
              21.6791473914707,
              43.0694296838271
            ],
            [
              21.6790535803131,
              43.0693081732085
            ],
            [
              21.6790205952947,
              43.0692349129589
            ],
            [
              21.6789904180097,
              43.0691823392915
            ],
            [
              21.6789771436325,
              43.0691590133195
            ],
            [
              21.6789160102787,
              43.069061073622
            ],
            [
              21.6788466330793,
              43.068939417862
            ],
            [
              21.6786042405068,
              43.0688393158296
            ],
            [
              21.6785686355497,
              43.06882854544
            ],
            [
              21.6785269947743,
              43.068816189939
            ],
            [
              21.6784744586094,
              43.0687956171791
            ],
            [
              21.6784117211319,
              43.0686967871223
            ],
            [
              21.6784095997801,
              43.0686053383389
            ],
            [
              21.6783537924267,
              43.0685555278696
            ],
            [
              21.6782687008394,
              43.0684670931676
            ],
            [
              21.6781510967515,
              43.0684253021533
            ],
            [
              21.6780772525705,
              43.0683988248721
            ],
            [
              21.6780116873835,
              43.068376979259
            ],
            [
              21.6779898670626,
              43.0683690968444
            ],
            [
              21.6779544850617,
              43.0683563447555
            ],
            [
              21.6778869872416,
              43.0683264087766
            ],
            [
              21.6778454094848,
              43.0683084713915
            ],
            [
              21.6777807216163,
              43.0682771679642
            ],
            [
              21.6777297176457,
              43.0682397519516
            ],
            [
              21.6776253081574,
              43.068191850742
            ],
            [
              21.6775912878155,
              43.0681690076466
            ],
            [
              21.6774769830497,
              43.0680923580907
            ],
            [
              21.6774480346315,
              43.068072905902
            ],
            [
              21.6773853991241,
              43.0680384392714
            ],
            [
              21.6773125091785,
              43.0679982728399
            ],
            [
              21.6772628117947,
              43.0679900158833
            ],
            [
              21.6770803843916,
              43.0679598617617
            ],
            [
              21.677015781039,
              43.0679582646958
            ],
            [
              21.6768353599482,
              43.0679539343864
            ],
            [
              21.6767365455483,
              43.067934445875
            ],
            [
              21.6765184917184,
              43.0678914488744
            ],
            [
              21.6765017551501,
              43.0678881277399
            ],
            [
              21.6763664120657,
              43.0678630034367
            ],
            [
              21.6762418421726,
              43.0678017181082
            ],
            [
              21.676078875468,
              43.0677214843759
            ],
            [
              21.6759915362224,
              43.067673660917
            ],
            [
              21.6759290277116,
              43.0676394628838
            ],
            [
              21.6757679782471,
              43.0675770417605
            ],
            [
              21.6754549405289,
              43.0674497158147
            ],
            [
              21.6754068371995,
              43.0674301951672
            ],
            [
              21.6752770212803,
              43.0673717303755
            ],
            [
              21.675175832737,
              43.0673261482983
            ],
            [
              21.6751080169931,
              43.0672782080692
            ],
            [
              21.6750883394075,
              43.0672642809487
            ],
            [
              21.6749748300874,
              43.0672258834781
            ],
            [
              21.6748281218327,
              43.0671832710531
            ],
            [
              21.6747217195052,
              43.067154644105
            ],
            [
              21.6746663019505,
              43.0671397578893
            ],
            [
              21.6744761682644,
              43.0671118953757
            ],
            [
              21.6742944207794,
              43.0670984765852
            ],
            [
              21.6742359204977,
              43.0670823485338
            ],
            [
              21.6740612810083,
              43.0670343193239
            ],
            [
              21.6740053665611,
              43.0670188963184
            ],
            [
              21.6739000754147,
              43.0669796389305
            ],
            [
              21.673759892358,
              43.0669273541204
            ],
            [
              21.6735581742059,
              43.0668510369557
            ],
            [
              21.6731495219181,
              43.0668932388509
            ],
            [
              21.6729587829516,
              43.0668549352431
            ],
            [
              21.6728602801049,
              43.0668076252797
            ],
            [
              21.6727295279329,
              43.0667865209964
            ],
            [
              21.6725841609702,
              43.0667873781672
            ],
            [
              21.6726022856689,
              43.0666938291555
            ],
            [
              21.6726142514452,
              43.066632002931
            ],
            [
              21.6726192501065,
              43.066606497668
            ],
            [
              21.6725317845268,
              43.0665914394826
            ],
            [
              21.6721361604992,
              43.0665234649644
            ],
            [
              21.6720416833801,
              43.0665072778438
            ],
            [
              21.6719563511903,
              43.066507600639
            ],
            [
              21.6718714807493,
              43.0665052200773
            ],
            [
              21.6718080840357,
              43.0665017228474
            ],
            [
              21.6708572392918,
              43.0663121530007
            ],
            [
              21.6700469011968,
              43.0661034752995
            ],
            [
              21.6700012195521,
              43.0660916806435
            ],
            [
              21.6698962630158,
              43.0659484420197
            ],
            [
              21.6697936768642,
              43.0658084303012
            ],
            [
              21.6696408558694,
              43.0655997570931
            ],
            [
              21.6692676040884,
              43.0654550321541
            ],
            [
              21.6686774994228,
              43.0652187647515
            ],
            [
              21.6682699722413,
              43.0650607348032
            ],
            [
              21.6682392191685,
              43.0650554231706
            ],
            [
              21.6676782198737,
              43.0648415758405
            ],
            [
              21.6677016706116,
              43.0647628492506
            ],
            [
              21.6665843342647,
              43.0644235209326
            ],
            [
              21.6664914374674,
              43.064394176394
            ],
            [
              21.6664364858192,
              43.0643767629833
            ],
            [
              21.666361459728,
              43.0644098797344
            ],
            [
              21.6663285901096,
              43.0644468905542
            ],
            [
              21.6663062710594,
              43.0644719570068
            ],
            [
              21.6662793433457,
              43.0645021813064
            ],
            [
              21.6662544789672,
              43.0645301441511
            ],
            [
              21.6662300987065,
              43.0645575629745
            ],
            [
              21.6661849762774,
              43.0646082389523
            ],
            [
              21.6660605986317,
              43.0646420029889
            ],
            [
              21.6660235050456,
              43.0646521225201
            ],
            [
              21.6657358249137,
              43.0647757819663
            ],
            [
              21.6656490196341,
              43.0648097763183
            ],
            [
              21.665502085174,
              43.064869328745
            ],
            [
              21.6654278091672,
              43.0649038804108
            ],
            [
              21.665367342434,
              43.0649324102747
            ],
            [
              21.6652935519185,
              43.0649663286841
            ],
            [
              21.6652367281639,
              43.0649911461724
            ],
            [
              21.6651762456782,
              43.0650182352352
            ],
            [
              21.6650969522037,
              43.0650542566415
            ],
            [
              21.664969033194,
              43.0651350323816
            ],
            [
              21.6648868809435,
              43.0651228181526
            ],
            [
              21.6648181335152,
              43.0651125962272
            ],
            [
              21.6647686954235,
              43.0651052328246
            ],
            [
              21.6647070813499,
              43.0650960490872
            ],
            [
              21.6646454673041,
              43.0650868662168
            ],
            [
              21.6646186565182,
              43.0650828814561
            ],
            [
              21.6647338878053,
              43.064986876802
            ],
            [
              21.6646338897805,
              43.0649707147259
            ],
            [
              21.6645174100718,
              43.064951949488
            ],
            [
              21.6644293432031,
              43.0649377881868
            ],
            [
              21.6642362780675,
              43.0648426794211
            ],
            [
              21.6641480149816,
              43.0647991728224
            ],
            [
              21.6641175635086,
              43.064787737669
            ],
            [
              21.664068867579,
              43.0647695664222
            ],
            [
              21.6638972563552,
              43.0647054788921
            ],
            [
              21.6638469572563,
              43.0646866865049
            ],
            [
              21.6637325860114,
              43.0646359496797
            ],
            [
              21.6636903895905,
              43.064617200277
            ],
            [
              21.6636744033318,
              43.0646148625552
            ],
            [
              21.6636027083179,
              43.0646045669429
            ],
            [
              21.6635276929316,
              43.0645937502412
            ],
            [
              21.6634921529543,
              43.0645886460866
            ],
            [
              21.6634676891365,
              43.0645632219783
            ],
            [
              21.6633983945786,
              43.0644912473452
            ],
            [
              21.6632801879231,
              43.0644378308155
            ],
            [
              21.663122992219,
              43.0643668166063
            ],
            [
              21.662977022932,
              43.0643007790116
            ],
            [
              21.6628415103561,
              43.0642931038604
            ],
            [
              21.6627410123945,
              43.0642873860599
            ],
            [
              21.6626185224273,
              43.0642804456709
            ],
            [
              21.662523489477,
              43.0642691147689
            ],
            [
              21.6624005477909,
              43.0642544343079
            ],
            [
              21.6623092015081,
              43.0642435321355
            ],
            [
              21.6622885468066,
              43.0642410411395
            ],
            [
              21.6621234752271,
              43.0642248950552
            ],
            [
              21.6619980468523,
              43.0642072578171
            ],
            [
              21.6619561959223,
              43.0641975989702
            ],
            [
              21.6618736022464,
              43.0641785431685
            ],
            [
              21.6617800135202,
              43.0641532492288
            ],
            [
              21.6616178334215,
              43.0641093585588
            ],
            [
              21.6615339734533,
              43.0640866196048
            ],
            [
              21.6614657524511,
              43.0640682008178
            ],
            [
              21.6614216669828,
              43.0640563034541
            ],
            [
              21.6613647285605,
              43.0640479013348
            ],
            [
              21.6610701916136,
              43.0640041470951
            ],
            [
              21.6609173282721,
              43.0639814469835
            ],
            [
              21.6604825847764,
              43.0639839641724
            ],
            [
              21.6603472637618,
              43.0638689792965
            ],
            [
              21.6602750586023,
              43.0638340181861
            ],
            [
              21.6602523474499,
              43.063822986688
            ],
            [
              21.6601112117849,
              43.0638629634135
            ],
            [
              21.660065505435,
              43.0638258682249
            ],
            [
              21.6600034471008,
              43.0637755454066
            ],
            [
              21.6598609994478,
              43.0636598806564
            ],
            [
              21.6595339260243,
              43.063752334314
            ],
            [
              21.6594075371626,
              43.0637139046412
            ],
            [
              21.6593172437107,
              43.0636865203584
            ],
            [
              21.6592712946461,
              43.0636725617635
            ],
            [
              21.6591765011686,
              43.0636491636704
            ],
            [
              21.6590966018525,
              43.0636293708456
            ],
            [
              21.6590756411186,
              43.0636212097149
            ],
            [
              21.6589086949275,
              43.063556278271
            ],
            [
              21.6588256871437,
              43.0635554972933
            ],
            [
              21.6586934399624,
              43.0635543702393
            ],
            [
              21.6586141959995,
              43.0635155782654
            ],
            [
              21.6585022436742,
              43.0634608609979
            ],
            [
              21.6583520111182,
              43.0634542566734
            ],
            [
              21.6582614728886,
              43.0634268720633
            ],
            [
              21.6582258733217,
              43.0634160943963
            ],
            [
              21.6581475250939,
              43.0633806278766
            ],
            [
              21.6581042185398,
              43.0633610732472
            ],
            [
              21.6580387588205,
              43.0633480377022
            ],
            [
              21.6579555803957,
              43.0633315029153
            ],
            [
              21.657837242191,
              43.0633221030984
            ],
            [
              21.6576841806379,
              43.0632693322754
            ],
            [
              21.6575854666697,
              43.0632353331545
            ],
            [
              21.6575118898695,
              43.063198217889
            ],
            [
              21.6574515229388,
              43.0631677785962
            ],
            [
              21.657372760894,
              43.0631279933462
            ],
            [
              21.6573488157377,
              43.063116338012
            ],
            [
              21.6572775984784,
              43.0630816403776
            ],
            [
              21.6571487391585,
              43.0630187370327
            ],
            [
              21.6570142098296,
              43.0629879147122
            ],
            [
              21.6568866953021,
              43.0629586710576
            ],
            [
              21.6567928331279,
              43.0629304047673
            ],
            [
              21.656701802955,
              43.0629029325937
            ],
            [
              21.6565660379396,
              43.0628599628549
            ],
            [
              21.6565193449106,
              43.0628451078257
            ],
            [
              21.6563420773609,
              43.0627904047292
            ],
            [
              21.6561665655125,
              43.0627276795859
            ],
            [
              21.655826730206,
              43.0626149459971
            ],
            [
              21.6556562969578,
              43.0625448987541
            ],
            [
              21.6554852203101,
              43.0624835879429
            ],
            [
              21.6553121726963,
              43.062421566865
            ],
            [
              21.6551567031356,
              43.0623616060793
            ],
            [
              21.6550044720567,
              43.0623057670222
            ],
            [
              21.6548566194556,
              43.0622461215273
            ],
            [
              21.6547923713311,
              43.062219934461
            ],
            [
              21.654712707366,
              43.062187443841
            ],
            [
              21.6546248737202,
              43.0621602218707
            ],
            [
              21.6542584088319,
              43.0619911937978
            ],
            [
              21.6541501679668,
              43.0619385212716
            ],
            [
              21.6540497448912,
              43.0618935464191
            ],
            [
              21.6538385277366,
              43.0617868218456
            ],
            [
              21.6536499553341,
              43.0616964402982
            ],
            [
              21.6534730622071,
              43.0616075225886
            ],
            [
              21.6534101343211,
              43.0615784456184
            ],
            [
              21.6533848457046,
              43.0615672473688
            ],
            [
              21.6533410841753,
              43.0615508443589
            ],
            [
              21.6525620826487,
              43.0622775520468
            ],
            [
              21.6522986435694,
              43.0625233790109
            ],
            [
              21.6522350633109,
              43.0625827076258
            ],
            [
              21.6521563550468,
              43.0626396019316
            ],
            [
              21.6521372518034,
              43.0626558251558
            ],
            [
              21.6519981447323,
              43.0628977901906
            ],
            [
              21.6516138084907,
              43.0635740745452
            ],
            [
              21.6516088847462,
              43.0636189337237
            ],
            [
              21.6512715778347,
              43.0635936751232
            ],
            [
              21.6509397675042,
              43.0634851136893
            ],
            [
              21.6506134095097,
              43.0633233163443
            ],
            [
              21.6502703081566,
              43.0632033835688
            ],
            [
              21.650256467652,
              43.0632295693668
            ],
            [
              21.6502194115654,
              43.0632780329483
            ],
            [
              21.6501272309433,
              43.0633614697515
            ],
            [
              21.6500526270212,
              43.0634121276732
            ],
            [
              21.6500098430751,
              43.0634414485812
            ],
            [
              21.649918118498,
              43.0635102090574
            ],
            [
              21.6498148442911,
              43.0635896581825
            ],
            [
              21.6492928933186,
              43.0640053869986
            ],
            [
              21.6492070190688,
              43.0640700623791
            ],
            [
              21.6487145952746,
              43.0645038065106
            ],
            [
              21.648352559872,
              43.0647983515609
            ],
            [
              21.6482334383177,
              43.064912187975
            ],
            [
              21.6481525162601,
              43.0650158151229
            ],
            [
              21.6480803668467,
              43.0651013871377
            ],
            [
              21.6479565450149,
              43.0652237127269
            ],
            [
              21.6481424813726,
              43.0656325280623
            ],
            [
              21.6482671045347,
              43.0658404019412
            ],
            [
              21.6483748377771,
              43.0660533222918
            ],
            [
              21.6483728669294,
              43.066122111437
            ],
            [
              21.6483656877254,
              43.0663250632641
            ],
            [
              21.6483524444831,
              43.0664424385212
            ],
            [
              21.6483396908429,
              43.066536585445
            ],
            [
              21.6483774167549,
              43.0666204517795
            ],
            [
              21.6484362080768,
              43.0666644076859
            ],
            [
              21.6484686565259,
              43.0667021229307
            ],
            [
              21.6484345005322,
              43.0667465190498
            ],
            [
              21.6483625546296,
              43.0668051733835
            ],
            [
              21.6482634150181,
              43.0667889939425
            ],
            [
              21.6481775646406,
              43.0668333235156
            ],
            [
              21.6480231407084,
              43.066860669919
            ],
            [
              21.6478887817983,
              43.0668349678468
            ],
            [
              21.6476193744551,
              43.0668689988471
            ],
            [
              21.6474113149219,
              43.0668637907035
            ],
            [
              21.6471941458706,
              43.0668332469589
            ],
            [
              21.6468972546514,
              43.0668460053241
            ],
            [
              21.6466068895652,
              43.0668720488607
            ],
            [
              21.6462968131052,
              43.066903605052
            ],
            [
              21.6459874735081,
              43.0668654786782
            ],
            [
              21.6458509147032,
              43.0669334992961
            ],
            [
              21.645684748525,
              43.0669304802034
            ],
            [
              21.6455272341582,
              43.0668861811222
            ],
            [
              21.6453555211135,
              43.0668694188761
            ],
            [
              21.6450150222132,
              43.066903844639
            ],
            [
              21.6446741773586,
              43.0669054122919
            ],
            [
              21.6444249489322,
              43.066815449162
            ],
            [
              21.644186851533,
              43.0668261575548
            ],
            [
              21.6439963922827,
              43.0668131899205
            ],
            [
              21.6438770143603,
              43.0668222362623
            ],
            [
              21.6437565028412,
              43.0668285891739
            ],
            [
              21.6435338736474,
              43.0669205886863
            ],
            [
              21.6432998644459,
              43.0669697116548
            ],
            [
              21.6431650406527,
              43.0669928881943
            ],
            [
              21.6430153021874,
              43.0669873415604
            ],
            [
              21.6428567107163,
              43.0670039903259
            ],
            [
              21.6424473918419,
              43.0670912794552
            ],
            [
              21.6420270455026,
              43.0671809693736
            ],
            [
              21.6416807491527,
              43.0671781480733
            ],
            [
              21.6413448537032,
              43.067195162061
            ],
            [
              21.640991231466,
              43.0671611424754
            ],
            [
              21.6408355986378,
              43.067143923178
            ],
            [
              21.6406628729148,
              43.0671358916569
            ],
            [
              21.6405147008326,
              43.0671392451763
            ],
            [
              21.6403552465182,
              43.0671322195017
            ],
            [
              21.6402096085231,
              43.0671312369725
            ],
            [
              21.6401377014823,
              43.0671240786783
            ],
            [
              21.6400460884372,
              43.0671111800435
            ],
            [
              21.6399771177149,
              43.0671029255323
            ],
            [
              21.6398889656719,
              43.0670922577521
            ],
            [
              21.6396620490718,
              43.0670920909776
            ],
            [
              21.6394512208885,
              43.0670687874971
            ],
            [
              21.6391399297612,
              43.0670784553695
            ],
            [
              21.6388797974292,
              43.0670957575459
            ],
            [
              21.6386222651486,
              43.0671148438093
            ],
            [
              21.6384875913956,
              43.0671290108566
            ],
            [
              21.6383540843596,
              43.0671138241184
            ],
            [
              21.6380902626146,
              43.0671070172284
            ],
            [
              21.6378301518819,
              43.0671262061359
            ],
            [
              21.6376853872255,
              43.067114682441
            ],
            [
              21.6375371959906,
              43.0671043482956
            ],
            [
              21.6373519356372,
              43.0671187066693
            ],
            [
              21.6372240499205,
              43.0671244625252
            ],
            [
              21.6370863742144,
              43.0670863412112
            ],
            [
              21.6368593781582,
              43.0670666339908
            ],
            [
              21.6366290699865,
              43.0670707997489
            ],
            [
              21.6363295878727,
              43.0670353812554
            ],
            [
              21.6360278300671,
              43.0670171695707
            ],
            [
              21.6357435194746,
              43.0669293617889
            ],
            [
              21.6354472094987,
              43.0669154388804
            ],
            [
              21.6353029793304,
              43.0669552220892
            ],
            [
              21.6351538133917,
              43.0668983482008
            ],
            [
              21.6350163070086,
              43.0668763378055
            ],
            [
              21.6348719860727,
              43.0668602173657
            ],
            [
              21.63465447105,
              43.0668545855334
            ],
            [
              21.6344387985568,
              43.0668374212432
            ],
            [
              21.6342269027041,
              43.0668526426183
            ],
            [
              21.6340158123712,
              43.0668509352412
            ],
            [
              21.6339604211701,
              43.0668259472172
            ],
            [
              21.6337130896651,
              43.0667988741011
            ],
            [
              21.6335572289052,
              43.0668065817617
            ],
            [
              21.6334174706126,
              43.0668041163428
            ],
            [
              21.6332615319634,
              43.0668042625778
            ],
            [
              21.6331660682638,
              43.0667986701459
            ],
            [
              21.6330831530114,
              43.0667836466719
            ],
            [
              21.6329807109201,
              43.0667682818009
            ],
            [
              21.6324927323074,
              43.0667781892656
            ],
            [
              21.6322978170735,
              43.0667258868723
            ],
            [
              21.6320177764036,
              43.0667177166019
            ],
            [
              21.6317032222389,
              43.0666018893172
            ],
            [
              21.6314854191416,
              43.0665684367668
            ],
            [
              21.6312519113139,
              43.0665005022391
            ],
            [
              21.6310336704986,
              43.066472092212
            ],
            [
              21.6308151586273,
              43.0664650186854
            ],
            [
              21.6303540380629,
              43.0664474020371
            ],
            [
              21.6300805508578,
              43.0664074124639
            ],
            [
              21.6298169712613,
              43.0663756495598
            ],
            [
              21.6296200083634,
              43.0663623335872
            ],
            [
              21.6294436278475,
              43.0663326087126
            ],
            [
              21.6292481283272,
              43.0662705816883
            ],
            [
              21.6289341481909,
              43.0662092073495
            ],
            [
              21.6286197481398,
              43.0661189375746
            ],
            [
              21.6282888369484,
              43.0660825009207
            ],
            [
              21.6281649434311,
              43.0660464534777
            ],
            [
              21.6280336241313,
              43.0660045961382
            ],
            [
              21.6279576895886,
              43.0659397485763
            ],
            [
              21.6278778803698,
              43.0659278542134
            ],
            [
              21.6277970161293,
              43.0659088543744
            ],
            [
              21.6276643203873,
              43.0658763666064
            ],
            [
              21.6275373040665,
              43.0658469083222
            ],
            [
              21.6276929885627,
              43.0655957907383
            ],
            [
              21.6277840554911,
              43.0654011120617
            ],
            [
              21.6278569619825,
              43.0652315595024
            ],
            [
              21.6279460442408,
              43.0650469735168
            ],
            [
              21.6280419738011,
              43.0648358843279
            ],
            [
              21.6281495743804,
              43.0646254504851
            ],
            [
              21.6282695132521,
              43.0643732684786
            ],
            [
              21.6283509112827,
              43.0641819733268
            ],
            [
              21.628496527907,
              43.0638599724525
            ],
            [
              21.6286071951875,
              43.0636018995128
            ],
            [
              21.6287338854532,
              43.0633260941195
            ],
            [
              21.6289064976968,
              43.0629077993703
            ],
            [
              21.628972256626,
              43.0628314586685
            ],
            [
              21.6290921702504,
              43.0626727184727
            ],
            [
              21.6291397778539,
              43.06261025053
            ],
            [
              21.6291728382112,
              43.062565777904
            ],
            [
              21.6286059316973,
              43.0620493848846
            ],
            [
              21.6285869405215,
              43.062029325306
            ],
            [
              21.6281373539786,
              43.0616021260753
            ],
            [
              21.6280878940276,
              43.061556306579
            ],
            [
              21.6280441363421,
              43.0615156777405
            ],
            [
              21.6279964104619,
              43.06147128948
            ],
            [
              21.6279434804335,
              43.0614222489793
            ],
            [
              21.6278650139037,
              43.0613494025832
            ],
            [
              21.6277845634605,
              43.0612746777758
            ],
            [
              21.6276948173978,
              43.0611913609405
            ],
            [
              21.6276783302502,
              43.061176058299
            ],
            [
              21.6276059139821,
              43.0611183924106
            ],
            [
              21.6275649390355,
              43.0610857598339
            ],
            [
              21.6274153593328,
              43.0610222170849
            ],
            [
              21.6272196291557,
              43.0609360626069
            ],
            [
              21.6271515168102,
              43.0609028582173
            ],
            [
              21.627064526189,
              43.0608367207461
            ],
            [
              21.6270480002809,
              43.0608295199849
            ],
            [
              21.6269667271001,
              43.0607940481088
            ],
            [
              21.6268589479928,
              43.0607479190226
            ],
            [
              21.6268325583614,
              43.0607366308805
            ],
            [
              21.6267724933474,
              43.060721927894
            ],
            [
              21.62670627306,
              43.0607056376923
            ],
            [
              21.6266356344491,
              43.0606893716459
            ],
            [
              21.6265711267076,
              43.060672531691
            ],
            [
              21.6265109280055,
              43.0606567478035
            ],
            [
              21.6264372689821,
              43.0606332969057
            ],
            [
              21.6263834406851,
              43.0606162182855
            ],
            [
              21.626275331775,
              43.0605857545765
            ],
            [
              21.6261650105181,
              43.0605310867383
            ],
            [
              21.6260613899557,
              43.0604833141519
            ],
            [
              21.6259565381932,
              43.0604350970573
            ],
            [
              21.625852686804,
              43.0603767933446
            ],
            [
              21.6257159887757,
              43.0603000342775
            ],
            [
              21.625654490792,
              43.0602653529334
            ],
            [
              21.6255038351931,
              43.0601803880583
            ],
            [
              21.6254719837231,
              43.0601631888834
            ],
            [
              21.6252714900611,
              43.060055001246
            ],
            [
              21.6251146153935,
              43.0599620581225
            ],
            [
              21.6250428477763,
              43.0599195117825
            ],
            [
              21.624977004732,
              43.0598679298837
            ],
            [
              21.6249260137114,
              43.0598280588372
            ],
            [
              21.6248527444524,
              43.0597707569466
            ],
            [
              21.6247740295389,
              43.0597091623585
            ],
            [
              21.62475158094,
              43.0596990228623
            ],
            [
              21.6246214503973,
              43.0596398709394
            ],
            [
              21.6245931923577,
              43.0596019468014
            ],
            [
              21.6245374259581,
              43.0595273542062
            ],
            [
              21.624459836044,
              43.0594676443008
            ],
            [
              21.624407119219,
              43.0594270629407
            ],
            [
              21.6243537851339,
              43.0593860346757
            ],
            [
              21.6243026785234,
              43.0593467952258
            ],
            [
              21.6242554066925,
              43.0593104146205
            ],
            [
              21.6242236036183,
              43.0592859226144
            ],
            [
              21.6241867269241,
              43.0592574978911
            ],
            [
              21.624154801107,
              43.0592330065351
            ],
            [
              21.6241319073752,
              43.0592153970283
            ],
            [
              21.6241150791284,
              43.059202526166
            ],
            [
              21.6241001053125,
              43.0591909950314
            ],
            [
              21.6240683685573,
              43.0591609213455
            ],
            [
              21.6239765062358,
              43.0590741029639
            ],
            [
              21.6239448446237,
              43.0590394381046
            ],
            [
              21.6238655042588,
              43.0589525504582
            ],
            [
              21.6238335907883,
              43.0589172565931
            ],
            [
              21.623793481823,
              43.0588729150832
            ],
            [
              21.6237123944594,
              43.0587832471136
            ],
            [
              21.6236757299052,
              43.0587634622269
            ],
            [
              21.6236490629605,
              43.0587490249216
            ],
            [
              21.6236171184582,
              43.0587226424729
            ],
            [
              21.6235714311015,
              43.058684993152
            ],
            [
              21.6235480283153,
              43.0586655862086
            ],
            [
              21.6235261762942,
              43.0586416701315
            ],
            [
              21.6235023376607,
              43.0586156045836
            ],
            [
              21.6234814008753,
              43.0585971738359
            ],
            [
              21.6234558808422,
              43.0585747185226
            ],
            [
              21.6233936414252,
              43.0585152835509
            ],
            [
              21.6233707056401,
              43.058493353538
            ],
            [
              21.6233095624399,
              43.0584330129527
            ],
            [
              21.6232915789547,
              43.0584152873813
            ],
            [
              21.6232558177943,
              43.0583757828763
            ],
            [
              21.6232318529354,
              43.0583493577597
            ],
            [
              21.6231916724368,
              43.0582979943545
            ],
            [
              21.6231700298106,
              43.0582704759833
            ],
            [
              21.6231573080712,
              43.0582510107948
            ],
            [
              21.6231287512862,
              43.0582076858351
            ],
            [
              21.6230698883174,
              43.0581181656311
            ],
            [
              21.6230601611293,
              43.0581033658069
            ],
            [
              21.6230084589902,
              43.0580297399621
            ],
            [
              21.6229786844908,
              43.0579874121381
            ],
            [
              21.6229382561269,
              43.0579357807413
            ],
            [
              21.6228991989257,
              43.0578860311074
            ],
            [
              21.622868643373,
              43.0578514499715
            ],
            [
              21.6228183403185,
              43.0577945611497
            ],
            [
              21.6227703850261,
              43.0577390994223
            ],
            [
              21.6227245510235,
              43.0576869561662
            ],
            [
              21.622678438901,
              43.0576437275165
            ],
            [
              21.6225789014071,
              43.0575502878765
            ],
            [
              21.6224709981525,
              43.0574551836101
            ],
            [
              21.6224501848758,
              43.0574367528981
            ],
            [
              21.6223643758068,
              43.0573771763008
            ],
            [
              21.6222709015411,
              43.0573122410423
            ],
            [
              21.6222610085833,
              43.0573051827156
            ],
            [
              21.6222187171314,
              43.0572751658958
            ],
            [
              21.6221672747001,
              43.0572387179394
            ],
            [
              21.6220166600881,
              43.0571320534378
            ],
            [
              21.6219795631731,
              43.0571057885781
            ],
            [
              21.6218157837435,
              43.0570202606709
            ],
            [
              21.6217558008588,
              43.0569888999111
            ],
            [
              21.6216749621152,
              43.0569467600137
            ],
            [
              21.6216338549008,
              43.0567078862134
            ],
            [
              21.6216209364089,
              43.0566328783971
            ],
            [
              21.6216101008308,
              43.0565695621162
            ],
            [
              21.621603186994,
              43.0565295401858
            ],
            [
              21.6214102974009,
              43.0566710246673
            ],
            [
              21.6212872761375,
              43.0567178763712
            ],
            [
              21.6212625321818,
              43.0566750705306
            ],
            [
              21.6211391129447,
              43.0566346922465
            ],
            [
              21.6211141669296,
              43.0565599297516
            ],
            [
              21.6210657967424,
              43.0564151682141
            ],
            [
              21.6209606801318,
              43.0564480583549
            ],
            [
              21.6208486401478,
              43.0564762151291
            ],
            [
              21.6207358139024,
              43.0563911278217
            ],
            [
              21.6206311560357,
              43.0563484869301
            ],
            [
              21.6206187681428,
              43.0562772573022
            ],
            [
              21.6205946417989,
              43.0561383046532
            ],
            [
              21.6205234555126,
              43.0560915208586
            ],
            [
              21.6204551113522,
              43.0560466108518
            ],
            [
              21.6203585465758,
              43.0559789901795
            ],
            [
              21.6203143524879,
              43.0559427713362
            ],
            [
              21.6200926424741,
              43.0557613224694
            ],
            [
              21.6197514666376,
              43.0555294800507
            ],
            [
              21.619657433888,
              43.0554691363884
            ],
            [
              21.6193826640368,
              43.0552724902793
            ],
            [
              21.6192968253698,
              43.0552091312297
            ],
            [
              21.6186325919195,
              43.0547752292099
            ],
            [
              21.6187140519892,
              43.0547218549281
            ],
            [
              21.6188021412627,
              43.0546684438421
            ],
            [
              21.6187412275702,
              43.0546296150975
            ],
            [
              21.6182796172803,
              43.0543350459593
            ],
            [
              21.6178944127317,
              43.0540207971996
            ],
            [
              21.6173104129227,
              43.0534342269545
            ],
            [
              21.6168913482799,
              43.0530238348362
            ],
            [
              21.6169169723368,
              43.0529598712767
            ],
            [
              21.6168500797872,
              43.0528513968807
            ],
            [
              21.6167125529933,
              43.0526283474494
            ],
            [
              21.6166630098418,
              43.0525481369961
            ],
            [
              21.6166573946798,
              43.0525390749338
            ],
            [
              21.6166147729177,
              43.0524635970958
            ],
            [
              21.6165951504911,
              43.0524288652884
            ],
            [
              21.6165510296514,
              43.052350694911
            ],
            [
              21.6165050347153,
              43.0522692946226
            ],
            [
              21.6164884102803,
              43.0522397668272
            ],
            [
              21.6164746621879,
              43.0522154455179
            ],
            [
              21.616461165085,
              43.0521916631533
            ],
            [
              21.6164330420848,
              43.0521418532559
            ],
            [
              21.616411669342,
              43.0521039800033
            ],
            [
              21.6163902975184,
              43.0520661958908
            ],
            [
              21.6163866664885,
              43.0520591942711
            ],
            [
              21.6163534811608,
              43.0519941977186
            ],
            [
              21.6163364515733,
              43.0519609818441
            ],
            [
              21.6163181683598,
              43.051925072127
            ],
            [
              21.6163025134427,
              43.0518943702359
            ],
            [
              21.6162603146248,
              43.0518118679015
            ],
            [
              21.6162239996221,
              43.0517408575316
            ],
            [
              21.6161853070964,
              43.0516652683149
            ],
            [
              21.6161469898988,
              43.0515904875109
            ],
            [
              21.6161069190349,
              43.0515121159459
            ],
            [
              21.6160909767304,
              43.0514770931837
            ],
            [
              21.616073273735,
              43.0514380303611
            ],
            [
              21.6160317245171,
              43.0513468823656
            ],
            [
              21.6159884156266,
              43.0512517843383
            ],
            [
              21.6159659459013,
              43.0512023932363
            ],
            [
              21.6158955238074,
              43.051047847087
            ],
            [
              21.6158821967591,
              43.0510165914064
            ],
            [
              21.6158042494549,
              43.0508338190801
            ],
            [
              21.6157200132089,
              43.0506360467261
            ],
            [
              21.6156787742375,
              43.0505392264873
            ],
            [
              21.6156520458744,
              43.0504692440401
            ],
            [
              21.6156146034,
              43.0503714128041
            ],
            [
              21.6155948099378,
              43.0503195776824
            ],
            [
              21.6155606415129,
              43.05023001069
            ],
            [
              21.6154998790136,
              43.0500957563517
            ],
            [
              21.6154521749861,
              43.0499905988669
            ],
            [
              21.6154417542309,
              43.0499675202257
            ],
            [
              21.615429826822,
              43.049941117845
            ],
            [
              21.6154239260297,
              43.0499280068158
            ],
            [
              21.615426048304,
              43.0498097969941
            ],
            [
              21.6154417285855,
              43.0497213117236
            ],
            [
              21.615420479129,
              43.049561638102
            ],
            [
              21.6152540849381,
              43.0493108364929
            ],
            [
              21.6152022221339,
              43.0492192042093
            ],
            [
              21.6151412359238,
              43.0491235705022
            ],
            [
              21.6149652033572,
              43.0489637417123
            ],
            [
              21.6147745158167,
              43.048798950387
            ],
            [
              21.6146598777321,
              43.0487142277901
            ],
            [
              21.6143716132337,
              43.0485011699539
            ],
            [
              21.6142108466225,
              43.0483087599626
            ],
            [
              21.6140598642883,
              43.0481372725354
            ],
            [
              21.6139762830383,
              43.048015923239
            ],
            [
              21.6138844516822,
              43.0479039806104
            ],
            [
              21.6138179702821,
              43.0478229592139
            ],
            [
              21.6137712975058,
              43.0477953940581
            ],
            [
              21.6136497968495,
              43.0477234907052
            ],
            [
              21.6136317886635,
              43.0475314822417
            ],
            [
              21.6136257443531,
              43.0474673289581
            ],
            [
              21.613621212988,
              43.0474194620719
            ],
            [
              21.6136103466154,
              43.0473030328184
            ],
            [
              21.613609389061,
              43.0472933152759
            ],
            [
              21.6136077381213,
              43.0472755005712
            ],
            [
              21.6136059488203,
              43.0472562458116
            ],
            [
              21.6136042948509,
              43.0472382501229
            ],
            [
              21.6135876666569,
              43.0470613572007
            ],
            [
              21.613564243974,
              43.0469290618439
            ],
            [
              21.6135591741025,
              43.0469008223917
            ],
            [
              21.6134033913528,
              43.046641588241
            ],
            [
              21.6133163719654,
              43.0465440237031
            ],
            [
              21.6132801666646,
              43.0463487817214
            ],
            [
              21.6132717345196,
              43.0463034562097
            ],
            [
              21.6132640745599,
              43.0462618177011
            ],
            [
              21.6132073697867,
              43.0462007273892
            ],
            [
              21.6130660410388,
              43.046048361163
            ],
            [
              21.6130352685149,
              43.0460151283303
            ],
            [
              21.612976803446,
              43.0459130881699
            ],
            [
              21.612926332708,
              43.0458248683324
            ],
            [
              21.6129159629093,
              43.0458067401095
            ],
            [
              21.6128190239214,
              43.045772332518
            ],
            [
              21.6126985577356,
              43.0457295897243
            ],
            [
              21.6125800619799,
              43.0456875557543
            ],
            [
              21.6121926758216,
              43.0455501027734
            ],
            [
              21.6120269139955,
              43.0455067019658
            ],
            [
              21.6117708265789,
              43.0454395694045
            ],
            [
              21.6116216782291,
              43.045400489838
            ],
            [
              21.6113274451012,
              43.0451397449847
            ],
            [
              21.6113281134983,
              43.0449244106443
            ],
            [
              21.6109719055777,
              43.0448847296627
            ],
            [
              21.610910346382,
              43.0448778570051
            ],
            [
              21.6107520897148,
              43.0449219157085
            ],
            [
              21.610360256198,
              43.0446947284565
            ],
            [
              21.6103458120374,
              43.0446863435073
            ],
            [
              21.6099661588046,
              43.0443390012581
            ],
            [
              21.609747337702,
              43.0441929862623
            ],
            [
              21.609715830995,
              43.0441719996136
            ],
            [
              21.6096683013203,
              43.044144346378
            ],
            [
              21.6096050284846,
              43.0441255100178
            ],
            [
              21.6093435239764,
              43.044178940689
            ],
            [
              21.6092955702874,
              43.0441947701271
            ],
            [
              21.608984604442,
              43.0442976152104
            ],
            [
              21.6089764583525,
              43.0443053109942
            ],
            [
              21.6089236875506,
              43.044355104797
            ],
            [
              21.60880969717,
              43.0443704767306
            ],
            [
              21.6086491489373,
              43.0444185951625
            ],
            [
              21.6083780569623,
              43.0444461474634
            ],
            [
              21.6082666058445,
              43.0446302065421
            ],
            [
              21.6080890332887,
              43.0447930121025
            ],
            [
              21.6078910160546,
              43.0448379084603
            ],
            [
              21.6077928512118,
              43.0448155661902
            ],
            [
              21.6075471497345,
              43.0449034753569
            ],
            [
              21.6074663938631,
              43.044681733065
            ],
            [
              21.6073719321546,
              43.04446411389
            ],
            [
              21.6072792674344,
              43.0442913155114
            ],
            [
              21.6073254810649,
              43.0438905636366
            ],
            [
              21.6071368337065,
              43.043840706235
            ],
            [
              21.6067628930921,
              43.0437570862361
            ],
            [
              21.6061570445238,
              43.0437287099786
            ],
            [
              21.6058640954278,
              43.043730267537
            ],
            [
              21.6056376249683,
              43.0437275094623
            ],
            [
              21.6055667993288,
              43.0437266253558
            ],
            [
              21.6055101009023,
              43.0437394395869
            ],
            [
              21.6053499259145,
              43.0437756684414
            ],
            [
              21.6051857086114,
              43.0438127288967
            ],
            [
              21.6050577673754,
              43.0438693110468
            ],
            [
              21.6046868992385,
              43.0440334969431
            ],
            [
              21.6045269420922,
              43.0441042918336
            ],
            [
              21.6043815450792,
              43.0440962411957
            ],
            [
              21.6041474811761,
              43.0441943445983
            ],
            [
              21.6040468888682,
              43.0442365569613
            ],
            [
              21.6035836357872,
              43.0441935493784
            ],
            [
              21.6033944753755,
              43.044140987919
            ],
            [
              21.6026868169052,
              43.0439443432754
            ],
            [
              21.6020870829919,
              43.0437762909533
            ],
            [
              21.6012409538741,
              43.0430145832986
            ],
            [
              21.6008095387725,
              43.0426261639564
            ],
            [
              21.6000287424958,
              43.0424152149131
            ],
            [
              21.5991848253152,
              43.0421872177
            ],
            [
              21.5985786559104,
              43.0420235021067
            ],
            [
              21.5985458742549,
              43.0420346569473
            ],
            [
              21.5983159123117,
              43.0421131024306
            ],
            [
              21.5980561022067,
              43.0422016962718
            ],
            [
              21.5979867039342,
              43.0420831417185
            ],
            [
              21.5979308831811,
              43.0419724378728
            ],
            [
              21.5978858795527,
              43.0418885042523
            ],
            [
              21.5978611674152,
              43.0417710660022
            ],
            [
              21.5978540058211,
              43.0415784569532
            ],
            [
              21.5978595461307,
              43.0415049706999
            ],
            [
              21.5978697669782,
              43.0413706051663
            ],
            [
              21.5979276632857,
              43.0412795603
            ],
            [
              21.5979756487198,
              43.04120423047
            ],
            [
              21.5980423445496,
              43.0411471667254
            ],
            [
              21.597909602672,
              43.0410266945498
            ],
            [
              21.5978192777776,
              43.0409641530866
            ],
            [
              21.5977187648058,
              43.0409517172069
            ],
            [
              21.5977550932712,
              43.040889141783
            ],
            [
              21.5974138187133,
              43.0407664306846
            ],
            [
              21.597390664864,
              43.0407580904584
            ],
            [
              21.597124118453,
              43.0407092561626
            ],
            [
              21.5970439573052,
              43.0406945532018
            ],
            [
              21.5969406139851,
              43.0406684483179
            ],
            [
              21.5968563393436,
              43.0406471948382
            ],
            [
              21.5966543256918,
              43.040596131824
            ],
            [
              21.596638700709,
              43.0405921628384
            ],
            [
              21.5963915371456,
              43.0405674411071
            ],
            [
              21.5961557990617,
              43.0405439200242
            ],
            [
              21.5959569290452,
              43.0405256968179
            ],
            [
              21.5957710815257,
              43.0405086652728
            ],
            [
              21.5954558166881,
              43.0404850182205
            ],
            [
              21.5950496969091,
              43.0402430943496
            ],
            [
              21.5946858433109,
              43.0399678200341
            ],
            [
              21.5947212997174,
              43.0399541309978
            ],
            [
              21.5947639704017,
              43.0399377047613
            ],
            [
              21.5947604484941,
              43.0398404997511
            ],
            [
              21.5944376356254,
              43.0397847520928
            ],
            [
              21.5942917797308,
              43.0397406836353
            ],
            [
              21.5940701671634,
              43.0396673926387
            ],
            [
              21.5937225380286,
              43.0395330041923
            ],
            [
              21.593653215503,
              43.0395092403288
            ],
            [
              21.5934352173091,
              43.039403701375
            ],
            [
              21.5935207508421,
              43.0393273673288
            ],
            [
              21.5934553514778,
              43.0392779268681
            ],
            [
              21.5933040602005,
              43.0391919346628
            ],
            [
              21.5931728860038,
              43.0391048483405
            ],
            [
              21.592996298841,
              43.0390045842434
            ],
            [
              21.5927219513458,
              43.038921752916
            ],
            [
              21.5924456286843,
              43.0387996828811
            ],
            [
              21.5922730470375,
              43.0386565475537
            ],
            [
              21.5920212051688,
              43.0384642215835
            ],
            [
              21.592174562861,
              43.0383076876531
            ],
            [
              21.5921062668057,
              43.0382376462611
            ],
            [
              21.5920424339047,
              43.0381722625359
            ],
            [
              21.5918350877236,
              43.0379869972911
            ],
            [
              21.5916173053455,
              43.0378391446453
            ],
            [
              21.5914420167157,
              43.0377200572693
            ],
            [
              21.5911385011207,
              43.0375514948957
            ],
            [
              21.5909333254823,
              43.0374633491913
            ],
            [
              21.590900233189,
              43.0377092790493
            ],
            [
              21.5909044698254,
              43.0378048596294
            ],
            [
              21.5909080768831,
              43.0378861300154
            ],
            [
              21.5909216720329,
              43.0379978649621
            ],
            [
              21.5909373064009,
              43.0382444419021
            ],
            [
              21.5908969679232,
              43.038451700265
            ],
            [
              21.5908491749177,
              43.0385476404114
            ],
            [
              21.590747806655,
              43.0387510741804
            ],
            [
              21.5907089222364,
              43.0388292347403
            ],
            [
              21.5906677979986,
              43.0388914725065
            ],
            [
              21.5905412937527,
              43.0391481490727
            ],
            [
              21.5905330114141,
              43.0392437041912
            ],
            [
              21.5904678067744,
              43.0399522384215
            ],
            [
              21.5904458230232,
              43.0399887203122
            ],
            [
              21.5904376499401,
              43.0400065869637
            ],
            [
              21.5903919743947,
              43.0401060270174
            ],
            [
              21.5903594360583,
              43.0402061196834
            ],
            [
              21.5902731096682,
              43.0402899268915
            ],
            [
              21.5901888930235,
              43.0403507676245
            ],
            [
              21.5899748848312,
              43.0404295652479
            ],
            [
              21.5897229946525,
              43.0405762536164
            ],
            [
              21.5889866298026,
              43.0407406632474
            ],
            [
              21.5888602691687,
              43.0407711155172
            ],
            [
              21.5883415525495,
              43.0409163945171
            ],
            [
              21.5878989109538,
              43.0409836789676
            ],
            [
              21.5874967644076,
              43.040948129334
            ],
            [
              21.5871595871522,
              43.0408791156085
            ],
            [
              21.5869832051613,
              43.0408253835135
            ],
            [
              21.5867843810138,
              43.0407605144759
            ],
            [
              21.5863842439297,
              43.0405756964642
            ],
            [
              21.5860210505281,
              43.04035251661
            ],
            [
              21.585592955319,
              43.0401055460251
            ],
            [
              21.585359749106,
              43.0399483105981
            ],
            [
              21.5853339571423,
              43.0399205369383
            ],
            [
              21.5851459160005,
              43.03978908459
            ],
            [
              21.5849358629733,
              43.039588788686
            ],
            [
              21.5847584682175,
              43.0394282041467
            ],
            [
              21.5846578716217,
              43.0393805611903
            ],
            [
              21.5845020268131,
              43.0393434633209
            ],
            [
              21.5842977293609,
              43.0392571941089
            ],
            [
              21.5841409974536,
              43.039178421553
            ],
            [
              21.5840308002699,
              43.0391534214802
            ],
            [
              21.5838281962748,
              43.0390129498169
            ],
            [
              21.5837976948789,
              43.0389802488833
            ],
            [
              21.5836502752063,
              43.0388223894924
            ],
            [
              21.5835452925758,
              43.038752172582
            ],
            [
              21.5834111641808,
              43.0386625705172
            ],
            [
              21.5833268085899,
              43.0386062005928
            ],
            [
              21.5832001007183,
              43.0386903001633
            ],
            [
              21.5825126653222,
              43.0391345669727
            ],
            [
              21.5824773668497,
              43.0391522118234
            ],
            [
              21.5823472478823,
              43.0392133722688
            ],
            [
              21.5819635228953,
              43.0394878306811
            ],
            [
              21.5818264375459,
              43.0395003251391
            ],
            [
              21.58169228723,
              43.0395506128895
            ],
            [
              21.5814914537954,
              43.0396220372559
            ],
            [
              21.5813633187163,
              43.0397113622288
            ],
            [
              21.5813167460021,
              43.0397438285818
            ],
            [
              21.5811819303925,
              43.0398017706563
            ],
            [
              21.5811097275731,
              43.0398232945368
            ],
            [
              21.5810298409715,
              43.0398110103068
            ],
            [
              21.580969125577,
              43.0398015985487
            ],
            [
              21.5809184901768,
              43.0397938456414
            ],
            [
              21.5807186235159,
              43.0397733515569
            ],
            [
              21.5806453441011,
              43.0397589632831
            ],
            [
              21.580507141766,
              43.0397318524552
            ],
            [
              21.580437475639,
              43.0397234763656
            ],
            [
              21.5798604905405,
              43.0396537750665
            ],
            [
              21.5797931595594,
              43.0396456569026
            ],
            [
              21.5794428655098,
              43.0395254655469
            ],
            [
              21.5791796711808,
              43.0394922393487
            ],
            [
              21.5790185982041,
              43.0394343661318
            ],
            [
              21.5787371508809,
              43.0393527114424
            ],
            [
              21.5785667440963,
              43.0392679688534
            ],
            [
              21.5781367090812,
              43.0390465461928
            ],
            [
              21.5777804641149,
              43.0389584276764
            ],
            [
              21.5774038565923,
              43.0389232530085
            ],
            [
              21.5771037386185,
              43.0388652743767
            ],
            [
              21.5769474360509,
              43.0388314994681
            ],
            [
              21.5766576165821,
              43.0387072116772
            ],
            [
              21.5764460198901,
              43.038653013093
            ],
            [
              21.5762876468548,
              43.0385685666826
            ],
            [
              21.5761815420737,
              43.0385480400364
            ],
            [
              21.5760991865372,
              43.0385341438901
            ],
            [
              21.5759793809154,
              43.0385182776719
            ],
            [
              21.5754480467676,
              43.0384074533519
            ],
            [
              21.5751969696107,
              43.038618382504
            ],
            [
              21.5749733039276,
              43.0388080179454
            ],
            [
              21.5749189992678,
              43.0388540226402
            ],
            [
              21.5748320878593,
              43.0389300795772
            ],
            [
              21.5747769459191,
              43.0389783396585
            ],
            [
              21.5747349436547,
              43.0390405761195
            ],
            [
              21.5746856799114,
              43.0391137423733
            ],
            [
              21.5746033036713,
              43.0392285743892
            ],
            [
              21.5744743437041,
              43.0393621868795
            ],
            [
              21.5744233528498,
              43.0393950328089
            ],
            [
              21.574312987441,
              43.0394699472652
            ],
            [
              21.5741917678564,
              43.0395522083184
            ],
            [
              21.5739088668687,
              43.0397076632063
            ],
            [
              21.5735669420004,
              43.0398641345202
            ],
            [
              21.5733903148397,
              43.0397830173993
            ],
            [
              21.5731370906216,
              43.0396740196456
            ],
            [
              21.5729805980475,
              43.0396067524944
            ],
            [
              21.5728564262433,
              43.0395834334248
            ],
            [
              21.572723895106,
              43.0395586252045
            ],
            [
              21.5724688497866,
              43.0395302937356
            ],
            [
              21.5723230537343,
              43.0395306681397
            ],
            [
              21.5721580232743,
              43.0395349206194
            ],
            [
              21.5719935777819,
              43.0396149676954
            ],
            [
              21.5715793496343,
              43.0397446128437
            ],
            [
              21.5713408117072,
              43.0398023463165
            ],
            [
              21.5709947815007,
              43.0399673851889
            ],
            [
              21.5695146194341,
              43.0400815841197
            ],
            [
              21.5693543270729,
              43.0400939107735
            ],
            [
              21.5678524838973,
              43.0402132388656
            ],
            [
              21.5678224758623,
              43.0402860355615
            ],
            [
              21.5676222608573,
              43.0402285233054
            ],
            [
              21.5674966365222,
              43.0401546146573
            ],
            [
              21.5673896161797,
              43.0400618877475
            ],
            [
              21.567223716564,
              43.0398532385918
            ],
            [
              21.5670971410277,
              43.0397426955832
            ],
            [
              21.567015630073,
              43.0397008831322
            ],
            [
              21.5667744383232,
              43.0396313310038
            ],
            [
              21.5667363482983,
              43.0396265695873
            ],
            [
              21.5665018742211,
              43.0396331415793
            ],
            [
              21.5664342234601,
              43.0396302382342
            ],
            [
              21.5663479390691,
              43.0396163554183
            ],
            [
              21.5662264834174,
              43.0396080495544
            ],
            [
              21.5661585293692,
              43.0396120786932
            ],
            [
              21.566044513832,
              43.0396121077755
            ],
            [
              21.5658566062498,
              43.0394649597388
            ],
            [
              21.5656501018796,
              43.0393903719256
            ],
            [
              21.5653847366394,
              43.0393476730776
            ],
            [
              21.5653378078347,
              43.039329272667
            ],
            [
              21.5652097316942,
              43.0392418697101
            ],
            [
              21.5650983474029,
              43.0392209995626
            ],
            [
              21.5650661559928,
              43.0392171089634
            ],
            [
              21.5648860682032,
              43.0392120637041
            ],
            [
              21.5648120823807,
              43.0392141425169
            ],
            [
              21.5646578206972,
              43.0392150000846
            ],
            [
              21.5646290929721,
              43.0392139720713
            ],
            [
              21.5645522349872,
              43.0391841070488
            ],
            [
              21.5644220492591,
              43.0390806910204
            ],
            [
              21.5642826847891,
              43.0389134944709
            ],
            [
              21.5641677012273,
              43.0389147862545
            ],
            [
              21.5641407912358,
              43.0389245524544
            ],
            [
              21.563843539978,
              43.039030812999
            ],
            [
              21.5634415254253,
              43.0392223931656
            ],
            [
              21.563256545144,
              43.039352851425
            ],
            [
              21.5631122079179,
              43.0394720350645
            ],
            [
              21.5629770720537,
              43.0395242877365
            ],
            [
              21.5627854710113,
              43.0396022957717
            ],
            [
              21.5626419371579,
              43.0395687996328
            ],
            [
              21.5626035262915,
              43.0395557565213
            ],
            [
              21.5623428343831,
              43.0394474028237
            ],
            [
              21.5619018739186,
              43.0393143757701
            ],
            [
              21.5618497673095,
              43.0393068017459
            ],
            [
              21.5616380252246,
              43.0393164912681
            ],
            [
              21.5613661501248,
              43.0392864193416
            ],
            [
              21.5610580819809,
              43.0392443719633
            ],
            [
              21.5610194868225,
              43.0392379911204
            ],
            [
              21.5608481065109,
              43.0390583457313
            ],
            [
              21.560575805558,
              43.0389145759962
            ],
            [
              21.5604754714978,
              43.0388806836228
            ],
            [
              21.5603359267052,
              43.0389207115774
            ],
            [
              21.5599968137373,
              43.0389862105518
            ],
            [
              21.559864831101,
              43.0389674162962
            ],
            [
              21.5596861421229,
              43.0388202130007
            ],
            [
              21.5593151183785,
              43.0387377814996
            ],
            [
              21.5590659216647,
              43.0386642008758
            ],
            [
              21.5588225554841,
              43.0387049187118
            ],
            [
              21.5585619831533,
              43.0386489477817
            ],
            [
              21.5583086785077,
              43.0385284848161
            ],
            [
              21.5580079037459,
              43.038531853577
            ],
            [
              21.5578793427228,
              43.0385382471411
            ],
            [
              21.5577441524058,
              43.0385308096716
            ],
            [
              21.5575310077562,
              43.03858847977
            ],
            [
              21.5574168176988,
              43.038649985442
            ],
            [
              21.5572865567816,
              43.0386313599247
            ],
            [
              21.5571649915553,
              43.0385972987786
            ],
            [
              21.5569443948409,
              43.0384430038548
            ],
            [
              21.5568226224126,
              43.038439999796
            ],
            [
              21.5566561320731,
              43.0383781610334
            ],
            [
              21.5564374211834,
              43.0383229703889
            ],
            [
              21.5563478191691,
              43.0382407689161
            ],
            [
              21.5560662055533,
              43.0381377236864
            ],
            [
              21.5560387138666,
              43.0380294721711
            ],
            [
              21.5560073138316,
              43.0380179227272
            ],
            [
              21.5558068576889,
              43.0379591293338
            ],
            [
              21.5557066157616,
              43.0378944442248
            ],
            [
              21.5556753744602,
              43.0378732621697
            ],
            [
              21.5554735206616,
              43.0377142826312
            ],
            [
              21.555248160022,
              43.0374531523798
            ],
            [
              21.5551657835452,
              43.0373688446611
            ],
            [
              21.5551416500934,
              43.0373601404282
            ],
            [
              21.5550234741683,
              43.0373204792562
            ],
            [
              21.5548511919838,
              43.037336445745
            ],
            [
              21.5547378414514,
              43.0373551844357
            ],
            [
              21.5545781456961,
              43.0372840381496
            ],
            [
              21.5544687557223,
              43.0370490756619
            ],
            [
              21.554377334728,
              43.0369685923879
            ],
            [
              21.5541141658798,
              43.0369225266839
            ],
            [
              21.5539013776929,
              43.0369377000066
            ],
            [
              21.5535207820629,
              43.036839453503
            ],
            [
              21.5531141277913,
              43.0365462544889
            ],
            [
              21.5527396130985,
              43.0363189730073
            ],
            [
              21.5522816326984,
              43.0361299960637
            ],
            [
              21.5519926604434,
              43.0360112220151
            ],
            [
              21.5514148550529,
              43.0360487802418
            ],
            [
              21.551155467182,
              43.0360675957754
            ],
            [
              21.5509094967677,
              43.0360362017671
            ],
            [
              21.5503961902405,
              43.0357663745948
            ],
            [
              21.5501253806487,
              43.0355783698411
            ],
            [
              21.5499354562419,
              43.0355699282243
            ],
            [
              21.5498658910042,
              43.0355581120245
            ],
            [
              21.5496716590382,
              43.0354796524354
            ],
            [
              21.5495997293822,
              43.0354504740725
            ],
            [
              21.5492415108061,
              43.03534075953
            ],
            [
              21.5487399342651,
              43.035132352973
            ],
            [
              21.5483486335378,
              43.0350143331389
            ],
            [
              21.5480753203185,
              43.0349847758859
            ],
            [
              21.5480116632929,
              43.0349749104637
            ],
            [
              21.547566156305,
              43.0350536718575
            ],
            [
              21.547347359108,
              43.0351239552736
            ],
            [
              21.5469246111325,
              43.0352489585892
            ],
            [
              21.5465426471945,
              43.0354064438484
            ],
            [
              21.546414113463,
              43.0354146227012
            ],
            [
              21.5461272418317,
              43.0354326530519
            ],
            [
              21.5458749028778,
              43.0354563694303
            ],
            [
              21.5456746007079,
              43.0355775108502
            ],
            [
              21.5456005254784,
              43.0356242280874
            ],
            [
              21.5455227272302,
              43.0356385540075
            ],
            [
              21.5454745291238,
              43.0356417562928
            ],
            [
              21.5454385179691,
              43.0356356271218
            ],
            [
              21.5454067784268,
              43.0356266860309
            ],
            [
              21.5452388844813,
              43.0355830193099
            ],
            [
              21.5446118770581,
              43.0355495605978
            ],
            [
              21.5444111381555,
              43.0354691392367
            ],
            [
              21.5439900914598,
              43.0353710462051
            ],
            [
              21.5437811128639,
              43.0352606852341
            ],
            [
              21.543644433116,
              43.0353051799514
            ],
            [
              21.5434995455507,
              43.035309742062
            ],
            [
              21.5433611002742,
              43.0352932989422
            ],
            [
              21.5433285405186,
              43.0352748194634
            ],
            [
              21.5432446816694,
              43.0352142734668
            ],
            [
              21.5431695600049,
              43.0351703407007
            ],
            [
              21.5429241736953,
              43.0350223416251
            ],
            [
              21.5427066956008,
              43.0349636032861
            ],
            [
              21.5424395025074,
              43.0348751234094
            ],
            [
              21.5422300871558,
              43.0347008450215
            ],
            [
              21.5421015435814,
              43.0345545381729
            ],
            [
              21.5420673757519,
              43.0344369505301
            ],
            [
              21.5421377647128,
              43.0343338978906
            ],
            [
              21.5421478344768,
              43.0342791159492
            ],
            [
              21.5420991725462,
              43.0342436082813
            ],
            [
              21.5419890332136,
              43.0341803960803
            ],
            [
              21.5419525993286,
              43.0342236008491
            ],
            [
              21.5417180557384,
              43.0342889034745
            ],
            [
              21.5415422231095,
              43.0343186380964
            ],
            [
              21.5413506431257,
              43.0343716726537
            ],
            [
              21.5410982313218,
              43.0342891503679
            ],
            [
              21.5408228185376,
              43.0342982009882
            ],
            [
              21.540663505347,
              43.0342666392491
            ],
            [
              21.5403113819615,
              43.0341482195092
            ],
            [
              21.5400619582456,
              43.0339863692116
            ],
            [
              21.5399940631154,
              43.0339264658842
            ],
            [
              21.5399180504439,
              43.0339483419792
            ],
            [
              21.5397360229448,
              43.0338873586775
            ],
            [
              21.5390837403237,
              43.0338379653358
            ],
            [
              21.5387680006515,
              43.0338932903949
            ],
            [
              21.5385492711273,
              43.0338862207716
            ],
            [
              21.5381619693847,
              43.0338406042489
            ],
            [
              21.5380405631061,
              43.0337510628462
            ],
            [
              21.5376314862911,
              43.0333619274287
            ],
            [
              21.5373532513469,
              43.0331450193339
            ],
            [
              21.5373019976728,
              43.0330651396907
            ],
            [
              21.5370384957887,
              43.0326801785708
            ],
            [
              21.5368300752837,
              43.0325463036434
            ],
            [
              21.5366002334549,
              43.0323762493807
            ],
            [
              21.5363491329994,
              43.0322447348748
            ],
            [
              21.536029767588,
              43.0321366761414
            ],
            [
              21.5354988694716,
              43.0319594808403
            ],
            [
              21.53511126439,
              43.0318775768927
            ],
            [
              21.5347709109683,
              43.0316980454269
            ],
            [
              21.5345403275309,
              43.0315828147821
            ],
            [
              21.5340966366587,
              43.0314431050064
            ],
            [
              21.5336676486031,
              43.0313288019318
            ],
            [
              21.5336718298266,
              43.0313015053479
            ],
            [
              21.5335928151194,
              43.0312741473322
            ],
            [
              21.5335511422049,
              43.0312795636258
            ],
            [
              21.5332779877857,
              43.0312639154203
            ],
            [
              21.5331782175344,
              43.0312060466872
            ],
            [
              21.5329116351976,
              43.0310709064734
            ],
            [
              21.5327062848232,
              43.030964196731
            ],
            [
              21.5322122429175,
              43.0309745141969
            ],
            [
              21.532037204546,
              43.0309673180807
            ],
            [
              21.5313032534509,
              43.0309040302437
            ],
            [
              21.5311004119576,
              43.0308743663799
            ],
            [
              21.5308682247473,
              43.0308424987784
            ],
            [
              21.5308482009613,
              43.0308398010037
            ],
            [
              21.5306078907444,
              43.0308048196961
            ],
            [
              21.5304942801281,
              43.0307921143996
            ],
            [
              21.5303649775721,
              43.0307524756704
            ],
            [
              21.5301449215432,
              43.030689852286
            ],
            [
              21.5298154228319,
              43.0305711116414
            ],
            [
              21.5299165346101,
              43.0300029556251
            ],
            [
              21.529926946736,
              43.029944122669
            ],
            [
              21.5299768407304,
              43.0295833469848
            ],
            [
              21.5298361092648,
              43.0294276309731
            ],
            [
              21.5297700791183,
              43.0293544791148
            ],
            [
              21.5294089612868,
              43.0289547424748
            ],
            [
              21.5292657544008,
              43.0287961564881
            ],
            [
              21.5289507768546,
              43.028666813883
            ],
            [
              21.5286899790297,
              43.0285597254801
            ],
            [
              21.5285535144395,
              43.0284999528313
            ],
            [
              21.5284176205632,
              43.0284351363746
            ],
            [
              21.528237093467,
              43.0282596172556
            ],
            [
              21.52819609943,
              43.0282296495488
            ],
            [
              21.5280536124499,
              43.0281257020567
            ],
            [
              21.5278922922888,
              43.027943252649
            ],
            [
              21.5277773131089,
              43.0278132506712
            ],
            [
              21.5276285091182,
              43.0276449656902
            ],
            [
              21.5274173011663,
              43.0273249192375
            ],
            [
              21.527400651151,
              43.0270718504249
            ],
            [
              21.5273995159024,
              43.0270539410677
            ],
            [
              21.5271398447918,
              43.0267050410707
            ],
            [
              21.5270228739326,
              43.026485385376
            ],
            [
              21.5276605871856,
              43.025107236825
            ],
            [
              21.5277231032159,
              43.0249720019919
            ],
            [
              21.5278017790483,
              43.0247182215966
            ],
            [
              21.5281003537418,
              43.0237549373816
            ],
            [
              21.5281785467157,
              43.0235025988075
            ],
            [
              21.5283240708595,
              43.0230333514595
            ],
            [
              21.5264618468915,
              43.0224808573852
            ],
            [
              21.5232731278099,
              43.0212595324951
            ],
            [
              21.5189444255174,
              43.0199779750316
            ],
            [
              21.5181392080781,
              43.019185652114
            ],
            [
              21.5137757572982,
              43.0148899431924
            ],
            [
              21.5120598168043,
              43.012444612549
            ],
            [
              21.5113268121652,
              43.0117729083369
            ],
            [
              21.5067568181946,
              43.0075904230101
            ],
            [
              21.5035847360764,
              43.008243995103
            ],
            [
              21.5000540536912,
              43.007558453483
            ],
            [
              21.4963274406725,
              43.0069333534411
            ],
            [
              21.4912113471663,
              43.0040866898037
            ],
            [
              21.487557541605,
              43.0025081438433
            ],
            [
              21.4875569218114,
              43.0025009811546
            ],
            [
              21.4873923823255,
              43.0006101419531
            ],
            [
              21.4854672176965,
              42.9989320644893
            ],
            [
              21.4849069975378,
              43.0000540655561
            ],
            [
              21.4843955956329,
              43.001085918083
            ],
            [
              21.4843763600789,
              43.0051685509172
            ],
            [
              21.4836318801805,
              43.0052511381951
            ],
            [
              21.4823762284914,
              43.0047473792654
            ],
            [
              21.4813033190105,
              43.0042707385658
            ],
            [
              21.4810465050038,
              43.0041795496668
            ],
            [
              21.4806797612676,
              43.0040997207432
            ],
            [
              21.4803922876319,
              43.0040409809982
            ],
            [
              21.4795674026147,
              43.0039433728351
            ],
            [
              21.4786022704812,
              43.0040279404418
            ],
            [
              21.4779433141001,
              43.0039426731417
            ],
            [
              21.4772564228081,
              43.0037031204347
            ],
            [
              21.4767489779198,
              43.0034159025944
            ],
            [
              21.47658747148,
              43.0033247514882
            ],
            [
              21.4762001149241,
              43.0030539515998
            ],
            [
              21.4756330860111,
              43.0031331288581
            ],
            [
              21.4747953657455,
              43.003197501983
            ],
            [
              21.4742405958434,
              43.0030537083428
            ],
            [
              21.4736802657535,
              43.0030158084568
            ],
            [
              21.4733039547796,
              43.0030145907633
            ],
            [
              21.4728815180638,
              43.0031558109047
            ],
            [
              21.4725364018023,
              43.0032397181412
            ],
            [
              21.4721987088528,
              43.003124987932
            ],
            [
              21.4719025586779,
              43.002925816059
            ],
            [
              21.4716868845761,
              43.002760069072
            ],
            [
              21.4715143152037,
              43.0027129821425
            ],
            [
              21.4714646134422,
              43.0027254328719
            ],
            [
              21.4714126361826,
              43.0027612115664
            ],
            [
              21.4710425737064,
              43.0029200329238
            ],
            [
              21.4705595884132,
              43.0029885715636
            ],
            [
              21.4704958726484,
              43.0029972091102
            ],
            [
              21.4702532330511,
              43.0029617546807
            ],
            [
              21.4698879570458,
              43.0029126743306
            ],
            [
              21.4696090463541,
              43.0028014745541
            ],
            [
              21.4694403881444,
              43.0027685027989
            ],
            [
              21.4691938958092,
              43.0027423353389
            ],
            [
              21.468934023301,
              43.0027789730612
            ],
            [
              21.4684033584574,
              43.0027877413204
            ],
            [
              21.4680386701764,
              43.0026384506011
            ],
            [
              21.4678360698187,
              43.0025128865157
            ],
            [
              21.4675760635423,
              43.0023707243303
            ],
            [
              21.4673404190264,
              43.002254658716
            ],
            [
              21.467069419252,
              43.0021827635638
            ],
            [
              21.4666970845049,
              43.0022048256345
            ],
            [
              21.4662780768963,
              43.0022992819615
            ],
            [
              21.465952367098,
              43.0022425536412
            ],
            [
              21.4654667557578,
              43.0021425480784
            ],
            [
              21.4652786827544,
              43.0020721088187
            ],
            [
              21.46512563602,
              43.0020755287472
            ],
            [
              21.4648778120792,
              43.0018565157021
            ],
            [
              21.4644465457128,
              43.0018545042205
            ],
            [
              21.4637577394776,
              43.0020362143964
            ],
            [
              21.4635168806877,
              43.0020737506365
            ],
            [
              21.4633928784657,
              43.0022043489383
            ],
            [
              21.4632233495622,
              43.0025599356288
            ],
            [
              21.4630364921929,
              43.0028135890783
            ],
            [
              21.4627006002777,
              43.0029366797267
            ],
            [
              21.4624947808352,
              43.003050775498
            ],
            [
              21.4621652170971,
              43.0030044042034
            ],
            [
              21.4619229438705,
              43.0030175462752
            ],
            [
              21.4617573827918,
              43.0030537816369
            ],
            [
              21.461560853254,
              43.0032128527657
            ],
            [
              21.461097503325,
              43.0035302902415
            ],
            [
              21.4610844247349,
              43.0038140249578
            ],
            [
              21.4609305744736,
              43.0040543972561
            ],
            [
              21.4605897132454,
              43.0043666521515
            ],
            [
              21.4602678696403,
              43.0045000313213
            ],
            [
              21.4600354352018,
              43.0046320560928
            ],
            [
              21.4596383933252,
              43.0047647487569
            ],
            [
              21.4595701810522,
              43.0048614452747
            ],
            [
              21.4595060067956,
              43.0049731612911
            ],
            [
              21.4596124316783,
              43.0052293125011
            ],
            [
              21.4595580142117,
              43.0056284498261
            ],
            [
              21.4596708369707,
              43.0060343825491
            ],
            [
              21.4600335242637,
              43.0062595151839
            ],
            [
              21.4602290511328,
              43.0064721805615
            ],
            [
              21.4602281747367,
              43.0066987865022
            ],
            [
              21.4602647414842,
              43.0069786283588
            ],
            [
              21.4604684492143,
              43.007251218781
            ],
            [
              21.4605943834553,
              43.0073762083517
            ],
            [
              21.4607163200144,
              43.0074750154575
            ],
            [
              21.4606976763505,
              43.0077204197969
            ],
            [
              21.4605443444452,
              43.0080150763205
            ],
            [
              21.4604564325442,
              43.0082167371798
            ],
            [
              21.4603429305334,
              43.0083923033824
            ],
            [
              21.4600573889762,
              43.008592874776
            ],
            [
              21.4597871298446,
              43.0087869013197
            ],
            [
              21.45950246885,
              43.0089416428517
            ],
            [
              21.4589588433374,
              43.0089315979098
            ],
            [
              21.4585500873603,
              43.0090438048646
            ],
            [
              21.4583110996484,
              43.0091552352225
            ],
            [
              21.4577948722787,
              43.0093979640123
            ],
            [
              21.4572575246122,
              43.0098852026499
            ],
            [
              21.4570059300573,
              43.0101989746765
            ],
            [
              21.4568373446384,
              43.0103428883957
            ],
            [
              21.4564584418616,
              43.0106936314347
            ],
            [
              21.4561471393777,
              43.0108644061698
            ],
            [
              21.4558318958452,
              43.0110333037885
            ],
            [
              21.4553914936097,
              43.0111820905266
            ],
            [
              21.4553211066106,
              43.0113181370402
            ],
            [
              21.455313352125,
              43.0118275476667
            ],
            [
              21.4551412115769,
              43.0120061352386
            ],
            [
              21.4550626353584,
              43.0120804538964
            ],
            [
              21.4549456286302,
              43.0123158977576
            ],
            [
              21.4549204807343,
              43.0125314354526
            ],
            [
              21.4549560551745,
              43.0126801088115
            ],
            [
              21.4551064568628,
              43.0130109885552
            ],
            [
              21.4551372677257,
              43.0132122576691
            ],
            [
              21.4548278201899,
              43.0138015634439
            ],
            [
              21.4546523286593,
              43.0142244993137
            ],
            [
              21.4543214085152,
              43.0145161667433
            ],
            [
              21.4539640055375,
              43.0143293505888
            ],
            [
              21.453818150403,
              43.014281228815
            ],
            [
              21.453610423983,
              43.0144768809994
            ],
            [
              21.4530417842986,
              43.0145418147154
            ],
            [
              21.452950369758,
              43.0146059196585
            ],
            [
              21.4528230504584,
              43.0148254658338
            ],
            [
              21.452547045808,
              43.0152957024263
            ],
            [
              21.4522704911915,
              43.0155084610111
            ],
            [
              21.4519814639282,
              43.0157605202716
            ],
            [
              21.4518845136695,
              43.0157731508581
            ],
            [
              21.4516833904296,
              43.0158338202137
            ],
            [
              21.451588120938,
              43.0160748433888
            ],
            [
              21.4515262689817,
              43.0161556636633
            ],
            [
              21.4513019691429,
              43.0162014799049
            ],
            [
              21.4507283541269,
              43.0161091423171
            ],
            [
              21.4505541759298,
              43.0160302505356
            ],
            [
              21.4503702687619,
              43.0159963202428
            ],
            [
              21.4500962741355,
              43.0162249970077
            ],
            [
              21.4495891001594,
              43.0163262187991
            ],
            [
              21.4492066083696,
              43.0165328159624
            ],
            [
              21.4489053613839,
              43.0166931764881
            ],
            [
              21.4486414792756,
              43.0167288815086
            ],
            [
              21.4483092312537,
              43.0168444385133
            ],
            [
              21.4480222373266,
              43.0168568258204
            ],
            [
              21.4476232455024,
              43.0167535196324
            ],
            [
              21.4470140194774,
              43.0166734568154
            ],
            [
              21.4468799078503,
              43.0166543585423
            ],
            [
              21.4464430113763,
              43.0165849570415
            ],
            [
              21.4462518478801,
              43.0164470671816
            ],
            [
              21.4460783078347,
              43.0164383865448
            ],
            [
              21.4459538057298,
              43.0165259316022
            ],
            [
              21.4456456660168,
              43.0167856090394
            ],
            [
              21.4447806179096,
              43.0173283527852
            ],
            [
              21.4443781180917,
              43.0174348106182
            ],
            [
              21.4439938601633,
              43.0175870193354
            ],
            [
              21.4437312181263,
              43.0177950179283
            ],
            [
              21.4431092618314,
              43.018076440731
            ],
            [
              21.4429006187247,
              43.0183554375042
            ],
            [
              21.4429153742277,
              43.0188020025804
            ],
            [
              21.4428227291243,
              43.0190551596042
            ],
            [
              21.4426580523704,
              43.0192215407241
            ],
            [
              21.4427043518381,
              43.0194489478475
            ],
            [
              21.4426405095322,
              43.0196130450935
            ],
            [
              21.4423931207032,
              43.0196411076753
            ],
            [
              21.4416146425764,
              43.0194531027869
            ],
            [
              21.441170847732,
              43.0193134865085
            ],
            [
              21.4405746123543,
              43.0192849229617
            ],
            [
              21.4402856861285,
              43.019200788579
            ],
            [
              21.4401188735889,
              43.0190703563892
            ],
            [
              21.4399835971592,
              43.0190774528917
            ],
            [
              21.4398474634997,
              43.0191360478592
            ],
            [
              21.4397329764461,
              43.0191851060056
            ],
            [
              21.4396686647036,
              43.0192846543728
            ],
            [
              21.4395782193168,
              43.0194872045833
            ],
            [
              21.4393769301715,
              43.0197164714138
            ],
            [
              21.4390737290816,
              43.0199695356975
            ],
            [
              21.4388363138504,
              43.0201399724424
            ],
            [
              21.4384418991447,
              43.0202997629402
            ],
            [
              21.4383793080297,
              43.0202971246877
            ],
            [
              21.4383079108041,
              43.0202983904918
            ],
            [
              21.4380924729567,
              43.0203338829431
            ],
            [
              21.4377278688272,
              43.0203904770756
            ],
            [
              21.4376025234603,
              43.0203451378575
            ],
            [
              21.4373262489754,
              43.020262839604
            ],
            [
              21.437235912334,
              43.020292266528
            ],
            [
              21.4370989449749,
              43.0204238715634
            ],
            [
              21.4368020104052,
              43.0204727292068
            ],
            [
              21.4365721779533,
              43.0204511079387
            ],
            [
              21.4365079080492,
              43.0203849165946
            ],
            [
              21.4363760266637,
              43.0203348300901
            ],
            [
              21.4362530424635,
              43.02043181045
            ],
            [
              21.4361386490408,
              43.0205118329677
            ],
            [
              21.4361525523161,
              43.0206728351192
            ],
            [
              21.4363197277722,
              43.0208379284666
            ],
            [
              21.4362887341592,
              43.0209653436528
            ],
            [
              21.4361466652785,
              43.0210876044433
            ],
            [
              21.4360123959699,
              43.0212370233549
            ],
            [
              21.4356909541126,
              43.0214292920618
            ],
            [
              21.4355133276639,
              43.0215723053477
            ],
            [
              21.4353282477904,
              43.0217546870142
            ],
            [
              21.4350821447505,
              43.0221385989776
            ],
            [
              21.4353140904689,
              43.0224227291293
            ],
            [
              21.4354588520433,
              43.0227486956578
            ],
            [
              21.4355766614618,
              43.0230629715669
            ],
            [
              21.4354791405821,
              43.0233256800694
            ],
            [
              21.4352160973519,
              43.0235881238229
            ],
            [
              21.4351885911044,
              43.0238792810458
            ],
            [
              21.4351221991413,
              43.0239988195664
            ],
            [
              21.4349083589723,
              43.0241752791489
            ],
            [
              21.4348902761058,
              43.0244633396512
            ],
            [
              21.4347270896567,
              43.0247757228765
            ],
            [
              21.4345204305029,
              43.0248406126941
            ],
            [
              21.4343202512406,
              43.0248502920041
            ],
            [
              21.4342246703288,
              43.0250242266894
            ],
            [
              21.4343355002587,
              43.0253059410206
            ],
            [
              21.4347052323761,
              43.0256744387983
            ],
            [
              21.4348322046585,
              43.0259481695752
            ],
            [
              21.4347938015653,
              43.0260351906133
            ],
            [
              21.4346337229054,
              43.026215314834
            ],
            [
              21.4346262955397,
              43.0266740223758
            ],
            [
              21.434767777704,
              43.0269171782258
            ],
            [
              21.4348594026586,
              43.0271200142122
            ],
            [
              21.434891015842,
              43.0272175707444
            ],
            [
              21.4349665315537,
              43.0274500862864
            ],
            [
              21.434904388023,
              43.0277886395738
            ],
            [
              21.4349200659798,
              43.0279752020038
            ],
            [
              21.4349102813333,
              43.028048968754
            ],
            [
              21.4348129929636,
              43.0281899573252
            ],
            [
              21.4348083584192,
              43.0284016191966
            ],
            [
              21.4348887286092,
              43.028677950969
            ],
            [
              21.4348755133642,
              43.0289600431263
            ],
            [
              21.4347787008888,
              43.0291338882791
            ],
            [
              21.4343408529756,
              43.029338835642
            ],
            [
              21.4334043058148,
              43.0297867660793
            ],
            [
              21.4330629500668,
              43.0298599957914
            ],
            [
              21.4329849710476,
              43.0299040435464
            ],
            [
              21.4327888569066,
              43.0330836601203
            ],
            [
              21.4324451406763,
              43.0332774344818
            ],
            [
              21.4321750169387,
              43.0333965691791
            ],
            [
              21.4318115662619,
              43.0336291251253
            ],
            [
              21.4316387131111,
              43.0340559451062
            ],
            [
              21.4314638821899,
              43.0344287583514
            ],
            [
              21.4322366372567,
              43.0346873427983
            ],
            [
              21.4324807286483,
              43.0350177882075
            ],
            [
              21.4325205398371,
              43.0352509748618
            ],
            [
              21.432942826864,
              43.0353203088872
            ],
            [
              21.4332923972071,
              43.0351718845103
            ],
            [
              21.4334095821895,
              43.0351871023187
            ],
            [
              21.4335106078474,
              43.035190679198
            ],
            [
              21.4349278523824,
              43.0361137741838
            ],
            [
              21.4349364113388,
              43.0361784679062
            ],
            [
              21.4349621393616,
              43.0363278074539
            ],
            [
              21.4349638139782,
              43.0363563379819
            ],
            [
              21.4349643804808,
              43.0367627789658
            ],
            [
              21.4353518109921,
              43.0374658040949
            ],
            [
              21.4340812971979,
              43.0375810044858
            ],
            [
              21.4336653113004,
              43.037641457186
            ],
            [
              21.4336740091063,
              43.0378982507962
            ],
            [
              21.4336271134729,
              43.0379482099996
            ],
            [
              21.4335558816565,
              43.0380104145431
            ],
            [
              21.4335555478614,
              43.0380100826221
            ],
            [
              21.4334631863798,
              43.0379190352004
            ],
            [
              21.433213206304,
              43.0379560810144
            ],
            [
              21.4329901230507,
              43.0380306528709
            ],
            [
              21.432724952916,
              43.0380544312697
            ],
            [
              21.4324522059249,
              43.0380483518491
            ],
            [
              21.4319958220509,
              43.0382627027016
            ],
            [
              21.4317078528763,
              43.0382387652942
            ],
            [
              21.4314546303595,
              43.0383281467224
            ],
            [
              21.4313418054127,
              43.0383679734388
            ],
            [
              21.4313151700377,
              43.0383676956123
            ],
            [
              21.4310133559652,
              43.0383645309684
            ],
            [
              21.4309323384511,
              43.038396972244
            ],
            [
              21.4305821704183,
              43.038497227384
            ],
            [
              21.4302585161623,
              43.0384214976838
            ],
            [
              21.4300509771615,
              43.0384184190852
            ],
            [
              21.430050083467,
              43.0384187736389
            ],
            [
              21.4298910351172,
              43.0384825818591
            ],
            [
              21.4298335931992,
              43.0385754744934
            ],
            [
              21.4297874126779,
              43.0386501409871
            ],
            [
              21.4296470656561,
              43.0386930653508
            ],
            [
              21.4296315262231,
              43.0386978143975
            ],
            [
              21.4293808589558,
              43.0386524099334
            ],
            [
              21.4291751515388,
              43.0386901191808
            ],
            [
              21.4291010515594,
              43.0387037055392
            ],
            [
              21.4290222094028,
              43.0387340625505
            ],
            [
              21.4288972751249,
              43.0387821664315
            ],
            [
              21.4287810884968,
              43.0388194710105
            ],
            [
              21.4287809537736,
              43.0388195165403
            ],
            [
              21.4287788908105,
              43.0388210272057
            ],
            [
              21.4286106366343,
              43.038944118407
            ],
            [
              21.4284856373767,
              43.0391086064482
            ],
            [
              21.4284475429862,
              43.0391291670291
            ],
            [
              21.4280859829581,
              43.0393242772341
            ],
            [
              21.4277566420137,
              43.0393474907911
            ],
            [
              21.4276358765514,
              43.0393637017722
            ],
            [
              21.4276356890497,
              43.039366754271
            ],
            [
              21.4276272691726,
              43.0395010117207
            ],
            [
              21.4275338903419,
              43.0396633436213
            ],
            [
              21.4275259122592,
              43.039677200618
            ],
            [
              21.4273123552212,
              43.0396964629575
            ],
            [
              21.4272238438196,
              43.0397044494616
            ],
            [
              21.4271500373845,
              43.0397041351266
            ],
            [
              21.4267131872414,
              43.0397022410976
            ],
            [
              21.4261635839142,
              43.039431205725
            ],
            [
              21.4259598196317,
              43.0389168956652
            ],
            [
              21.4238073052095,
              43.0405822167664
            ],
            [
              21.4236391759767,
              43.0407049102494
            ],
            [
              21.4238165425212,
              43.0408501617226
            ],
            [
              21.4238552252059,
              43.0410992735031
            ],
            [
              21.4238993676061,
              43.0412167595447
            ],
            [
              21.4239794395753,
              43.0413827196989
            ],
            [
              21.4240043595717,
              43.0414890260476
            ],
            [
              21.4241703360988,
              43.0417424314674
            ],
            [
              21.4241863683494,
              43.0418412992553
            ],
            [
              21.4244151313591,
              43.0421579298545
            ],
            [
              21.4244900806589,
              43.0423107676138
            ],
            [
              21.4244809416376,
              43.0423901968516
            ],
            [
              21.4246214236966,
              43.0428756704831
            ],
            [
              21.4247217546584,
              43.0430076195372
            ],
            [
              21.4245729698819,
              43.0433169361168
            ],
            [
              21.4244116101167,
              43.0436181982193
            ],
            [
              21.4244131052795,
              43.0436739129402
            ],
            [
              21.4243241658731,
              43.0439420461522
            ],
            [
              21.4242124254612,
              43.044213955853
            ],
            [
              21.4242398712271,
              43.0442425683714
            ],
            [
              21.4240718952349,
              43.044422871357
            ],
            [
              21.4240636557637,
              43.0444731317954
            ],
            [
              21.4240406346282,
              43.0444979727495
            ],
            [
              21.424005760088,
              43.0446177361273
            ],
            [
              21.423945176702,
              43.0447814355852
            ],
            [
              21.4239610979146,
              43.0448464602624
            ],
            [
              21.4239544260816,
              43.04499726744
            ],
            [
              21.4240802188744,
              43.045328607788
            ],
            [
              21.424301590176,
              43.0456561699607
            ],
            [
              21.4246749534179,
              43.0457991622967
            ],
            [
              21.4249685502196,
              43.0458383914481
            ],
            [
              21.4252114244094,
              43.0458028227708
            ],
            [
              21.425432971146,
              43.0457538307636
            ],
            [
              21.4256597508551,
              43.0457509091608
            ],
            [
              21.4257751413691,
              43.0457023157764
            ],
            [
              21.4258691988824,
              43.045639668312
            ],
            [
              21.4259451713197,
              43.0456054457303
            ],
            [
              21.4260548246523,
              43.045544179966
            ],
            [
              21.4262635027944,
              43.0454457229576
            ],
            [
              21.4264541711641,
              43.0454039570282
            ],
            [
              21.4267666928664,
              43.0453949486989
            ],
            [
              21.4269432931465,
              43.0453942837131
            ],
            [
              21.4270223668775,
              43.0453996564441
            ],
            [
              21.4272864194196,
              43.0453569822381
            ],
            [
              21.4275782654565,
              43.045287916186
            ],
            [
              21.4282704798445,
              43.0452753998884
            ],
            [
              21.4291599174163,
              43.0453320782444
            ],
            [
              21.4291619410852,
              43.0453749209545
            ],
            [
              21.4291826643117,
              43.0454241915489
            ],
            [
              21.4291837879769,
              43.0454268699249
            ],
            [
              21.4292092668997,
              43.0454890682689
            ],
            [
              21.4287898069794,
              43.0455267542843
            ],
            [
              21.4286377413456,
              43.0455775610274
            ],
            [
              21.4284114922653,
              43.0456379204411
            ],
            [
              21.4282760130798,
              43.045726111908
            ],
            [
              21.4279102230835,
              43.0458386685333
            ],
            [
              21.4274700886409,
              43.0459380014045
            ],
            [
              21.4269881166091,
              43.0461436234191
            ],
            [
              21.4264308107803,
              43.0463353025274
            ],
            [
              21.4256268647647,
              43.0466731056763
            ],
            [
              21.424948863838,
              43.047033114669
            ],
            [
              21.4241013966121,
              43.0474676571769
            ],
            [
              21.4170200490126,
              43.046042945448
            ],
            [
              21.4152721509197,
              43.0465663638441
            ],
            [
              21.4142560798434,
              43.0465647927204
            ],
            [
              21.4141971882361,
              43.0465661792274
            ],
            [
              21.4126413730236,
              43.0465318190492
            ],
            [
              21.4125851870118,
              43.0465362521691
            ],
            [
              21.4125838072714,
              43.0463311124153
            ],
            [
              21.4123712332267,
              43.0459865763857
            ],
            [
              21.4122290598112,
              43.0456523186291
            ],
            [
              21.4119927989702,
              43.0453805987765
            ],
            [
              21.4116096589549,
              43.0453885411564
            ],
            [
              21.411240294193,
              43.0453824804041
            ],
            [
              21.4109740229314,
              43.0453203316411
            ],
            [
              21.4108696475812,
              43.045221866595
            ],
            [
              21.4108411676792,
              43.0451847925829
            ],
            [
              21.4105480002891,
              43.0447543041616
            ],
            [
              21.4102701438447,
              43.0446492558505
            ],
            [
              21.410087839303,
              43.0443060378474
            ],
            [
              21.4095174343846,
              43.0440322534426
            ],
            [
              21.4093454043947,
              43.04373589642
            ],
            [
              21.4091355160059,
              43.0436450930602
            ],
            [
              21.4090073941563,
              43.0435042201532
            ],
            [
              21.4089612260511,
              43.0434298489056
            ],
            [
              21.4089244387697,
              43.0433631857238
            ],
            [
              21.4088763327654,
              43.0432210379808
            ],
            [
              21.40879779158,
              43.043025617253
            ],
            [
              21.4087603401929,
              43.043005135861
            ],
            [
              21.4086744744604,
              43.0429762743948
            ],
            [
              21.4085930294863,
              43.0429654908411
            ],
            [
              21.4083865608702,
              43.0429965575515
            ],
            [
              21.4079251352435,
              43.043093520264
            ],
            [
              21.4075515158733,
              43.0431086137202
            ],
            [
              21.4072375331978,
              43.0430860482448
            ],
            [
              21.407068662528,
              43.0430153491795
            ],
            [
              21.4069623426151,
              43.0429383986018
            ],
            [
              21.406836601182,
              43.0429472140155
            ],
            [
              21.4066231128774,
              43.0430650990576
            ],
            [
              21.4065798276982,
              43.0430889990437
            ],
            [
              21.4064990258549,
              43.0432271022951
            ],
            [
              21.4064744009075,
              43.0433419639672
            ],
            [
              21.4064666520859,
              43.0435743296512
            ],
            [
              21.406437197754,
              43.0437370979815
            ],
            [
              21.4064609100457,
              43.0438850956815
            ],
            [
              21.4064710153726,
              43.0440176575944
            ],
            [
              21.4064231493168,
              43.0441658806787
            ],
            [
              21.406423053061,
              43.0441661781857
            ],
            [
              21.4062073457008,
              43.0443383353696
            ],
            [
              21.4059405620249,
              43.0445191524353
            ],
            [
              21.4059080148766,
              43.0445412139729
            ],
            [
              21.4058261070776,
              43.0445532145576
            ],
            [
              21.4057451915205,
              43.0445650665854
            ],
            [
              21.4057090076823,
              43.0445703619346
            ],
            [
              21.405640347172,
              43.0445616633467
            ],
            [
              21.4055407152513,
              43.0445490321237
            ],
            [
              21.4054871404909,
              43.0445422430769
            ],
            [
              21.4054021155784,
              43.0445134464234
            ],
            [
              21.4052916503174,
              43.0444760436699
            ],
            [
              21.4052185186152,
              43.0444306148406
            ],
            [
              21.4051731938449,
              43.0444024617782
            ],
            [
              21.4051352096711,
              43.0443395810258
            ],
            [
              21.4051317577652,
              43.0443338768684
            ],
            [
              21.4051228005462,
              43.0443106207332
            ],
            [
              21.4050992913325,
              43.0442557193906
            ],
            [
              21.4050206283998,
              43.0441127731991
            ],
            [
              21.404948279888,
              43.0440868309552
            ],
            [
              21.4047479915282,
              43.0440550341041
            ],
            [
              21.4046846660228,
              43.0440201475282
            ],
            [
              21.4046393033012,
              43.044044233323
            ],
            [
              21.4046380675704,
              43.0440448860525
            ],
            [
              21.4046365761349,
              43.0440456747611
            ],
            [
              21.4046144628999,
              43.0440573910122
            ],
            [
              21.4045346290929,
              43.0440863865919
            ],
            [
              21.4044840725274,
              43.0441793726699
            ],
            [
              21.404480854112,
              43.0442480688205
            ],
            [
              21.404494059716,
              43.0443134669216
            ],
            [
              21.4045051066583,
              43.0443679801965
            ],
            [
              21.4045173330092,
              43.0443971942426
            ],
            [
              21.404552438801,
              43.0444699872778
            ],
            [
              21.4045908878084,
              43.0445326855787
            ],
            [
              21.404596249554,
              43.0445414888265
            ],
            [
              21.404602660711,
              43.0445638814183
            ],
            [
              21.4046156117298,
              43.0446095666461
            ],
            [
              21.4046235603472,
              43.0446777730642
            ],
            [
              21.4046227577782,
              43.0446862379043
            ],
            [
              21.4046161911637,
              43.0447139857277
            ],
            [
              21.4046096221821,
              43.0447413742594
            ],
            [
              21.4046858459915,
              43.0449443648037
            ],
            [
              21.4047763067814,
              43.0449808654525
            ],
            [
              21.4048179062706,
              43.044997553168
            ],
            [
              21.4048583121821,
              43.0450379192456
            ],
            [
              21.4048700551454,
              43.0450871170637
            ],
            [
              21.4048625728324,
              43.045115633564
            ],
            [
              21.4048421621002,
              43.045193434257
            ],
            [
              21.4048258092289,
              43.0452262577088
            ],
            [
              21.4048086088025,
              43.0452607041561
            ],
            [
              21.4048050957524,
              43.0452677377834
            ],
            [
              21.4047365023797,
              43.0454187556582
            ],
            [
              21.4047194751586,
              43.0454423990767
            ],
            [
              21.4046922065697,
              43.0454766109595
            ],
            [
              21.4046757339767,
              43.0454914311091
            ],
            [
              21.404624973967,
              43.0455369777898
            ],
            [
              21.4044529837299,
              43.0456814253524
            ],
            [
              21.4043407974603,
              43.0457708623348
            ],
            [
              21.4043319815541,
              43.0457778957716
            ],
            [
              21.404293189708,
              43.0458698487228
            ],
            [
              21.4042894440632,
              43.0458786832552
            ],
            [
              21.4042442746992,
              43.0459530152163
            ],
            [
              21.4042635799051,
              43.046013529078
            ],
            [
              21.4043442852817,
              43.0461149653719
            ],
            [
              21.404342262932,
              43.0462743925696
            ],
            [
              21.4043419450064,
              43.0462985180928
            ],
            [
              21.4043392785349,
              43.0464146488119
            ],
            [
              21.4043738494579,
              43.0465187667627
            ],
            [
              21.4043932700944,
              43.0465412934906
            ],
            [
              21.4044180772089,
              43.0465799138298
            ],
            [
              21.4044411453294,
              43.046615659609
            ],
            [
              21.4043863562868,
              43.0466646405134
            ],
            [
              21.4043254307065,
              43.0468429963096
            ],
            [
              21.4043645097118,
              43.047034685468
            ],
            [
              21.4044619189054,
              43.0472113174282
            ],
            [
              21.404454952213,
              43.0473082898824
            ],
            [
              21.4042840521185,
              43.0473033961755
            ],
            [
              21.4041513114155,
              43.0472961189143
            ],
            [
              21.4040518379355,
              43.047289175203
            ],
            [
              21.4039734278964,
              43.0472931404548
            ],
            [
              21.4039103731748,
              43.0472990316597
            ],
            [
              21.4037692515259,
              43.0473606456714
            ],
            [
              21.4037380402542,
              43.0473742578804
            ],
            [
              21.4036569597766,
              43.0474198192278
            ],
            [
              21.403409856554,
              43.0475668695846
            ],
            [
              21.403288969667,
              43.0476257119746
            ],
            [
              21.403200014327,
              43.0476500570516
            ],
            [
              21.4031202477229,
              43.0476719392437
            ],
            [
              21.4030246888303,
              43.0476981255539
            ],
            [
              21.4029598585262,
              43.0477158865749
            ],
            [
              21.4030038969657,
              43.0477669528452
            ],
            [
              21.4030932929289,
              43.0477350448709
            ],
            [
              21.4032818701477,
              43.0478695023321
            ],
            [
              21.4032781111862,
              43.0478727834923
            ],
            [
              21.4032092781553,
              43.0479329209774
            ],
            [
              21.4031629986757,
              43.047973346272
            ],
            [
              21.4031230908689,
              43.0480082326414
            ],
            [
              21.403010209368,
              43.0481454521608
            ],
            [
              21.4029714138208,
              43.0482002275028
            ],
            [
              21.4030638220967,
              43.048419006312
            ],
            [
              21.403100147619,
              43.0485101566373
            ],
            [
              21.4031407753024,
              43.0485838284017
            ],
            [
              21.4031554360958,
              43.0486103324967
            ],
            [
              21.4032096524784,
              43.0486414689827
            ],
            [
              21.4031141814852,
              43.0486274900607
            ],
            [
              21.4029305868381,
              43.0486709778803
            ],
            [
              21.4028196152222,
              43.0486888283223
            ],
            [
              21.402758001118,
              43.0486899438734
            ],
            [
              21.4027275107795,
              43.0489979977888
            ],
            [
              21.4023147884608,
              43.0489194111895
            ],
            [
              21.402251747862,
              43.0489145899853
            ],
            [
              21.4022348357445,
              43.0489132986776
            ],
            [
              21.4022588982895,
              43.0492106311648
            ],
            [
              21.4022620509856,
              43.0492419457677
            ],
            [
              21.4023571875503,
              43.0494464029761
            ],
            [
              21.4024638125309,
              43.0497175224089
            ],
            [
              21.4025258290878,
              43.0498622874436
            ],
            [
              21.4025297693154,
              43.0498714919996
            ],
            [
              21.4025295827516,
              43.0501030156096
            ],
            [
              21.4023644523339,
              43.0503958768493
            ],
            [
              21.4022509756615,
              43.0506851370969
            ],
            [
              21.4022271417804,
              43.0507118828561
            ],
            [
              21.4021689702765,
              43.0507771501826
            ],
            [
              21.4021243577857,
              43.0508621015816
            ],
            [
              21.4021025078715,
              43.0509012276138
            ],
            [
              21.4020504748735,
              43.0509944140074
            ],
            [
              21.4020004410679,
              43.051113411573
            ],
            [
              21.4020232862083,
              43.0512824739325
            ],
            [
              21.4019791782944,
              43.0512766864731
            ],
            [
              21.4019435490344,
              43.0512720398679
            ],
            [
              21.4019381769418,
              43.0512746593778
            ],
            [
              21.3992715109586,
              43.0525781123398
            ],
            [
              21.3993202407451,
              43.0528385440907
            ],
            [
              21.3995342839519,
              43.0545925734313
            ],
            [
              21.3996746989138,
              43.0551698080927
            ],
            [
              21.4001243503302,
              43.0570194199042
            ],
            [
              21.4006471051141,
              43.0592483685469
            ],
            [
              21.4006665097084,
              43.0593055506835
            ],
            [
              21.3987860814931,
              43.0629338960505
            ],
            [
              21.3987882650163,
              43.0629354003771
            ],
            [
              21.3988143240623,
              43.0629533321259
            ],
            [
              21.3987258269419,
              43.0630134101237
            ],
            [
              21.3976213217177,
              43.063782477842
            ],
            [
              21.3966215673697,
              43.0643716774748
            ],
            [
              21.3956589749227,
              43.0648634321063
            ],
            [
              21.3952622695868,
              43.0651472736654
            ],
            [
              21.3943799046421,
              43.0651945953021
            ],
            [
              21.3939082499559,
              43.065528379857
            ],
            [
              21.393575338621,
              43.0656536561139
            ],
            [
              21.392762685915,
              43.0657930850058
            ],
            [
              21.3927158524929,
              43.0660896749954
            ],
            [
              21.3927018896581,
              43.0663808419278
            ],
            [
              21.3923844042321,
              43.0666337081321
            ],
            [
              21.3919991356804,
              43.0669430660023
            ],
            [
              21.3917447953002,
              43.0670109978471
            ],
            [
              21.3912666801512,
              43.0669929153303
            ],
            [
              21.3908595263192,
              43.0669925020621
            ],
            [
              21.3905572439821,
              43.0669369990805
            ],
            [
              21.3899635875185,
              43.0668225334615
            ],
            [
              21.3894678881611,
              43.0669344891964
            ],
            [
              21.3889772777078,
              43.0672668806637
            ],
            [
              21.3886118975878,
              43.0672914358673
            ],
            [
              21.3878361554949,
              43.0675080381843
            ],
            [
              21.3878303096617,
              43.0674808359723
            ],
            [
              21.387825308638,
              43.0674822396858
            ],
            [
              21.3878334955788,
              43.067514528976
            ],
            [
              21.3878210363143,
              43.0675440966942
            ],
            [
              21.3882035853837,
              43.0679586878474
            ],
            [
              21.3884064142435,
              43.0682252661993
            ],
            [
              21.3887523354224,
              43.0688059737473
            ],
            [
              21.3894147014501,
              43.0692352740049
            ],
            [
              21.3894948960664,
              43.0693142177824
            ],
            [
              21.3900650404071,
              43.0696460683603
            ],
            [
              21.3903459100008,
              43.0700182314324
            ],
            [
              21.39037794832,
              43.0700933766434
            ],
            [
              21.3905776577234,
              43.0703123362212
            ],
            [
              21.3906153493792,
              43.0706179036188
            ],
            [
              21.3906874623602,
              43.070833877454
            ],
            [
              21.3907813069774,
              43.0710493267807
            ],
            [
              21.3916840084628,
              43.0722232109698
            ],
            [
              21.3919441977371,
              43.0724504230191
            ],
            [
              21.3920566569418,
              43.072695152848
            ],
            [
              21.3915500047227,
              43.0743416632367
            ],
            [
              21.3915169506945,
              43.0744490758118
            ],
            [
              21.3915046675496,
              43.0764161552379
            ],
            [
              21.3912871037433,
              43.0779268410747
            ],
            [
              21.3912869508648,
              43.0779279122863
            ],
            [
              21.3912532125922,
              43.0799538409628
            ],
            [
              21.3912930229581,
              43.0819959901994
            ],
            [
              21.3916254174631,
              43.0832236626387
            ],
            [
              21.3915855182649,
              43.0858348948707
            ],
            [
              21.3916486374751,
              43.0867084678094
            ],
            [
              21.3916488136478,
              43.0867110507236
            ],
            [
              21.3916488536027,
              43.0867115368535
            ],
            [
              21.3916721070367,
              43.0870333487168
            ],
            [
              21.3917599282355,
              43.0877863102748
            ],
            [
              21.3917607987745,
              43.0877937426716
            ],
            [
              21.391760851017,
              43.0877942287593
            ],
            [
              21.3919369798651,
              43.0893042883716
            ],
            [
              21.3933563272875,
              43.0903723129765
            ],
            [
              21.3941254034045,
              43.0912832342741
            ],
            [
              21.3943045592472,
              43.0916708647186
            ],
            [
              21.3943046341225,
              43.0916710445592
            ],
            [
              21.3943612469666,
              43.0917935317548
            ],
            [
              21.3943752014723,
              43.0918238185749
            ],
            [
              21.3944058454854,
              43.0918950959494
            ],
            [
              21.3945793728752,
              43.092298667837
            ],
            [
              21.3947938961596,
              43.0925331367056
            ],
            [
              21.3948508994457,
              43.0925661736241
            ],
            [
              21.3949046838895,
              43.0925973485967
            ],
            [
              21.3949053609835,
              43.0925977424769
            ],
            [
              21.3953769028314,
              43.0926989667309
            ],
            [
              21.395618812311,
              43.092750903143
            ],
            [
              21.3957007575608,
              43.0927623118119
            ],
            [
              21.3959179459537,
              43.0927925312375
            ],
            [
              21.396008234321,
              43.0928043241462
            ],
            [
              21.3960494937532,
              43.0928097166858
            ],
            [
              21.3962093100049,
              43.0928481376884
            ],
            [
              21.3963140174155,
              43.0928747781855
            ],
            [
              21.3966472898628,
              43.0930028802336
            ],
            [
              21.3967306232425,
              43.0930349055405
            ],
            [
              21.3967772686319,
              43.0930317721881
            ],
            [
              21.397024566838,
              43.0930151567291
            ],
            [
              21.3971851507648,
              43.0929400368575
            ],
            [
              21.3971853100292,
              43.0929399642653
            ],
            [
              21.3971856039842,
              43.0929398191661
            ],
            [
              21.3972742657239,
              43.0928983453619
            ],
            [
              21.3976444698201,
              43.0929522363348
            ],
            [
              21.3978059196818,
              43.0930343980751
            ],
            [
              21.3980045255338,
              43.093182051978
            ],
            [
              21.3985218350224,
              43.0935463415293
            ],
            [
              21.3990466920964,
              43.0938248160541
            ],
            [
              21.3995356051648,
              43.0940909022124
            ],
            [
              21.3997837770465,
              43.0943400968788
            ],
            [
              21.3999602564563,
              43.0945767591018
            ],
            [
              21.4002931865969,
              43.0948613888108
            ],
            [
              21.4004785401467,
              43.0949691073562
            ],
            [
              21.4004786881168,
              43.0949691869822
            ],
            [
              21.4004796613419,
              43.0949697598914
            ],
            [
              21.4005960454975,
              43.0950373847341
            ],
            [
              21.4007292138836,
              43.0950928066398
            ],
            [
              21.4009398366305,
              43.0951804702199
            ],
            [
              21.4011242637968,
              43.0952833652188
            ],
            [
              21.401125053128,
              43.0952838126982
            ],
            [
              21.4011251887594,
              43.0952838842622
            ],
            [
              21.4012798887961,
              43.0953701952814
            ],
            [
              21.4016979590538,
              43.0955618039604
            ],
            [
              21.4018026272618,
              43.0956550498837
            ],
            [
              21.4018085033347,
              43.0956575047047
            ],
            [
              21.40180863885,
              43.0956575582585
            ],
            [
              21.4020210313921,
              43.095746247389
            ],
            [
              21.4020215230172,
              43.0957464527751
            ],
            [
              21.4019536896188,
              43.0961276317687
            ],
            [
              21.4018990102828,
              43.0964758452018
            ],
            [
              21.4018989042287,
              43.0964765389534
            ],
            [
              21.4019756172572,
              43.0966872611506
            ],
            [
              21.4020649335879,
              43.0968722848827
            ],
            [
              21.4021417978574,
              43.0969403342344
            ],
            [
              21.402317751887,
              43.0970934567904
            ],
            [
              21.4025836495088,
              43.0972130462194
            ],
            [
              21.4032250098443,
              43.0975046717663
            ],
            [
              21.403424049893,
              43.0975461826016
            ],
            [
              21.4036217273557,
              43.0975309903049
            ],
            [
              21.4037827340741,
              43.0975046934295
            ],
            [
              21.4039231003429,
              43.0974817640871
            ],
            [
              21.4040099872871,
              43.0974634799336
            ],
            [
              21.4042960159168,
              43.0974032983903
            ],
            [
              21.4045716884009,
              43.0974050201589
            ],
            [
              21.4048233375118,
              43.0974872978326
            ],
            [
              21.4050128531097,
              43.0975913094379
            ],
            [
              21.4051910929655,
              43.0976627754468
            ],
            [
              21.4054221875823,
              43.0979200199502
            ],
            [
              21.4055724028445,
              43.0981699910282
            ],
            [
              21.4056386805252,
              43.0982879862034
            ],
            [
              21.4056490010591,
              43.098306357476
            ],
            [
              21.4057491696416,
              43.0983879858358
            ],
            [
              21.4058786354612,
              43.0984934929981
            ],
            [
              21.4061375377816,
              43.0986491114183
            ],
            [
              21.406179706012,
              43.0987354927191
            ],
            [
              21.4061811385912,
              43.0987384304417
            ],
            [
              21.4061776648407,
              43.0987531424021
            ],
            [
              21.4061775574027,
              43.0987536200442
            ],
            [
              21.4061293165306,
              43.098957885056
            ],
            [
              21.4062016335333,
              43.0991333350485
            ],
            [
              21.406268296429,
              43.0992683621744
            ],
            [
              21.4062690188473,
              43.0992698274113
            ],
            [
              21.4061484566059,
              43.0993668547454
            ],
            [
              21.4061482366088,
              43.0993670356246
            ],
            [
              21.40613962392,
              43.099373961259
            ],
            [
              21.4061364592781,
              43.0993765100769
            ],
            [
              21.4059424525219,
              43.0994615367401
            ],
            [
              21.4057476274111,
              43.0995219024049
            ],
            [
              21.4057461938906,
              43.0995223577338
            ],
            [
              21.4057426386634,
              43.0995234500294
            ],
            [
              21.4057247716504,
              43.0995281761263
            ],
            [
              21.4057244895563,
              43.0995282581708
            ],
            [
              21.4057241473094,
              43.0995283494334
            ],
            [
              21.4054838916924,
              43.099591971608
            ],
            [
              21.4053075337563,
              43.0996526483891
            ],
            [
              21.4052819063801,
              43.0996614613202
            ],
            [
              21.4051478760363,
              43.0997031388409
            ],
            [
              21.4051477901966,
              43.0997031661596
            ],
            [
              21.4050702594281,
              43.0997921057559
            ],
            [
              21.4050997826471,
              43.0999973196668
            ],
            [
              21.4051867493824,
              43.1001969470369
            ],
            [
              21.4051870114698,
              43.1001975575427
            ],
            [
              21.405167000443,
              43.100264805979
            ],
            [
              21.4051669283753,
              43.1002650583718
            ],
            [
              21.4051668322059,
              43.1002653828894
            ],
            [
              21.4051392049872,
              43.1003582214443
            ],
            [
              21.405078432466,
              43.1004256871108
            ],
            [
              21.4050766513533,
              43.100427664592
            ],
            [
              21.4048899062084,
              43.1004625360824
            ],
            [
              21.4048194847623,
              43.1004767392513
            ],
            [
              21.4045051950162,
              43.1005082836918
            ],
            [
              21.404085188868,
              43.1006581209122
            ],
            [
              21.4039292325558,
              43.1007044930455
            ],
            [
              21.4037953458248,
              43.1007808509039
            ],
            [
              21.4036621738704,
              43.1009269662677
            ],
            [
              21.4035380259059,
              43.1011325397259
            ],
            [
              21.4034214831615,
              43.1016357788201
            ],
            [
              21.4033282423661,
              43.101777350489
            ],
            [
              21.4033277192136,
              43.1017781537703
            ],
            [
              21.4030534497922,
              43.1019163100197
            ],
            [
              21.4029719789077,
              43.1019320818029
            ],
            [
              21.4028475674863,
              43.1021213727201
            ],
            [
              21.4026781944248,
              43.1022382718337
            ],
            [
              21.4025485656755,
              43.1022545747687
            ],
            [
              21.4022173329884,
              43.1023028910454
            ],
            [
              21.4022169278711,
              43.1023029555038
            ],
            [
              21.402196921915,
              43.1023058704743
            ],
            [
              21.4021765813606,
              43.1023102364084
            ],
            [
              21.4020073782207,
              43.1023465093333
            ],
            [
              21.4016170259182,
              43.1025071283194
            ],
            [
              21.4015093330069,
              43.102643881153
            ],
            [
              21.4014687124997,
              43.1027572901757
            ],
            [
              21.4014686883338,
              43.1027573532949
            ],
            [
              21.4014698667754,
              43.1027644864547
            ],
            [
              21.4014699823179,
              43.102765242462
            ],
            [
              21.4014701615406,
              43.1027663404327
            ],
            [
              21.4015076205142,
              43.1029941323601
            ],
            [
              21.4014747313865,
              43.1031030973406
            ],
            [
              21.4014607262782,
              43.1031495055679
            ],
            [
              21.4014595366658,
              43.1031534529927
            ],
            [
              21.4012617774343,
              43.1031973621038
            ],
            [
              21.4011490618812,
              43.1032265667144
            ],
            [
              21.4009164878323,
              43.1031898538216
            ],
            [
              21.4007177076315,
              43.1031726438243
            ],
            [
              21.4005036623733,
              43.1032248913741
            ],
            [
              21.4004053406136,
              43.1033311899589
            ],
            [
              21.4002763027734,
              43.1034375076582
            ],
            [
              21.4002165277736,
              43.103557892692
            ],
            [
              21.4002001688547,
              43.1036181729568
            ],
            [
              21.4001641161028,
              43.1037510764661
            ],
            [
              21.4001790038226,
              43.1038843412201
            ],
            [
              21.4001847621105,
              43.1039189773852
            ],
            [
              21.4000164849494,
              43.1043346462441
            ],
            [
              21.400094461003,
              43.1046440327015
            ],
            [
              21.3999970701354,
              43.1047059496569
            ],
            [
              21.39989715986,
              43.1047716655001
            ],
            [
              21.399870209957,
              43.1047893957953
            ],
            [
              21.3997485327161,
              43.1048950577096
            ],
            [
              21.3996503837088,
              43.1050098178276
            ],
            [
              21.3994381060924,
              43.1051624844535
            ],
            [
              21.3994371153377,
              43.1051632083047
            ],
            [
              21.3993864888498,
              43.1051996108652
            ],
            [
              21.3990650609266,
              43.1054969091457
            ],
            [
              21.398740355111,
              43.1057823449594
            ],
            [
              21.3987112065784,
              43.1058079601343
            ],
            [
              21.3987085927526,
              43.105810264593
            ],
            [
              21.3985784841666,
              43.1060715990627
            ],
            [
              21.3985779867217,
              43.1060725913352
            ],
            [
              21.398420114961,
              43.1060001437321
            ],
            [
              21.3981973454538,
              43.1059767067552
            ],
            [
              21.3981908040495,
              43.1059760190308
            ],
            [
              21.3981067562181,
              43.1060277439039
            ],
            [
              21.3980366103036,
              43.1060709035163
            ],
            [
              21.3980086406819,
              43.1061713740137
            ],
            [
              21.3980080289396,
              43.1061717984716
            ],
            [
              21.397705285899,
              43.1063794893969
            ],
            [
              21.397615203063,
              43.1064217653195
            ],
            [
              21.3974219548077,
              43.1065124578108
            ],
            [
              21.3973300096795,
              43.1065254740261
            ],
            [
              21.3973295922395,
              43.1065255385099
            ],
            [
              21.3972224743349,
              43.1065407063657
            ],
            [
              21.3970878548498,
              43.1065480209273
            ],
            [
              21.3968058384596,
              43.1066190483971
            ],
            [
              21.3965447840854,
              43.1066808913658
            ],
            [
              21.3963992710853,
              43.1067153575442
            ],
            [
              21.3962584642601,
              43.1066594006709
            ],
            [
              21.395913161642,
              43.1065221715599
            ],
            [
              21.3956289682971,
              43.1065799700497
            ],
            [
              21.3954244608037,
              43.106591128929
            ],
            [
              21.395389885439,
              43.1065951214138
            ],
            [
              21.3952453257419,
              43.1066118305565
            ],
            [
              21.3951564085659,
              43.1066352145237
            ],
            [
              21.3951562122788,
              43.106635269231
            ],
            [
              21.3951559055585,
              43.1066353513343
            ],
            [
              21.3950857429701,
              43.1066537988252
            ],
            [
              21.3950202417203,
              43.1066842571364
            ],
            [
              21.3949790448574,
              43.1067034132065
            ],
            [
              21.3949287748737,
              43.1067578349782
            ],
            [
              21.3949278961524,
              43.1067587925311
            ],
            [
              21.3949277009067,
              43.1067590093228
            ],
            [
              21.3949083986717,
              43.106779906991
            ],
            [
              21.3947798833252,
              43.1068947812006
            ],
            [
              21.3947793945721,
              43.1068952241272
            ],
            [
              21.3945913811242,
              43.1069489925642
            ],
            [
              21.3945009143215,
              43.106943997897
            ],
            [
              21.394422753379,
              43.1069037623608
            ],
            [
              21.3944062443503,
              43.1067833732246
            ],
            [
              21.3944099143095,
              43.1066710342586
            ],
            [
              21.3944099231882,
              43.1066705029384
            ],
            [
              21.3944099743459,
              43.1066688998885
            ],
            [
              21.3944156759256,
              43.1064945569277
            ],
            [
              21.3943975849917,
              43.1063044356231
            ],
            [
              21.3943878542678,
              43.106202269755
            ],
            [
              21.3943734627967,
              43.1061467419606
            ],
            [
              21.3943315220721,
              43.1059848881926
            ],
            [
              21.3942870377056,
              43.1058456481921
            ],
            [
              21.3942178968176,
              43.1056292562092
            ],
            [
              21.3940608271092,
              43.1053417409664
            ],
            [
              21.3940535149088,
              43.1053283533339
            ],
            [
              21.3940508210407,
              43.1053220348605
            ],
            [
              21.3939081699369,
              43.1049879548748
            ],
            [
              21.3937122525569,
              43.1047744896505
            ],
            [
              21.3937114233517,
              43.104773583908
            ],
            [
              21.3936724798243,
              43.1047762131526
            ],
            [
              21.3935723988628,
              43.1047829797191
            ],
            [
              21.3932548714344,
              43.1042443260197
            ],
            [
              21.392994820889,
              43.1038724574954
            ],
            [
              21.3926361148749,
              43.1036148066342
            ],
            [
              21.3924841621773,
              43.103505149209
            ],
            [
              21.3921462959663,
              43.1033538282674
            ],
            [
              21.391733146714,
              43.1037039090832
            ],
            [
              21.3914722854635,
              43.1039704368108
            ],
            [
              21.3914722000076,
              43.1039705262518
            ],
            [
              21.3914420268549,
              43.1040013551326
            ],
            [
              21.3914319151285,
              43.1040148574687
            ],
            [
              21.3914318053868,
              43.1040149929178
            ],
            [
              21.391431732283,
              43.1040150922219
            ],
            [
              21.3914143736719,
              43.1040382690095
            ],
            [
              21.3913437124619,
              43.104141371096
            ],
            [
              21.3913433471709,
              43.1041419036351
            ],
            [
              21.3913429453565,
              43.1041424903285
            ],
            [
              21.3913112967932,
              43.1041886721915
            ],
            [
              21.3913110288401,
              43.1041890513141
            ],
            [
              21.3912879271619,
              43.1042056498221
            ],
            [
              21.3912877314526,
              43.10420579457
            ],
            [
              21.3910744979799,
              43.10435901899
            ],
            [
              21.3909349713279,
              43.1044201663407
            ],
            [
              21.3905378538325,
              43.1045942077353
            ],
            [
              21.3903492062922,
              43.1047979463781
            ],
            [
              21.3902431712964,
              43.1049723675636
            ],
            [
              21.3901783777991,
              43.1050789509138
            ],
            [
              21.3901315706276,
              43.1052911104077
            ],
            [
              21.3902009178793,
              43.1056442914559
            ],
            [
              21.3901827175218,
              43.1058338474284
            ],
            [
              21.3902135780842,
              43.105856245464
            ],
            [
              21.3902675092517,
              43.1060276383788
            ],
            [
              21.3902672407226,
              43.1060432123843
            ],
            [
              21.3902433945921,
              43.1060992880347
            ],
            [
              21.3902450085647,
              43.1062554681703
            ],
            [
              21.3902467372248,
              43.1062567400715
            ],
            [
              21.3902658601821,
              43.1062708521817
            ],
            [
              21.3904573496375,
              43.106412179332
            ],
            [
              21.3905790638114,
              43.1066132145553
            ],
            [
              21.3906405236327,
              43.1067147341052
            ],
            [
              21.3906584965725,
              43.1067391030626
            ],
            [
              21.3906586329043,
              43.1067392826953
            ],
            [
              21.3906586700597,
              43.106739327593
            ],
            [
              21.3907648444168,
              43.1068832984299
            ],
            [
              21.3907670758635,
              43.106886324563
            ],
            [
              21.3911089479462,
              43.1071608724422
            ],
            [
              21.3913294418515,
              43.1073041403827
            ],
            [
              21.3914296032368,
              43.1073264784622
            ],
            [
              21.3919591498277,
              43.10756886447
            ],
            [
              21.3924755229444,
              43.1078066124485
            ],
            [
              21.3928692046369,
              43.1079577352671
            ],
            [
              21.3928939098289,
              43.1079589912746
            ],
            [
              21.3928957539463,
              43.1079590830962
            ],
            [
              21.392875386296,
              43.1079903550257
            ],
            [
              21.3928749481199,
              43.1079910228932
            ],
            [
              21.3929982679679,
              43.1080789933812
            ],
            [
              21.393372950048,
              43.108312728576
            ],
            [
              21.3936255879667,
              43.1082755691344
            ],
            [
              21.3936964837397,
              43.1083510285743
            ],
            [
              21.3937052689917,
              43.1083604498964
            ],
            [
              21.3939858987674,
              43.1086004984926
            ],
            [
              21.3941037510613,
              43.1087013131894
            ],
            [
              21.3941782732187,
              43.1087294093461
            ],
            [
              21.3941781036422,
              43.1087297971412
            ],
            [
              21.3941360376746,
              43.108825608343
            ],
            [
              21.3940593635868,
              43.1090002442766
            ],
            [
              21.3939358376934,
              43.1091468687147
            ],
            [
              21.3941724329978,
              43.1095934310706
            ],
            [
              21.3941728186762,
              43.1095941591391
            ],
            [
              21.3947135765105,
              43.1098354094783
            ],
            [
              21.3950947108805,
              43.1100945015174
            ],
            [
              21.3950774570622,
              43.1106161358092
            ],
            [
              21.3955728508031,
              43.1108895870967
            ],
            [
              21.3959194820454,
              43.1111508667333
            ],
            [
              21.3962831340438,
              43.1114033570119
            ],
            [
              21.3963260578446,
              43.1114474089038
            ],
            [
              21.3965429078775,
              43.1117855930517
            ],
            [
              21.3966670357394,
              43.1120077180129
            ],
            [
              21.3966854964025,
              43.1120407641306
            ],
            [
              21.3966285183766,
              43.112065992559
            ],
            [
              21.3964002310512,
              43.1121665443902
            ],
            [
              21.3962461862007,
              43.1122320851922
            ],
            [
              21.3960932245444,
              43.1122941101264
            ],
            [
              21.3959187435199,
              43.1123748467529
            ],
            [
              21.395917162649,
              43.1123755726145
            ],
            [
              21.3961365934666,
              43.1126178706959
            ],
            [
              21.396298914192,
              43.1128267004386
            ],
            [
              21.3965209646633,
              43.1130363999655
            ],
            [
              21.3966169058706,
              43.1131077230358
            ],
            [
              21.3966372027364,
              43.1131224333218
            ],
            [
              21.3968071602976,
              43.1132456028826
            ],
            [
              21.396826503009,
              43.1132705171908
            ],
            [
              21.3968546185899,
              43.1133067436385
            ],
            [
              21.3968793254592,
              43.1133307388439
            ],
            [
              21.3968794120781,
              43.1133308285925
            ],
            [
              21.397038994619,
              43.1134857859546
            ],
            [
              21.3971231067008,
              43.1135903696022
            ],
            [
              21.39734552956,
              43.1138571437404
            ],
            [
              21.3974165839303,
              43.1139677499566
            ],
            [
              21.3976291775919,
              43.1142987058358
            ],
            [
              21.3977861319041,
              43.1145121418455
            ],
            [
              21.3978971150334,
              43.1149337901823
            ],
            [
              21.3980593359253,
              43.1151251508911
            ],
            [
              21.3982852713539,
              43.1153634590449
            ],
            [
              21.3984234798303,
              43.1155089022016
            ],
            [
              21.3985568882011,
              43.1156151996256
            ],
            [
              21.3986111814403,
              43.1156495775897
            ],
            [
              21.3988618795165,
              43.1158588088651
            ],
            [
              21.3990763598063,
              43.1160925664591
            ],
            [
              21.3990769098832,
              43.1160920962863
            ],
            [
              21.3992533535492,
              43.1159411251906
            ],
            [
              21.39925468589,
              43.1159399769205
            ],
            [
              21.3993047826941,
              43.1158971180213
            ],
            [
              21.3993061999612,
              43.1158957983613
            ],
            [
              21.3994405005397,
              43.1157709576466
            ],
            [
              21.399442204847,
              43.1157721943724
            ],
            [
              21.3999847548564,
              43.1161651402811
            ],
            [
              21.4002582536419,
              43.1163651064832
            ],
            [
              21.4003882342976,
              43.1161994083728
            ],
            [
              21.40038830746,
              43.1161993180678
            ],
            [
              21.4004627817402,
              43.1161043800148
            ],
            [
              21.4006199274205,
              43.1159473528239
            ],
            [
              21.4006218976024,
              43.1159460041971
            ],
            [
              21.4006245884062,
              43.1159441397684
            ],
            [
              21.4006263383451,
              43.1159429458962
            ],
            [
              21.4007677233289,
              43.1158457247436
            ],
            [
              21.4008455363455,
              43.1157865790972
            ],
            [
              21.4008457809409,
              43.1157863891376
            ],
            [
              21.4009045659319,
              43.1157417053272
            ],
            [
              21.4009589159462,
              43.1156706598941
            ],
            [
              21.4009979282558,
              43.115584184271
            ],
            [
              21.401062215041,
              43.1154478878254
            ],
            [
              21.4010627485715,
              43.1154467693486
            ],
            [
              21.4011271563381,
              43.1153102203022
            ],
            [
              21.4011488603135,
              43.1152647685574
            ],
            [
              21.4012193078038,
              43.1151176823662
            ],
            [
              21.4012650218322,
              43.115032118754
            ],
            [
              21.4012791674164,
              43.1150056541922
            ],
            [
              21.4013192543679,
              43.1149163561496
            ],
            [
              21.4014431964199,
              43.1146402761723
            ],
            [
              21.4015063958004,
              43.114575220993
            ],
            [
              21.4015066643828,
              43.1145749408989
            ],
            [
              21.4015068108769,
              43.1145747873017
            ],
            [
              21.4015368287547,
              43.1145438816279
            ],
            [
              21.401571689676,
              43.1145376350633
            ],
            [
              21.401697137779,
              43.1145152192014
            ],
            [
              21.4017705122402,
              43.114516577075
            ],
            [
              21.4018129207285,
              43.1145183155909
            ],
            [
              21.4019939567575,
              43.1145970713919
            ],
            [
              21.4021246429409,
              43.1146620534748
            ],
            [
              21.402349912434,
              43.1147018214485
            ],
            [
              21.4024619947911,
              43.1147216126604
            ],
            [
              21.4025808852107,
              43.1147604836937
            ],
            [
              21.4028850210037,
              43.1148599078912
            ],
            [
              21.403197728716,
              43.1149110285389
            ],
            [
              21.403327405364,
              43.1149322328073
            ],
            [
              21.4033274827725,
              43.1149327899374
            ],
            [
              21.4033346016654,
              43.1149806420651
            ],
            [
              21.4032955618762,
              43.1153255455281
            ],
            [
              21.4032946197303,
              43.1153338765741
            ],
            [
              21.4032552099235,
              43.1154381084306
            ],
            [
              21.4032548715584,
              43.1154389921026
            ],
            [
              21.4032428295351,
              43.1155150187285
            ],
            [
              21.4032839941975,
              43.1157416519792
            ],
            [
              21.4033540298319,
              43.1159858276259
            ],
            [
              21.4033839147847,
              43.1160950956994
            ],
            [
              21.403383978076,
              43.1160953746279
            ],
            [
              21.4034479062612,
              43.1164947800447
            ],
            [
              21.4034549859835,
              43.1166009884888
            ],
            [
              21.4034626130667,
              43.1167536485328
            ],
            [
              21.4034646593995,
              43.1169173124156
            ],
            [
              21.4033586027344,
              43.1171822860265
            ],
            [
              21.4032302392278,
              43.1174567014218
            ],
            [
              21.4031267419919,
              43.1176617058161
            ],
            [
              21.4031183106994,
              43.117777035027
            ],
            [
              21.4031182998262,
              43.1177772511826
            ],
            [
              21.4031179383413,
              43.1177821051911
            ],
            [
              21.4031176538693,
              43.11779326055
            ],
            [
              21.4031176436463,
              43.1177935757571
            ],
            [
              21.4031176338962,
              43.1177939630017
            ],
            [
              21.403113521102,
              43.1179537143235
            ],
            [
              21.4030661539725,
              43.1181160250188
            ],
            [
              21.4032675858513,
              43.1184011430767
            ],
            [
              21.4037743685876,
              43.1191148744164
            ],
            [
              21.4038585734574,
              43.1192128836076
            ],
            [
              21.4039078957843,
              43.1192570009558
            ],
            [
              21.403988327566,
              43.1192848023574
            ],
            [
              21.4040672031476,
              43.1194003951396
            ],
            [
              21.4040672900818,
              43.1194005299059
            ],
            [
              21.4040816819319,
              43.1194216081505
            ],
            [
              21.4040837424021,
              43.1194246346206
            ],
            [
              21.4042192092868,
              43.1194869895523
            ],
            [
              21.4043503428297,
              43.1195442277508
            ],
            [
              21.4046063074529,
              43.1196912282175
            ],
            [
              21.4047511644634,
              43.1197423859547
            ],
            [
              21.4047533659671,
              43.1197425582653
            ],
            [
              21.404865141904,
              43.1197505301717
            ],
            [
              21.404929935502,
              43.1198304245759
            ],
            [
              21.4049882858875,
              43.119852974319
            ],
            [
              21.4050266517124,
              43.1198678001426
            ],
            [
              21.40513804434,
              43.119914890364
            ],
            [
              21.4056514549918,
              43.1201319549852
            ],
            [
              21.406053790445,
              43.1202445928432
            ],
            [
              21.4062702501792,
              43.1202714622999
            ],
            [
              21.40637473622,
              43.1202572894855
            ],
            [
              21.40640039744,
              43.1202538044075
            ],
            [
              21.4073739538598,
              43.1202211703097
            ],
            [
              21.4074130103275,
              43.1202197255475
            ],
            [
              21.407413575597,
              43.1202196965203
            ],
            [
              21.4074142883748,
              43.1202196669677
            ],
            [
              21.4074357510375,
              43.1202188791618
            ],
            [
              21.407741788022,
              43.120206894037
            ],
            [
              21.4078260584979,
              43.1202021822257
            ],
            [
              21.408117394257,
              43.1202720857906
            ],
            [
              21.4084657665087,
              43.1204379346838
            ],
            [
              21.408691189689,
              43.1205160125605
            ],
            [
              21.4088861432615,
              43.1205835388925
            ],
            [
              21.4093068046424,
              43.1206319445117
            ],
            [
              21.4094005792059,
              43.1206427363728
            ],
            [
              21.4100346679722,
              43.1208074651114
            ],
            [
              21.4105786748378,
              43.1209523471565
            ],
            [
              21.4106729564276,
              43.120974695724
            ],
            [
              21.4112046931013,
              43.1211217781951
            ],
            [
              21.4115593546121,
              43.1211032155432
            ],
            [
              21.4120488865266,
              43.1212418029909
            ],
            [
              21.4120948039832,
              43.1212612097461
            ],
            [
              21.4120991667656,
              43.1212630481393
            ],
            [
              21.4118295089974,
              43.1213876290168
            ],
            [
              21.4114783030615,
              43.1215053013309
            ],
            [
              21.4114772237253,
              43.1215056654075
            ],
            [
              21.4117401729502,
              43.1217595847323
            ],
            [
              21.4118867413308,
              43.121803475622
            ],
            [
              21.4118870985432,
              43.1218035823947
            ],
            [
              21.4121225112281,
              43.1218740705371
            ],
            [
              21.4122202521744,
              43.1219173804381
            ],
            [
              21.4124781564543,
              43.1222436074125
            ],
            [
              21.4127793022113,
              43.1226278160187
            ],
            [
              21.412815407127,
              43.1226738871114
            ],
            [
              21.4128763997382,
              43.1227830493403
            ],
            [
              21.4129606747462,
              43.1229338993514
            ],
            [
              21.4129602355935,
              43.1229344052096
            ],
            [
              21.4129074925583,
              43.1229957783082
            ],
            [
              21.4129023816696,
              43.1230017210619
            ],
            [
              21.4128940709589,
              43.123008592959
            ],
            [
              21.4127866364429,
              43.1230973886938
            ],
            [
              21.4127324509985,
              43.1231916635425
            ],
            [
              21.4127323354695,
              43.1231984338283
            ],
            [
              21.4127316508009,
              43.1232377606101
            ],
            [
              21.4127324651225,
              43.1232678267689
            ],
            [
              21.4127522201315,
              43.1233149653959
            ],
            [
              21.4127522574948,
              43.1233150373001
            ],
            [
              21.412760312168,
              43.123334255276
            ],
            [
              21.4128426599492,
              43.1234094001813
            ],
            [
              21.4130703184928,
              43.1235472158977
            ],
            [
              21.4134168913353,
              43.1236957631304
            ],
            [
              21.4135674273718,
              43.1237861432135
            ],
            [
              21.4135865083859,
              43.1238093905812
            ],
            [
              21.4140798381676,
              43.1242186602006
            ],
            [
              21.4138505835845,
              43.1243067288595
            ],
            [
              21.4134919263075,
              43.1244445133283
            ],
            [
              21.4130097514798,
              43.1246781744634
            ],
            [
              21.412719235095,
              43.1247547628176
            ],
            [
              21.4122024652876,
              43.1248578278112
            ],
            [
              21.4122015322071,
              43.1248580112701
            ],
            [
              21.4122749809881,
              43.1250920859875
            ],
            [
              21.4122720893744,
              43.1251416745592
            ],
            [
              21.4122715928824,
              43.125150121122
            ],
            [
              21.4122715599268,
              43.1251507056573
            ],
            [
              21.4122764223982,
              43.1251723574744
            ],
            [
              21.41229308834,
              43.1252465966668
            ],
            [
              21.4122943555821,
              43.1253115469805
            ],
            [
              21.4122943712015,
              43.1253120421925
            ],
            [
              21.4122943727133,
              43.1253122673089
            ],
            [
              21.4122979305776,
              43.1254947842441
            ],
            [
              21.4122587090796,
              43.1258445029705
            ],
            [
              21.4122730544666,
              43.1259468025076
            ],
            [
              21.4122908320957,
              43.1260735955432
            ],
            [
              21.4122996299559,
              43.1261159398877
            ],
            [
              21.4122996683484,
              43.1261161648713
            ],
            [
              21.4122997187925,
              43.1261163537919
            ],
            [
              21.412321682734,
              43.1262221188574
            ],
            [
              21.4124880270011,
              43.1266807877714
            ],
            [
              21.4124882023795,
              43.1266812734025
            ],
            [
              21.4125072193251,
              43.1267336987644
            ],
            [
              21.4125477394351,
              43.1268223092269
            ],
            [
              21.4126234533398,
              43.1269878726914
            ],
            [
              21.4128265848123,
              43.1274275458769
            ],
            [
              21.4128967355048,
              43.1274047841789
            ],
            [
              21.413379645599,
              43.1272964318886
            ],
            [
              21.4136453197907,
              43.1275108971724
            ],
            [
              21.4136472556602,
              43.1275099176479
            ],
            [
              21.4140003390015,
              43.1273312852053
            ],
            [
              21.4144434604599,
              43.1271071040096
            ],
            [
              21.4145623884074,
              43.127045994748
            ],
            [
              21.4148366334691,
              43.1269586548827
            ],
            [
              21.4149132581445,
              43.1269342584044
            ],
            [
              21.4149135052965,
              43.1269344466106
            ],
            [
              21.4150560672184,
              43.1270443815636
            ],
            [
              21.4153486032324,
              43.1272736665348
            ],
            [
              21.4153502470153,
              43.127274948265
            ],
            [
              21.41549250079,
              43.1274873412354
            ],
            [
              21.4154882774291,
              43.1275357901828
            ],
            [
              21.4151139672099,
              43.1277228940592
            ],
            [
              21.4151138201708,
              43.1277229666316
            ],
            [
              21.4147141988955,
              43.127933371077
            ],
            [
              21.4145577030841,
              43.1280430700209
            ],
            [
              21.4145573482632,
              43.1280433234429
            ],
            [
              21.4144575525964,
              43.1281132764146
            ],
            [
              21.4143855179603,
              43.1282030241303
            ],
            [
              21.4143023633787,
              43.128363149119
            ],
            [
              21.4142891734309,
              43.1283885572972
            ],
            [
              21.4141243276329,
              43.1286042831192
            ],
            [
              21.4140291709425,
              43.128728810055
            ],
            [
              21.4137077500763,
              43.1288919432508
            ],
            [
              21.4136307891821,
              43.1289829167451
            ],
            [
              21.4136298268222,
              43.1289840548377
            ],
            [
              21.4133582876237,
              43.1291080237308
            ],
            [
              21.4131434442727,
              43.1292003647858
            ],
            [
              21.413020630201,
              43.1292884543668
            ],
            [
              21.4127964083192,
              43.1294492953523
            ],
            [
              21.4127247707092,
              43.1294982980353
            ],
            [
              21.4127244158117,
              43.1294985424469
            ],
            [
              21.4126926538473,
              43.1295202551892
            ],
            [
              21.4123463686013,
              43.1296239700358
            ],
            [
              21.4119990403478,
              43.1297743211092
            ],
            [
              21.4117092377559,
              43.1299253628415
            ],
            [
              21.4114271986879,
              43.1301167078321
            ],
            [
              21.4112466000341,
              43.1302401627686
            ],
            [
              21.4110960547681,
              43.1303175044706
            ],
            [
              21.4110002694566,
              43.1303676382874
            ],
            [
              21.4107866717321,
              43.1304452096455
            ],
            [
              21.4105540758611,
              43.1304939503458
            ],
            [
              21.4102839508147,
              43.1305177997151
            ],
            [
              21.4101297662843,
              43.130528443322
            ],
            [
              21.4099854613453,
              43.130601980048
            ],
            [
              21.4099044943376,
              43.1306811383722
            ],
            [
              21.4098108829307,
              43.1307405546267
            ],
            [
              21.4098106135347,
              43.1307407176792
            ],
            [
              21.4096875397983,
              43.1308093162564
            ],
            [
              21.4095431512438,
              43.1308721576386
            ],
            [
              21.4095405167875,
              43.1308733106861
            ],
            [
              21.4095390088907,
              43.1308739644337
            ],
            [
              21.4095377706916,
              43.1308745001526
            ],
            [
              21.4093438440088,
              43.1309534382833
            ],
            [
              21.4093435987192,
              43.1309535292095
            ],
            [
              21.409340250365,
              43.1309547478404
            ],
            [
              21.4092605839098,
              43.1309835404256
            ],
            [
              21.4092262901668,
              43.130994630109
            ],
            [
              21.4091834367733,
              43.1310084878721
            ],
            [
              21.4088712329816,
              43.1311010888628
            ],
            [
              21.4088167348015,
              43.1311331923399
            ],
            [
              21.4086879425623,
              43.1312090672926
            ],
            [
              21.4085697509972,
              43.1312541499227
            ],
            [
              21.4082517749096,
              43.1314038489867
            ],
            [
              21.4080114047756,
              43.1315423736717
            ],
            [
              21.4078143679412,
              43.1316538224616
            ],
            [
              21.4077389118811,
              43.1316746215663
            ],
            [
              21.4075948833991,
              43.1317685926275
            ],
            [
              21.4075138356052,
              43.1318214634263
            ],
            [
              21.4074098710895,
              43.1318902706354
            ],
            [
              21.4074094671575,
              43.1318905422197
            ],
            [
              21.4074091256296,
              43.1318907685574
            ],
            [
              21.4072277031273,
              43.1320108387249
            ],
            [
              21.4070768738236,
              43.1320801392869
            ],
            [
              21.4070013603426,
              43.1321148308167
            ],
            [
              21.4069314461655,
              43.1321560471206
            ],
            [
              21.4069250370565,
              43.1321609136314
            ],
            [
              21.4068347013749,
              43.1322294998522
            ],
            [
              21.4064809436377,
              43.1325290460031
            ],
            [
              21.4063854686968,
              43.1325695792532
            ],
            [
              21.4063109312506,
              43.1326012331191
            ],
            [
              21.4061042145825,
              43.1326622095286
            ],
            [
              21.4058496828496,
              43.1327229976778
            ],
            [
              21.4055429270116,
              43.1327851085825
            ],
            [
              21.4055237279599,
              43.1327889946903
            ],
            [
              21.4055232736442,
              43.1327890863491
            ],
            [
              21.4053261855879,
              43.1328195961835
            ],
            [
              21.4048473761641,
              43.1328711071129
            ],
            [
              21.4046968931811,
              43.1328856933425
            ],
            [
              21.4041998874584,
              43.1330309885595
            ],
            [
              21.4042536113028,
              43.1331549200304
            ],
            [
              21.4043807145674,
              43.1334480781333
            ],
            [
              21.4043978205055,
              43.1336228462257
            ],
            [
              21.4044032325048,
              43.1336782043135
            ],
            [
              21.4044580415726,
              43.1338836357648
            ],
            [
              21.4044581920809,
              43.133884085476
            ],
            [
              21.404637689603,
              43.1344207386514
            ],
            [
              21.4044571483629,
              43.1347656643968
            ],
            [
              21.4043913955893,
              43.1348657175031
            ],
            [
              21.4043755967182,
              43.134889748785
            ],
            [
              21.4043145243325,
              43.1349233159118
            ],
            [
              21.404314058831,
              43.1349235786977
            ],
            [
              21.4042207728839,
              43.1349748442927
            ],
            [
              21.4039079427302,
              43.1350431685007
            ],
            [
              21.4038859086949,
              43.1350479837363
            ],
            [
              21.4035728157831,
              43.1350476692923
            ],
            [
              21.4032519779977,
              43.1350093888716
            ],
            [
              21.4030447723925,
              43.1350354306951
            ],
            [
              21.4025953336827,
              43.1354205192045
            ],
            [
              21.4025950035377,
              43.1354207995168
            ],
            [
              21.4025937197259,
              43.1354219026271
            ],
            [
              21.4025649178226,
              43.1354465755293
            ],
            [
              21.4025636095369,
              43.135447696735
            ],
            [
              21.4024727380617,
              43.1354943698324
            ],
            [
              21.4024722846662,
              43.1354946055536
            ],
            [
              21.4024714758843,
              43.1354950226221
            ],
            [
              21.4021779213709,
              43.1356457966466
            ],
            [
              21.4019364967613,
              43.1358744391435
            ],
            [
              21.4019140880816,
              43.1358897072574
            ],
            [
              21.4018930491318,
              43.1359040349507
            ],
            [
              21.4018433671327,
              43.1359408997484
            ],
            [
              21.4018233154461,
              43.135955782263
            ],
            [
              21.4016620661246,
              43.1361145791347
            ],
            [
              21.4015018166219,
              43.1362724006423
            ],
            [
              21.4014290225516,
              43.1363451361731
            ],
            [
              21.4014286795706,
              43.1363453354833
            ],
            [
              21.4010462895387,
              43.1365641041469
            ],
            [
              21.4009034643765,
              43.1366048581828
            ],
            [
              21.400852780532,
              43.1367891473205
            ],
            [
              21.4008597409817,
              43.1369718801654
            ],
            [
              21.400879268971,
              43.1372541402045
            ],
            [
              21.400951314559,
              43.1375214473397
            ],
            [
              21.4012468817553,
              43.1377744482071
            ],
            [
              21.4014117423832,
              43.1379088086646
            ],
            [
              21.4014462787408,
              43.1380214004061
            ],
            [
              21.4014833332636,
              43.1381431655524
            ],
            [
              21.4015757320237,
              43.1384204808711
            ],
            [
              21.4016930079738,
              43.1387991673899
            ],
            [
              21.4017238417184,
              43.1390229567904
            ],
            [
              21.4017704405604,
              43.1391377545731
            ],
            [
              21.4018356436462,
              43.1394103943495
            ],
            [
              21.4018740038652,
              43.1395701822579
            ],
            [
              21.4018740543476,
              43.1395703801875
            ],
            [
              21.4018926034086,
              43.1396476919582
            ],
            [
              21.4018928815344,
              43.1396488526077
            ],
            [
              21.4019657452843,
              43.1396999963714
            ],
            [
              21.4020434975231,
              43.1397844318704
            ],
            [
              21.4020726537943,
              43.1399200893143
            ],
            [
              21.4020957402696,
              43.1400106636615
            ],
            [
              21.4020960035673,
              43.1400114371537
            ],
            [
              21.4021123566402,
              43.1400592548951
            ],
            [
              21.4021398509698,
              43.1401396049369
            ],
            [
              21.4021241327485,
              43.1401783459337
            ],
            [
              21.4021087544946,
              43.1402162401776
            ],
            [
              21.4019397954401,
              43.1405504933853
            ],
            [
              21.401757591066,
              43.1407195033447
            ],
            [
              21.4014762785538,
              43.140980429352
            ],
            [
              21.4012822118888,
              43.1411918308882
            ],
            [
              21.4012819920816,
              43.1411920657853
            ],
            [
              21.4011117542341,
              43.1413775080093
            ],
            [
              21.4008571395149,
              43.1414906016634
            ],
            [
              21.4005396181664,
              43.1412162938923
            ],
            [
              21.4002593870583,
              43.1409741885122
            ],
            [
              21.4002583804424,
              43.1409742640723
            ],
            [
              21.3997922014667,
              43.1410094486603
            ],
            [
              21.3994409420633,
              43.1410556078566
            ],
            [
              21.3992005035834,
              43.1410871976436
            ],
            [
              21.3989776472921,
              43.1411131777288
            ],
            [
              21.3989033360412,
              43.1411218446545
            ],
            [
              21.398834792836,
              43.1411325337272
            ],
            [
              21.3986186981617,
              43.1411662589314
            ],
            [
              21.3989166321763,
              43.1419080245832
            ],
            [
              21.3990758854897,
              43.1421632259499
            ],
            [
              21.3991609344786,
              43.1423310957846
            ],
            [
              21.3993413661001,
              43.1425907217019
            ],
            [
              21.399499531856,
              43.142943696405
            ],
            [
              21.3996446183971,
              43.1431744586052
            ],
            [
              21.3998938600883,
              43.1435796812893
            ],
            [
              21.4000221084295,
              43.1438870268375
            ],
            [
              21.3999276850351,
              43.1440773295001
            ],
            [
              21.4000472583709,
              43.1442558117196
            ],
            [
              21.4001062021313,
              43.1443438000017
            ],
            [
              21.4001081310671,
              43.1443663449979
            ],
            [
              21.400119101571,
              43.1444945518779
            ],
            [
              21.4001198293924,
              43.1444948996214
            ],
            [
              21.4003787150203,
              43.1446197602255
            ],
            [
              21.4004206862512,
              43.1446249928478
            ],
            [
              21.4006107821312,
              43.1446487918055
            ],
            [
              21.4011729900054,
              43.1447753031654
            ],
            [
              21.4016008962845,
              43.1449133690885
            ],
            [
              21.4017456632811,
              43.1450100276816
            ],
            [
              21.4019709969905,
              43.1451604762808
            ],
            [
              21.402117111667,
              43.1453740089682
            ],
            [
              21.4021567461457,
              43.145530317165
            ],
            [
              21.4022273687763,
              43.1456012918506
            ],
            [
              21.4022275915474,
              43.1456015071839
            ],
            [
              21.4022280495643,
              43.1456019648209
            ],
            [
              21.4023980934195,
              43.1457728507064
            ],
            [
              21.4033853390351,
              43.1462905505625
            ],
            [
              21.4040091497753,
              43.1466176684867
            ],
            [
              21.4045791010834,
              43.1470006035663
            ],
            [
              21.4045792502596,
              43.1470008461696
            ],
            [
              21.4048568476605,
              43.147465081477
            ],
            [
              21.4049272411176,
              43.1478092387873
            ],
            [
              21.4048620273558,
              43.1480248023473
            ],
            [
              21.4043753766357,
              43.1480897048571
            ],
            [
              21.404374922027,
              43.1480897694976
            ],
            [
              21.4043464458727,
              43.1480935639194
            ],
            [
              21.4043455146543,
              43.1480939003894
            ],
            [
              21.4042440229327,
              43.148130214439
            ],
            [
              21.4041090911422,
              43.148221075373
            ],
            [
              21.4040649505122,
              43.1482508067637
            ],
            [
              21.4040643260434,
              43.1482512231917
            ],
            [
              21.4036872873685,
              43.1483163263497
            ],
            [
              21.4034976188879,
              43.1483423998302
            ],
            [
              21.4033347306568,
              43.1483648658086
            ],
            [
              21.4029867697679,
              43.1484580366994
            ],
            [
              21.4027451646747,
              43.1486687902325
            ],
            [
              21.402635174488,
              43.1487647430118
            ],
            [
              21.4022358918755,
              43.1491308515236
            ],
            [
              21.4021432761217,
              43.1492179188995
            ],
            [
              21.4021425561863,
              43.1492185967928
            ],
            [
              21.4019966250326,
              43.1493557715535
            ],
            [
              21.4018347059599,
              43.1495634705491
            ],
            [
              21.4017887390264,
              43.1496224362787
            ],
            [
              21.4015882611201,
              43.1497724448358
            ],
            [
              21.401507079853,
              43.1498331936325
            ],
            [
              21.4014260561895,
              43.1499836354187
            ],
            [
              21.4011906319357,
              43.1502665638298
            ],
            [
              21.4011667096338,
              43.1502953119094
            ],
            [
              21.4011653551063,
              43.150296936629
            ],
            [
              21.4008206085447,
              43.1506191808281
            ],
            [
              21.4006343548545,
              43.1507358829942
            ],
            [
              21.4003614473874,
              43.1508760305312
            ],
            [
              21.400224389582,
              43.1509010968371
            ],
            [
              21.4001024314622,
              43.1509411428546
            ],
            [
              21.3997867127277,
              43.1509844025836
            ],
            [
              21.3997229999156,
              43.151018748115
            ],
            [
              21.3995568123781,
              43.1507261571694
            ],
            [
              21.3994771548515,
              43.1507292331143
            ],
            [
              21.3992112515047,
              43.1507751043191
            ],
            [
              21.3990869058718,
              43.1507885122699
            ],
            [
              21.3988555769485,
              43.150706434771
            ],
            [
              21.3985834929232,
              43.1506720308214
            ],
            [
              21.3983777565538,
              43.1506678153815
            ],
            [
              21.3982486010214,
              43.1506412720943
            ],
            [
              21.398203989977,
              43.1506295589835
            ],
            [
              21.3980378595732,
              43.1505859448924
            ],
            [
              21.397760378545,
              43.1505911664414
            ],
            [
              21.3977057863879,
              43.1506026581832
            ],
            [
              21.39734584292,
              43.1506784291803
            ],
            [
              21.3970801439853,
              43.1508102332969
            ],
            [
              21.3970212822455,
              43.1508340212276
            ],
            [
              21.3967696667657,
              43.1509574940017
            ],
            [
              21.3965071603756,
              43.1510512087553
            ],
            [
              21.3963286187651,
              43.1511489355063
            ],
            [
              21.3962741356589,
              43.1511787573345
            ],
            [
              21.3959571753182,
              43.1514357135962
            ],
            [
              21.3957335345786,
              43.1516170225878
            ],
            [
              21.3956151297709,
              43.1517079153503
            ],
            [
              21.3956150563853,
              43.1517079786379
            ],
            [
              21.3951188779537,
              43.1520888463034
            ],
            [
              21.3949919799063,
              43.1521441932382
            ],
            [
              21.3948881819282,
              43.1522104597168
            ],
            [
              21.3946136163352,
              43.152385748716
            ],
            [
              21.394274357893,
              43.1526283388163
            ],
            [
              21.3941589441972,
              43.1527678998899
            ],
            [
              21.3940437330953,
              43.1528435492301
            ],
            [
              21.393822824781,
              43.1530210990261
            ],
            [
              21.3935541877578,
              43.1531378660476
            ],
            [
              21.3934696301179,
              43.1532720209324
            ],
            [
              21.3934693623126,
              43.1532724540854
            ],
            [
              21.3934031851662,
              43.1534387523984
            ],
            [
              21.3932950795188,
              43.1535481365693
            ],
            [
              21.3931830642767,
              43.1536614754869
            ],
            [
              21.3931536136101,
              43.1536856727218
            ],
            [
              21.3930919469757,
              43.1537363179721
            ],
            [
              21.3931265501148,
              43.1539905721256
            ],
            [
              21.3931672279144,
              43.1542146508991
            ],
            [
              21.3933426619598,
              43.1545325110437
            ],
            [
              21.3933717230872,
              43.1545769670451
            ],
            [
              21.3936148470365,
              43.1545256363198
            ],
            [
              21.3939560547044,
              43.1544496651611
            ],
            [
              21.3941751770386,
              43.1546213746343
            ],
            [
              21.3943334054558,
              43.154694009889
            ],
            [
              21.3944021038022,
              43.1547074550454
            ],
            [
              21.3943829313304,
              43.1548032929241
            ],
            [
              21.3942754639392,
              43.1549919669413
            ],
            [
              21.3942447297787,
              43.1550116952739
            ],
            [
              21.394754060838,
              43.1550735808005
            ],
            [
              21.3948569281417,
              43.1551036513741
            ],
            [
              21.3950391020319,
              43.1552275998827
            ],
            [
              21.3951034790361,
              43.1552759838736
            ],
            [
              21.3952695761894,
              43.1554045781885
            ],
            [
              21.3954222030807,
              43.1553908200189
            ],
            [
              21.3954789296338,
              43.155378472841
            ],
            [
              21.3955791314669,
              43.1554144915628
            ],
            [
              21.3956226457509,
              43.1555253256513
            ],
            [
              21.39567733794,
              43.1555779741733
            ],
            [
              21.3961638309787,
              43.1558504689273
            ],
            [
              21.3962915598272,
              43.1559026841466
            ],
            [
              21.3965815421819,
              43.1559840420839
            ],
            [
              21.3968566553858,
              43.1560664404901
            ],
            [
              21.3969907407318,
              43.156131595331
            ],
            [
              21.3972567118531,
              43.1564510243977
            ],
            [
              21.3974009461635,
              43.1566194730275
            ],
            [
              21.3974479772428,
              43.1567219196909
            ],
            [
              21.3975205201033,
              43.1569642433508
            ],
            [
              21.3977810787139,
              43.1570937484153
            ],
            [
              21.3979588736941,
              43.1572596411322
            ],
            [
              21.3981710361956,
              43.1574156905607
            ],
            [
              21.3983090150862,
              43.1574916225753
            ],
            [
              21.3984268947153,
              43.1574844540276
            ],
            [
              21.3987712770869,
              43.1575510138119
            ],
            [
              21.3989730422644,
              43.1576776657031
            ],
            [
              21.39956121699,
              43.1576983522054
            ],
            [
              21.3995879642119,
              43.1577452441833
            ],
            [
              21.3994785841821,
              43.1577732655448
            ],
            [
              21.3994618050735,
              43.1578396644876
            ],
            [
              21.3994778111197,
              43.1580478965493
            ],
            [
              21.3994909259666,
              43.1580787238066
            ],
            [
              21.3994718089205,
              43.1582754685667
            ],
            [
              21.3995349255639,
              43.1584484289992
            ],
            [
              21.3995248602646,
              43.1586564828242
            ],
            [
              21.3995654324909,
              43.1588978424571
            ],
            [
              21.3996493411049,
              43.1591094338333
            ],
            [
              21.399658319009,
              43.1592401903491
            ],
            [
              21.3997332411949,
              43.1593383081293
            ],
            [
              21.399914088517,
              43.1597044687676
            ],
            [
              21.4000052532795,
              43.1598414142176
            ],
            [
              21.4001382417028,
              43.1599613806164
            ],
            [
              21.4004360931917,
              43.1600189230576
            ],
            [
              21.4006831110426,
              43.1602557702955
            ],
            [
              21.4010417981201,
              43.1604935727514
            ],
            [
              21.4011758594885,
              43.1607196596003
            ],
            [
              21.4011571241401,
              43.1608061391655
            ],
            [
              21.4010415613816,
              43.1609228460634
            ],
            [
              21.40092917572,
              43.161036390022
            ],
            [
              21.4008130123945,
              43.1611366262692
            ],
            [
              21.4007308414253,
              43.1612075776308
            ],
            [
              21.4005877448323,
              43.1612703731779
            ],
            [
              21.4005055612168,
              43.161302168756
            ],
            [
              21.4003979855219,
              43.1613436846941
            ],
            [
              21.4002473915555,
              43.1614633057615
            ],
            [
              21.4001572318729,
              43.1615349149908
            ],
            [
              21.4000117171828,
              43.1616603684122
            ],
            [
              21.400293347976,
              43.1618492104711
            ],
            [
              21.4002669980575,
              43.1618814390588
            ],
            [
              21.4001121857079,
              43.1621075593952
            ],
            [
              21.400018657632,
              43.1622467803707
            ],
            [
              21.3998552890127,
              43.1624249543823
            ],
            [
              21.399587306406,
              43.1627214134687
            ],
            [
              21.3993938247431,
              43.1629585600741
            ],
            [
              21.3992855375118,
              43.1630978328509
            ],
            [
              21.3990845322955,
              43.1630701860705
            ],
            [
              21.3990352781434,
              43.1630794509258
            ],
            [
              21.3987851501831,
              43.1630995942112
            ],
            [
              21.3985527217566,
              43.1631183245742
            ],
            [
              21.398325683855,
              43.1631340650088
            ],
            [
              21.398222183603,
              43.1631412698503
            ],
            [
              21.3979715621533,
              43.1631425101595
            ],
            [
              21.3978364423362,
              43.1631475752265
            ],
            [
              21.3974904652604,
              43.1631604011281
            ],
            [
              21.3974369990799,
              43.163258702465
            ],
            [
              21.3973138301728,
              43.1633608468699
            ],
            [
              21.3971659192714,
              43.1634592031566
            ],
            [
              21.3970598718526,
              43.1636029612478
            ],
            [
              21.3969523910335,
              43.1637908298074
            ],
            [
              21.3969257983941,
              43.163842589007
            ],
            [
              21.396630852099,
              43.1640984355714
            ],
            [
              21.3967169539975,
              43.1642327068466
            ],
            [
              21.3970654649248,
              43.1642502225241
            ],
            [
              21.3974272017161,
              43.1643342088813
            ],
            [
              21.397620636745,
              43.1645009543616
            ],
            [
              21.3977666557324,
              43.1646196192582
            ],
            [
              21.3979541300486,
              43.1647399398475
            ],
            [
              21.3982913805197,
              43.1647827728743
            ],
            [
              21.3985505688629,
              43.1648304693089
            ],
            [
              21.3986580907642,
              43.1648921108859
            ],
            [
              21.3987022547862,
              43.1649503739374
            ],
            [
              21.3986634068959,
              43.1650834600039
            ],
            [
              21.398655899553,
              43.1651387541175
            ],
            [
              21.3986419351222,
              43.1652407877097
            ],
            [
              21.3986604078549,
              43.1653755623487
            ],
            [
              21.3986880450652,
              43.1655761041297
            ],
            [
              21.3986993434572,
              43.1656111700291
            ],
            [
              21.398782335775,
              43.1658698457542
            ],
            [
              21.3984130705492,
              43.1660088617328
            ],
            [
              21.3981259577329,
              43.1662042957965
            ],
            [
              21.3979904380283,
              43.1663178272196
            ],
            [
              21.3977953433429,
              43.1664800835599
            ],
            [
              21.3977398063475,
              43.1665817221621
            ],
            [
              21.3976451711302,
              43.1667975434843
            ],
            [
              21.3976009316776,
              43.1669340679149
            ],
            [
              21.397628338261,
              43.1670061615527
            ],
            [
              21.3976632010175,
              43.1670338535522
            ],
            [
              21.3975495003306,
              43.1671555885257
            ],
            [
              21.3974161399508,
              43.1673362606322
            ],
            [
              21.3974104730961,
              43.1674100000103
            ],
            [
              21.3975551822018,
              43.1676280458642
            ],
            [
              21.3977286393381,
              43.1676914384163
            ],
            [
              21.3978294874296,
              43.167709988001
            ],
            [
              21.3980560361366,
              43.167692632993
            ],
            [
              21.3982939243251,
              43.167716283794
            ],
            [
              21.3985915789348,
              43.167832798733
            ],
            [
              21.3988636727494,
              43.1679522817444
            ],
            [
              21.3990350030675,
              43.1679537518398
            ],
            [
              21.3993395467446,
              43.1679954396373
            ],
            [
              21.3994341328152,
              43.1679968176774
            ],
            [
              21.3995972610603,
              43.1679295449233
            ],
            [
              21.3997491230732,
              43.1679068680049
            ],
            [
              21.3998007829322,
              43.1679450326867
            ],
            [
              21.3997179471034,
              43.1681402924745
            ],
            [
              21.3995806090477,
              43.1682207961478
            ],
            [
              21.3995349060941,
              43.1682281577993
            ],
            [
              21.3995014891142,
              43.168233585524
            ],
            [
              21.3994186657786,
              43.1683001257814
            ],
            [
              21.3993380430277,
              43.168364948284
            ],
            [
              21.3991291013387,
              43.1684604655942
            ],
            [
              21.398990621064,
              43.1684983959969
            ],
            [
              21.3990271800152,
              43.1685498183371
            ],
            [
              21.3990281235885,
              43.1685511387534
            ],
            [
              21.399026640074,
              43.1685519174405
            ],
            [
              21.3990478822455,
              43.1685671812479
            ],
            [
              21.3990550610389,
              43.1685723411794
            ],
            [
              21.3990902627491,
              43.1685951707572
            ],
            [
              21.39912938421,
              43.1686342790527
            ],
            [
              21.399130087905,
              43.1686382468186
            ],
            [
              21.3991335361167,
              43.1686576860794
            ],
            [
              21.3991351323684,
              43.1686666637091
            ],
            [
              21.3991352251464,
              43.1686807234956
            ],
            [
              21.3991353464078,
              43.1686991577192
            ],
            [
              21.3991294341988,
              43.1687184774522
            ],
            [
              21.3991154803535,
              43.1687641273859
            ],
            [
              21.3990958808012,
              43.1687816047527
            ],
            [
              21.3990805108094,
              43.1687953042535
            ],
            [
              21.3990549429307,
              43.1688346390942
            ],
            [
              21.398897121677,
              43.1689987464926
            ],
            [
              21.3987063775827,
              43.1692062635245
            ],
            [
              21.3984898781576,
              43.1694247630541
            ],
            [
              21.3983832819381,
              43.1695237900493
            ],
            [
              21.3981829387996,
              43.1696745417858
            ],
            [
              21.3981370222706,
              43.1697058474062
            ],
            [
              21.3979990451754,
              43.169802284493
            ],
            [
              21.3978760480023,
              43.1699136118982
            ],
            [
              21.3975725705785,
              43.1701296251145
            ],
            [
              21.3974939971698,
              43.1702637500818
            ],
            [
              21.3973843264709,
              43.1704385802772
            ],
            [
              21.3972984619741,
              43.1705862313338
            ],
            [
              21.3972662030709,
              43.1707310857124
            ],
            [
              21.3973005774552,
              43.1709093749839
            ],
            [
              21.3973126587696,
              43.1711128290465
            ],
            [
              21.3973130179016,
              43.1711188853325
            ],
            [
              21.3973187233352,
              43.1711694626246
            ],
            [
              21.397338479347,
              43.1713446428482
            ],
            [
              21.3973326122133,
              43.171575820185
            ],
            [
              21.3973340819544,
              43.1715785957648
            ],
            [
              21.3973486904367,
              43.1716062969413
            ],
            [
              21.3974486828705,
              43.1717958609734
            ],
            [
              21.3975180500983,
              43.1719645753384
            ],
            [
              21.3975147325616,
              43.1720213855711
            ],
            [
              21.3975132241821,
              43.1720727893363
            ],
            [
              21.3975172058027,
              43.1721174222242
            ],
            [
              21.3975139057782,
              43.172176933836
            ],
            [
              21.3975189664799,
              43.1721777618042
            ],
            [
              21.3976026806473,
              43.1721914760882
            ],
            [
              21.3976637641271,
              43.1722034148809
            ],
            [
              21.3977359439797,
              43.1722193663286
            ],
            [
              21.3979190897385,
              43.172257973348
            ],
            [
              21.3981631070855,
              43.1722760246004
            ],
            [
              21.3986491931229,
              43.1723149220216
            ],
            [
              21.3990834801863,
              43.1723323063957
            ],
            [
              21.3991222405827,
              43.1723348708296
            ],
            [
              21.3991666502597,
              43.1723360657211
            ],
            [
              21.3992164707199,
              43.1723372417159
            ],
            [
              21.3992719844281,
              43.1723437980022
            ],
            [
              21.3992721726426,
              43.1723500268689
            ],
            [
              21.399279102231,
              43.1725844715702
            ],
            [
              21.3992814587771,
              43.1725873800022
            ],
            [
              21.399348047486,
              43.172669383969
            ],
            [
              21.3993458301619,
              43.172670849586
            ],
            [
              21.3990371096184,
              43.172874624848
            ],
            [
              21.3989726374195,
              43.1728897931598
            ],
            [
              21.3989172738704,
              43.172906189449
            ],
            [
              21.3988804552153,
              43.1729184697985
            ],
            [
              21.3988269006812,
              43.172929458656
            ],
            [
              21.3985366049111,
              43.1729031541454
            ],
            [
              21.3985256264239,
              43.1729021577345
            ],
            [
              21.3985173538748,
              43.1729010429393
            ],
            [
              21.3983887342669,
              43.1728837324954
            ],
            [
              21.3981342561805,
              43.1729589736725
            ],
            [
              21.3979850678942,
              43.1730162932176
            ],
            [
              21.3979389650179,
              43.173038057
            ],
            [
              21.3978725308436,
              43.1730544912875
            ],
            [
              21.3978081370355,
              43.1730818106519
            ],
            [
              21.3977916752685,
              43.1731223741927
            ],
            [
              21.3977752757543,
              43.1731535761213
            ],
            [
              21.397755211032,
              43.1731887520022
            ],
            [
              21.3977315460482,
              43.1732375322444
            ],
            [
              21.3976542746299,
              43.1732892002494
            ],
            [
              21.3976603887526,
              43.1732951734961
            ],
            [
              21.3977769502862,
              43.1734091211971
            ],
            [
              21.3977773989171,
              43.1734100012075
            ],
            [
              21.3977865438539,
              43.1734278016234
            ],
            [
              21.3978275323777,
              43.1735076001425
            ],
            [
              21.3978596501322,
              43.1736224365623
            ],
            [
              21.3978869582624,
              43.1736697518807
            ],
            [
              21.3979437521806,
              43.1737681461338
            ],
            [
              21.3980963550037,
              43.1739312595209
            ],
            [
              21.398154027794,
              43.1740040598614
            ],
            [
              21.3982233477276,
              43.1740657743441
            ],
            [
              21.3985034181124,
              43.1743150993484
            ],
            [
              21.3985082408891,
              43.1743190428619
            ],
            [
              21.3987486444062,
              43.1745157850034
            ],
            [
              21.3990954574244,
              43.1747146741454
            ],
            [
              21.3993527294774,
              43.1747827252917
            ],
            [
              21.3995287320151,
              43.1748240011566
            ],
            [
              21.3995903147002,
              43.1748384495097
            ],
            [
              21.3995913497647,
              43.1748386890243
            ],
            [
              21.3996751275378,
              43.1749343506445
            ],
            [
              21.3998525617695,
              43.1749445310363
            ],
            [
              21.399855145235,
              43.1749482571985
            ],
            [
              21.39989552858,
              43.1750065797206
            ],
            [
              21.3999597458995,
              43.1750268960986
            ],
            [
              21.4000435615835,
              43.1750534085555
            ],
            [
              21.4002050419732,
              43.1751622998661
            ],
            [
              21.4002550689638,
              43.1751757167095
            ],
            [
              21.4003086079992,
              43.1751809304774
            ],
            [
              21.4003605328675,
              43.1752023513039
            ],
            [
              21.4004437863156,
              43.1752182622827
            ],
            [
              21.4005789860158,
              43.1752772873151
            ],
            [
              21.4007510821311,
              43.1753172791813
            ],
            [
              21.4008898347673,
              43.175337045784
            ],
            [
              21.4011663214487,
              43.175519973575
            ],
            [
              21.4013958895847,
              43.1755827170721
            ],
            [
              21.4013967518645,
              43.1755866293335
            ],
            [
              21.4014182327156,
              43.1756840759397
            ],
            [
              21.4014206165799,
              43.1756948778366
            ],
            [
              21.4014356979389,
              43.1757434328249
            ],
            [
              21.4014470180983,
              43.1757812888997
            ],
            [
              21.4014483416068,
              43.1757896830313
            ],
            [
              21.4014547204382,
              43.1758299598237
            ],
            [
              21.4014773172424,
              43.1758988311745
            ],
            [
              21.4014815098322,
              43.1759004373261
            ],
            [
              21.4016070439441,
              43.175948423653
            ],
            [
              21.4017201503741,
              43.1760142757743
            ],
            [
              21.4017686906189,
              43.1760817061513
            ],
            [
              21.4017713190097,
              43.1760903829495
            ],
            [
              21.4017875525352,
              43.1761438396558
            ],
            [
              21.4017965497816,
              43.1761632692285
            ],
            [
              21.4018043989325,
              43.1761802364183
            ],
            [
              21.4018057567922,
              43.1761902954117
            ],
            [
              21.4018102206561,
              43.1762235128417
            ],
            [
              21.4018346092033,
              43.1762842771084
            ],
            [
              21.4018228512216,
              43.1763513969422
            ],
            [
              21.4018132754065,
              43.1764060518736
            ],
            [
              21.4017680364388,
              43.1765400625538
            ],
            [
              21.4017646032984,
              43.1765435765752
            ],
            [
              21.4016478139753,
              43.1766629318945
            ],
            [
              21.4015955216846,
              43.1767163779307
            ],
            [
              21.4015896270785,
              43.1767252377298
            ],
            [
              21.4014728761872,
              43.1769007088247
            ],
            [
              21.4014549806499,
              43.1769845756596
            ],
            [
              21.4014574783502,
              43.1769883290996
            ],
            [
              21.4014979682171,
              43.1770493241842
            ],
            [
              21.4014975124647,
              43.1770509376421
            ],
            [
              21.4014798157155,
              43.1771129383346
            ],
            [
              21.4014786775248,
              43.1772197896398
            ],
            [
              21.4014348893598,
              43.1772942958889
            ],
            [
              21.4013811680944,
              43.1775594874065
            ],
            [
              21.4013659948641,
              43.1777759357785
            ],
            [
              21.4014706653503,
              43.1779607278388
            ],
            [
              21.4016114531191,
              43.1782874400566
            ],
            [
              21.4017232454199,
              43.1784331431709
            ],
            [
              21.4017585689028,
              43.1784735263039
            ],
            [
              21.4017829726581,
              43.1785180881778
            ],
            [
              21.4018573992824,
              43.1785935300914
            ],
            [
              21.4018891144704,
              43.1786461678739
            ],
            [
              21.4021311501122,
              43.1789184247186
            ],
            [
              21.4021497608997,
              43.1789426632419
            ],
            [
              21.4021832778366,
              43.1789885437128
            ],
            [
              21.4022130580273,
              43.179027685516
            ],
            [
              21.4022522230642,
              43.1790721062436
            ],
            [
              21.4022630726816,
              43.1790832835675
            ],
            [
              21.4022745169231,
              43.1790950711258
            ],
            [
              21.4022997335978,
              43.1791267315602
            ],
            [
              21.4023658095314,
              43.1792097007883
            ],
            [
              21.4024089275512,
              43.1792491468182
            ],
            [
              21.4024364755101,
              43.1792743533912
            ],
            [
              21.4024533690911,
              43.1792935750303
            ],
            [
              21.4024625045302,
              43.1793039668433
            ],
            [
              21.4024712876671,
              43.1793114882665
            ],
            [
              21.4025238639531,
              43.1793565001603
            ],
            [
              21.402607446029,
              43.1794211072134
            ],
            [
              21.4026447334657,
              43.1794791262444
            ],
            [
              21.4027153911792,
              43.1795424288823
            ],
            [
              21.4028571981653,
              43.1796243298036
            ],
            [
              21.402871225751,
              43.1796324351497
            ],
            [
              21.4028918915894,
              43.1796435247189
            ],
            [
              21.402971343408,
              43.1796861815576
            ],
            [
              21.4030326871243,
              43.1797360150164
            ],
            [
              21.403071792332,
              43.1797898861974
            ],
            [
              21.4031231092854,
              43.1799081841455
            ],
            [
              21.4031543646794,
              43.1799802492217
            ],
            [
              21.4032029523714,
              43.1800597776121
            ],
            [
              21.4032738751786,
              43.1801758821606
            ],
            [
              21.4033393508826,
              43.1803162746788
            ],
            [
              21.403356358567,
              43.1803527426551
            ],
            [
              21.4033658363558,
              43.1803906059043
            ],
            [
              21.4033642331419,
              43.1804270683537
            ],
            [
              21.4033615654837,
              43.1805812757987
            ],
            [
              21.4033602497408,
              43.1806610340682
            ],
            [
              21.4033568363978,
              43.1807029039709
            ],
            [
              21.4033596017295,
              43.1807321309758
            ],
            [
              21.4033608051094,
              43.1807448369951
            ],
            [
              21.4033577173142,
              43.1808393378492
            ],
            [
              21.4033546707467,
              43.1809328129107
            ],
            [
              21.4033872503707,
              43.1811152503561
            ],
            [
              21.4033890949862,
              43.1811190060536
            ],
            [
              21.4034696713116,
              43.181282569484
            ],
            [
              21.4034834242145,
              43.181336341711
            ],
            [
              21.4035114748284,
              43.1814460715003
            ],
            [
              21.4035162972837,
              43.1814610420636
            ],
            [
              21.4035284310334,
              43.1814987608527
            ],
            [
              21.4035287342952,
              43.1815444338756
            ],
            [
              21.4035287802972,
              43.1815514187283
            ],
            [
              21.4035309301656,
              43.1815974094101
            ],
            [
              21.4035395091731,
              43.1816166512012
            ],
            [
              21.4035477886094,
              43.1816352466038
            ],
            [
              21.4035631759665,
              43.1816868077799
            ],
            [
              21.4035913196155,
              43.1817810994046
            ],
            [
              21.4037271093159,
              43.1819266257638
            ],
            [
              21.4038016955964,
              43.1820251099553
            ],
            [
              21.4038908947499,
              43.1823790083512
            ],
            [
              21.4038968162851,
              43.1824148949392
            ],
            [
              21.4039216577482,
              43.1825655032641
            ],
            [
              21.4038956913341,
              43.1826806626124
            ],
            [
              21.4038929786883,
              43.1826927070871
            ],
            [
              21.4038845929521,
              43.1827451976811
            ],
            [
              21.403884120457,
              43.182748188038
            ],
            [
              21.403840152554,
              43.1828090147975
            ],
            [
              21.4037028612103,
              43.1829989834523
            ],
            [
              21.4036850668615,
              43.1830628946809
            ],
            [
              21.4036776297405,
              43.1830896282191
            ],
            [
              21.4036620307417,
              43.1831210631375
            ],
            [
              21.4036265226979,
              43.1831926071758
            ],
            [
              21.403602929164,
              43.1832521012894
            ],
            [
              21.4035829019323,
              43.1832927691169
            ],
            [
              21.4035264922041,
              43.1834308727906
            ],
            [
              21.4035214952512,
              43.1835119947236
            ],
            [
              21.4034616456782,
              43.1836880071341
            ],
            [
              21.4033470587731,
              43.1839574696557
            ],
            [
              21.4033347703902,
              43.1840522100022
            ],
            [
              21.4032731190573,
              43.1842348894892
            ],
            [
              21.4032628761441,
              43.1842502463342
            ],
            [
              21.4031944312215,
              43.1843528179387
            ],
            [
              21.4031874356865,
              43.1844109927907
            ],
            [
              21.4031534877322,
              43.1845788121269
            ],
            [
              21.4031425626303,
              43.1846193577465
            ],
            [
              21.4031421934718,
              43.1846193590473
            ],
            [
              21.4030927327115,
              43.18461827355
            ],
            [
              21.4030890405342,
              43.1846181965105
            ],
            [
              21.4026140968084,
              43.1846050163512
            ],
            [
              21.4025567258379,
              43.1845984673406
            ],
            [
              21.4025049366068,
              43.1845986495513
            ],
            [
              21.4024513879262,
              43.1845934368579
            ],
            [
              21.4023850353425,
              43.1845754877807
            ],
            [
              21.4023032525033,
              43.1845533615754
            ],
            [
              21.4020375563176,
              43.1844606070588
            ],
            [
              21.4020272982909,
              43.1844570240821
            ],
            [
              21.4018846009377,
              43.1844020757546
            ],
            [
              21.4018456186933,
              43.18442108941
            ],
            [
              21.4018035465298,
              43.1844416077976
            ],
            [
              21.4017817724307,
              43.1844473194596
            ],
            [
              21.401740914459,
              43.1844580300509
            ],
            [
              21.4016837763458,
              43.1844865858387
            ],
            [
              21.4014202242259,
              43.1845916601827
            ],
            [
              21.4009853511008,
              43.1847784378852
            ],
            [
              21.4006297661285,
              43.1849378418192
            ],
            [
              21.4004824940101,
              43.1850100102951
            ],
            [
              21.4003552903295,
              43.1850659051488
            ],
            [
              21.4002759444823,
              43.1850850865193
            ],
            [
              21.4002338504249,
              43.1850986365025
            ],
            [
              21.4002078122477,
              43.1851070182919
            ],
            [
              21.4001617467471,
              43.1851152360005
            ],
            [
              21.4001229048774,
              43.185122167758
            ],
            [
              21.4000198480407,
              43.1851479036102
            ],
            [
              21.399892250568,
              43.1851797745616
            ],
            [
              21.3997551102422,
              43.1851971765099
            ],
            [
              21.3995968781732,
              43.1852172633497
            ],
            [
              21.399548812786,
              43.1852228322855
            ],
            [
              21.3992516927634,
              43.1852752688236
            ],
            [
              21.3990356931061,
              43.1853166195511
            ],
            [
              21.3987681317726,
              43.185374351904
            ],
            [
              21.3985264637612,
              43.1854224528709
            ],
            [
              21.3983972259836,
              43.1854499974674
            ],
            [
              21.3983598143852,
              43.1854612090221
            ],
            [
              21.3983197511701,
              43.1854732213167
            ],
            [
              21.398282761957,
              43.1854793724882
            ],
            [
              21.3982533915852,
              43.1854842544674
            ],
            [
              21.3981795737953,
              43.1855021544704
            ],
            [
              21.3981342462944,
              43.1855143831263
            ],
            [
              21.3980781368623,
              43.1855295119001
            ],
            [
              21.3980448251895,
              43.1855336781515
            ],
            [
              21.3979913299165,
              43.1855365647894
            ],
            [
              21.3978099280759,
              43.1855751823562
            ],
            [
              21.3977587735902,
              43.1855860723021
            ],
            [
              21.3976826061462,
              43.1856155026739
            ],
            [
              21.3974232794914,
              43.1857156905248
            ],
            [
              21.3971561079615,
              43.1858329150542
            ],
            [
              21.3969109917723,
              43.1859175650846
            ],
            [
              21.3968354328222,
              43.1859515816174
            ],
            [
              21.3967801474017,
              43.1859815674887
            ],
            [
              21.3967576372122,
              43.1859894950223
            ],
            [
              21.3967026999794,
              43.1860088395972
            ],
            [
              21.3966589080113,
              43.1860376698643
            ],
            [
              21.3966530900316,
              43.186041506262
            ],
            [
              21.3965591939953,
              43.1860932292547
            ],
            [
              21.3963452948994,
              43.1861737204128
            ],
            [
              21.3961922881832,
              43.1862161045943
            ],
            [
              21.3960773914025,
              43.1862468800487
            ],
            [
              21.3960336237106,
              43.1862585982034
            ],
            [
              21.3960329594399,
              43.186258636522
            ],
            [
              21.3958876538314,
              43.1862672022914
            ],
            [
              21.3958562232544,
              43.1862578587249
            ],
            [
              21.3957970342065,
              43.1862553611676
            ],
            [
              21.3957452968081,
              43.1862447380027
            ],
            [
              21.3957229948935,
              43.1862394131742
            ],
            [
              21.3956285610063,
              43.1862085931227
            ],
            [
              21.3955721232491,
              43.1861940330336
            ],
            [
              21.3954351455012,
              43.1863746175086
            ],
            [
              21.395104797177,
              43.1866152887214
            ],
            [
              21.3949560581876,
              43.1866713401755
            ],
            [
              21.3945478364328,
              43.1868554764094
            ],
            [
              21.3942987545753,
              43.1870322246057
            ],
            [
              21.394189068122,
              43.1871157770369
            ],
            [
              21.393982902036,
              43.1872709524928
            ],
            [
              21.3937141447865,
              43.1874114004505
            ],
            [
              21.3937708767198,
              43.1874714273791
            ],
            [
              21.3938356607636,
              43.1875398892538
            ],
            [
              21.3936941762775,
              43.1876338116062
            ],
            [
              21.3932764288226,
              43.1879066434239
            ],
            [
              21.3929930683675,
              43.1881106010564
            ],
            [
              21.3928804373595,
              43.1882343101432
            ],
            [
              21.3928582008375,
              43.1882580609667
            ],
            [
              21.3927816862255,
              43.1883353766737
            ],
            [
              21.3926552788062,
              43.1884594921203
            ],
            [
              21.3925236052906,
              43.1885874966467
            ],
            [
              21.39224833856,
              43.1888837830567
            ],
            [
              21.3922237339147,
              43.1889984595196
            ],
            [
              21.3921029138218,
              43.1891501008042
            ],
            [
              21.3920553815771,
              43.1893343483734
            ],
            [
              21.3921000866976,
              43.1894753432601
            ],
            [
              21.3921475191982,
              43.1895238812294
            ],
            [
              21.3921882753768,
              43.1896056579874
            ],
            [
              21.3922365416147,
              43.1897073032371
            ],
            [
              21.3921676641889,
              43.1897292327626
            ],
            [
              21.3922470442023,
              43.1900582455218
            ],
            [
              21.3922011221025,
              43.1903588806395
            ],
            [
              21.3922045793304,
              43.1904946148876
            ],
            [
              21.3922925332377,
              43.1906838917861
            ],
            [
              21.39230104809,
              43.1908024149629
            ],
            [
              21.3923186081508,
              43.1910455827358
            ],
            [
              21.3921990221843,
              43.1914849160857
            ],
            [
              21.3921472679888,
              43.1917015844729
            ],
            [
              21.3921102065587,
              43.1918499697001
            ],
            [
              21.3922084956584,
              43.1920389401518
            ],
            [
              21.3921557643396,
              43.1922758663083
            ],
            [
              21.3921628850379,
              43.1925601171814
            ],
            [
              21.3920761813382,
              43.1925655434654
            ],
            [
              21.3914721725174,
              43.1924827166046
            ],
            [
              21.3912085644749,
              43.1923948573425
            ],
            [
              21.3909717347274,
              43.1923769396872
            ],
            [
              21.3908900817218,
              43.1923258167468
            ],
            [
              21.3908034300865,
              43.192320080472
            ],
            [
              21.390608245369,
              43.1923689036563
            ],
            [
              21.3903937203017,
              43.1925292337738
            ],
            [
              21.3902379476128,
              43.1926424644429
            ],
            [
              21.3900530373914,
              43.1927590350582
            ],
            [
              21.3898605551246,
              43.1928653684363
            ],
            [
              21.3897048255175,
              43.1930046139146
            ],
            [
              21.3894731070143,
              43.1931513181032
            ],
            [
              21.3893381083405,
              43.1933005742436
            ],
            [
              21.3893157586561,
              43.1933457488972
            ],
            [
              21.389092267942,
              43.1935097071664
            ],
            [
              21.3889017726799,
              43.1936190928835
            ],
            [
              21.3887755928096,
              43.193608087472
            ],
            [
              21.3883503981715,
              43.1936093433556
            ],
            [
              21.3885146501182,
              43.1938412141488
            ],
            [
              21.388672730557,
              43.193953922119
            ],
            [
              21.3888571631572,
              43.1940703223076
            ],
            [
              21.3888464382354,
              43.1940863809479
            ],
            [
              21.3885280399552,
              43.1941656826065
            ],
            [
              21.3883668105543,
              43.1941957530662
            ],
            [
              21.3881988081973,
              43.1942248557555
            ],
            [
              21.3880306260529,
              43.1942452268819
            ],
            [
              21.3878415140444,
              43.194263328375
            ],
            [
              21.3878256170521,
              43.1944717733587
            ],
            [
              21.3877775146367,
              43.1946463894184
            ],
            [
              21.387689649629,
              43.1948948703535
            ],
            [
              21.3875465887348,
              43.1951122106038
            ],
            [
              21.387461290713,
              43.1952809256108
            ],
            [
              21.3873581922999,
              43.1955139750555
            ],
            [
              21.3873247593225,
              43.1955771918631
            ],
            [
              21.3872350344702,
              43.19563033557
            ],
            [
              21.3870759394681,
              43.1957645515322
            ],
            [
              21.3869523944449,
              43.1959171914567
            ],
            [
              21.3868762620364,
              43.196037624758
            ],
            [
              21.386825911221,
              43.1961688630053
            ],
            [
              21.3867394421924,
              43.1962505323185
            ],
            [
              21.3868806114154,
              43.1965480236716
            ],
            [
              21.3870476968956,
              43.1968961978346
            ],
            [
              21.3872549782151,
              43.1972378449982
            ],
            [
              21.3872916793364,
              43.1973788722659
            ],
            [
              21.3873487843588,
              43.1975939180452
            ],
            [
              21.3873521356476,
              43.1977725063082
            ],
            [
              21.3874078001512,
              43.1981284364601
            ],
            [
              21.3873527413131,
              43.1981385245272
            ],
            [
              21.3870190700374,
              43.1981995138364
            ],
            [
              21.387047853809,
              43.1982563094631
            ],
            [
              21.3869589330617,
              43.1984172948659
            ],
            [
              21.3868771395701,
              43.1986932118065
            ],
            [
              21.3867204713559,
              43.1991138641154
            ],
            [
              21.386716761731,
              43.1992661003676
            ],
            [
              21.3868480699477,
              43.1994433564279
            ],
            [
              21.3867872888133,
              43.1994631860118
            ],
            [
              21.3867370361127,
              43.1994747883417
            ],
            [
              21.3866310809622,
              43.1995113338982
            ],
            [
              21.3865874956044,
              43.1995264236865
            ],
            [
              21.3864691324593,
              43.1995661617857
            ],
            [
              21.3864135119536,
              43.1995848031188
            ],
            [
              21.3863226024485,
              43.1996463227051
            ],
            [
              21.386181583015,
              43.1997417693282
            ],
            [
              21.3860504872262,
              43.1998305205677
            ],
            [
              21.3860361174653,
              43.1998347094451
            ],
            [
              21.3858879946278,
              43.1998771578345
            ],
            [
              21.3858560146113,
              43.1998791557965
            ],
            [
              21.3857908256288,
              43.1998830657902
            ],
            [
              21.3856887498432,
              43.1998718865609
            ],
            [
              21.3855117378934,
              43.1998605095364
            ],
            [
              21.3853805176351,
              43.1998520387157
            ],
            [
              21.3853252136716,
              43.1998623967734
            ],
            [
              21.385141281704,
              43.1999631175474
            ],
            [
              21.3850492673762,
              43.2000058261895
            ],
            [
              21.3849225042886,
              43.20006008322
            ],
            [
              21.3848791863577,
              43.2000786833136
            ],
            [
              21.3847248432106,
              43.2000912643184
            ],
            [
              21.3846029679891,
              43.2001011254912
            ],
            [
              21.3844739650341,
              43.2005413074989
            ],
            [
              21.3843865980745,
              43.2008717948323
            ],
            [
              21.3842975866452,
              43.201214981614
            ],
            [
              21.3843036525153,
              43.2012597013867
            ],
            [
              21.3842731913849,
              43.2013075145232
            ],
            [
              21.38437281322,
              43.201631163001
            ],
            [
              21.3844328778078,
              43.2017702233839
            ],
            [
              21.3843994391915,
              43.2019698208612
            ],
            [
              21.38449094271,
              43.2021574760016
            ],
            [
              21.3844582903339,
              43.2022284315688
            ],
            [
              21.3843223950844,
              43.2025521508627
            ],
            [
              21.3841952302428,
              43.2028750311319
            ],
            [
              21.3841090908449,
              43.2030893895569
            ],
            [
              21.3840990350429,
              43.2031144484374
            ],
            [
              21.3840278897722,
              43.2031894051429
            ],
            [
              21.3839154694578,
              43.2032560376484
            ],
            [
              21.3837684129759,
              43.2032741758563
            ],
            [
              21.3835848036667,
              43.2034480818497
            ],
            [
              21.3835040628467,
              43.2035040757648
            ],
            [
              21.3833649831091,
              43.2036560478156
            ],
            [
              21.3833201528297,
              43.2037284846079
            ],
            [
              21.3833837609978,
              43.203746455673
            ],
            [
              21.3833651315359,
              43.2037778456457
            ],
            [
              21.3832269012007,
              43.2038694107753
            ],
            [
              21.3830453892945,
              43.2039857855828
            ],
            [
              21.3826426524945,
              43.2041851793753
            ],
            [
              21.3826596754803,
              43.2042901773141
            ],
            [
              21.3825393153428,
              43.2043273984689
            ],
            [
              21.3822009662852,
              43.2044140492677
            ],
            [
              21.3820618213125,
              43.2044384603765
            ],
            [
              21.3815848248526,
              43.2045115284708
            ],
            [
              21.3815547768583,
              43.2045274725539
            ],
            [
              21.3812507371918,
              43.2046307504509
            ],
            [
              21.3810426669432,
              43.2047318169418
            ],
            [
              21.3807261846096,
              43.2048923889115
            ],
            [
              21.380450355674,
              43.2050012428859
            ],
            [
              21.380249528837,
              43.2050805904884
            ],
            [
              21.3801159151401,
              43.2051835698331
            ],
            [
              21.3799071623919,
              43.2053341491558
            ],
            [
              21.3798291663629,
              43.2053773490993
            ],
            [
              21.3796469663491,
              43.2055830236128
            ],
            [
              21.3793544104673,
              43.2058726054033
            ],
            [
              21.3793400103694,
              43.2060307306827
            ],
            [
              21.3792792222055,
              43.2062096252319
            ],
            [
              21.3792005393549,
              43.2063604022882
            ],
            [
              21.379116748041,
              43.2065210095936
            ],
            [
              21.3790019942152,
              43.2068283635869
            ],
            [
              21.3789002603234,
              43.2070524956447
            ],
            [
              21.3788232183551,
              43.2071309795483
            ],
            [
              21.3787979645047,
              43.2071465468362
            ],
            [
              21.3785302204185,
              43.2073112744683
            ],
            [
              21.3781654116349,
              43.2075008990229
            ],
            [
              21.3777754927529,
              43.207630291512
            ],
            [
              21.3773775426517,
              43.2077749226871
            ],
            [
              21.3772876940366,
              43.207912142551
            ],
            [
              21.3772397047076,
              43.2079926006559
            ],
            [
              21.377231326433,
              43.2081304513749
            ],
            [
              21.3772810977908,
              43.2082188687702
            ],
            [
              21.377301213786,
              43.2082679539531
            ],
            [
              21.3773159567958,
              43.2084033880821
            ],
            [
              21.3773062313055,
              43.2084626542953
            ],
            [
              21.3772418568115,
              43.2086398504161
            ],
            [
              21.3772222995893,
              43.2087212043692
            ],
            [
              21.3770220679903,
              43.2087999148674
            ],
            [
              21.3769591118162,
              43.2088681793095
            ],
            [
              21.3768010027942,
              43.2089526019042
            ],
            [
              21.3763885396052,
              43.2091600242932
            ],
            [
              21.375973047017,
              43.2092755418857
            ],
            [
              21.3757509261195,
              43.2091773400756
            ],
            [
              21.3753294269884,
              43.2090368529695
            ],
            [
              21.3750878104399,
              43.2089699512963
            ],
            [
              21.3748125878483,
              43.2088613888912
            ],
            [
              21.3746274278321,
              43.2088095147887
            ],
            [
              21.3743309238402,
              43.2086821163375
            ],
            [
              21.3741130946715,
              43.2085805655354
            ],
            [
              21.3739554036786,
              43.2085328309439
            ],
            [
              21.3737774355454,
              43.2084895729107
            ],
            [
              21.3734974473747,
              43.2084260340392
            ],
            [
              21.3733862799465,
              43.2084193759108
            ],
            [
              21.3732690702815,
              43.208450817572
            ],
            [
              21.3731216410268,
              43.2085113448633
            ],
            [
              21.3729957390577,
              43.2085905253545
            ],
            [
              21.3728839716762,
              43.2087071094872
            ],
            [
              21.3728285566492,
              43.208781739551
            ],
            [
              21.3727182346305,
              43.2088733819581
            ],
            [
              21.3724573418364,
              43.2091157641832
            ],
            [
              21.3723936563549,
              43.2092469545649
            ],
            [
              21.3721648792903,
              43.2094286467234
            ],
            [
              21.372020185497,
              43.2095347160038
            ],
            [
              21.3719043052233,
              43.2096433910597
            ],
            [
              21.3716671497566,
              43.2097834300755
            ],
            [
              21.3714866520676,
              43.2098709805629
            ],
            [
              21.3712729327003,
              43.2099797042872
            ],
            [
              21.3712189163202,
              43.2100014855614
            ],
            [
              21.3711373633061,
              43.2100281277599
            ],
            [
              21.3709572445193,
              43.2100768765274
            ],
            [
              21.3707745720132,
              43.2101306741447
            ],
            [
              21.3705567344246,
              43.2101695528515
            ],
            [
              21.3704305580816,
              43.2101843672617
            ],
            [
              21.3702863409923,
              43.2102074315434
            ],
            [
              21.3700918952308,
              43.2102275082811
            ],
            [
              21.3699098252334,
              43.2102388127711
            ],
            [
              21.3697735453702,
              43.2102312427085
            ],
            [
              21.3693888976816,
              43.2102409533694
            ],
            [
              21.3692125890936,
              43.2102282017773
            ],
            [
              21.3689800294578,
              43.2102136512059
            ],
            [
              21.3688772924695,
              43.2102176753564
            ],
            [
              21.368717066388,
              43.2102389892283
            ],
            [
              21.3682891519382,
              43.2102166976886
            ],
            [
              21.368253944368,
              43.2102148308792
            ],
            [
              21.3680973792675,
              43.2101904915407
            ],
            [
              21.3678850527014,
              43.2101433755102
            ],
            [
              21.3675042984978,
              43.2100229838408
            ],
            [
              21.3674353934422,
              43.2100045716426
            ],
            [
              21.3673526044868,
              43.2099695497052
            ],
            [
              21.3672748056949,
              43.2099454947777
            ],
            [
              21.3672381278928,
              43.2099244576669
            ],
            [
              21.366945536783,
              43.2098320469966
            ],
            [
              21.3669170410722,
              43.2098207059642
            ],
            [
              21.3667075554572,
              43.2097546731655
            ],
            [
              21.3664889609259,
              43.2096883098732
            ],
            [
              21.3663147229993,
              43.2096101907212
            ],
            [
              21.3660212241704,
              43.2094276682735
            ],
            [
              21.3657898930417,
              43.2093096715421
            ],
            [
              21.3656237474568,
              43.2091851627096
            ],
            [
              21.3655010421674,
              43.2091218209867
            ],
            [
              21.3653907166058,
              43.2090708616439
            ],
            [
              21.3651069102699,
              43.2090057845287
            ],
            [
              21.3649494889445,
              43.2089033841414
            ],
            [
              21.364948401404,
              43.2089026762355
            ],
            [
              21.3645323503189,
              43.2086397916266
            ],
            [
              21.364151057588,
              43.2083030648693
            ],
            [
              21.363951426165,
              43.208134371201
            ],
            [
              21.3637510739645,
              43.2079270607972
            ],
            [
              21.3636865165704,
              43.2079148448867
            ],
            [
              21.3635949418398,
              43.2075200273039
            ],
            [
              21.3636431034103,
              43.2073831289775
            ],
            [
              21.3636735576569,
              43.2070422941719
            ],
            [
              21.3636503707571,
              43.2066828171265
            ],
            [
              21.3635752044758,
              43.2065422622174
            ],
            [
              21.3635487311719,
              43.2063539290959
            ],
            [
              21.3634547872365,
              43.2060567042351
            ],
            [
              21.3634616056511,
              43.2056523898394
            ],
            [
              21.3635119912679,
              43.205558334482
            ],
            [
              21.3635144813001,
              43.2053155349781
            ],
            [
              21.3635264591394,
              43.2051367111148
            ],
            [
              21.3634648750562,
              43.2049623541087
            ],
            [
              21.3633080317947,
              43.2048267418112
            ],
            [
              21.3630765869949,
              43.2046656214775
            ],
            [
              21.3629257286299,
              43.2043156449432
            ],
            [
              21.3627927275635,
              43.2039678618506
            ],
            [
              21.3626292164068,
              43.2036002801816
            ],
            [
              21.3626591787537,
              43.2034242799701
            ],
            [
              21.3624916417989,
              43.2032071398171
            ],
            [
              21.3624763633259,
              43.2031210370033
            ],
            [
              21.3624430683061,
              43.2029435272327
            ],
            [
              21.3623578832274,
              43.2027727552833
            ],
            [
              21.3622229593939,
              43.2026181656236
            ],
            [
              21.3620648298041,
              43.2024721128157
            ],
            [
              21.3619035362919,
              43.2023733312735
            ],
            [
              21.3618415909114,
              43.2023856818339
            ],
            [
              21.3617002251815,
              43.2022235506237
            ],
            [
              21.3613899918296,
              43.2020543050397
            ],
            [
              21.3611364419028,
              43.2018570612895
            ],
            [
              21.3610011398941,
              43.201679425472
            ],
            [
              21.3609796961591,
              43.2016324117436
            ],
            [
              21.3608557476707,
              43.2012737028048
            ],
            [
              21.3607185493866,
              43.2009213370175
            ],
            [
              21.3606871006415,
              43.2007433706055
            ],
            [
              21.3607069652344,
              43.2003581878004
            ],
            [
              21.3607172686511,
              43.1999584509975
            ],
            [
              21.3607128304546,
              43.1997909313682
            ],
            [
              21.36066284184,
              43.1994950933771
            ],
            [
              21.3606839332788,
              43.1991301610413
            ],
            [
              21.3606958054401,
              43.199077819437
            ],
            [
              21.3608808141203,
              43.1988614449193
            ],
            [
              21.361198966644,
              43.1985017784105
            ],
            [
              21.3614873977745,
              43.1982139539841
            ],
            [
              21.3617752298282,
              43.1979706025511
            ],
            [
              21.3619046271251,
              43.1978180505696
            ],
            [
              21.3623177887775,
              43.1974838240359
            ],
            [
              21.3626193672275,
              43.1971943342136
            ],
            [
              21.3626779604648,
              43.1971364423328
            ],
            [
              21.3627264467288,
              43.1970343798622
            ],
            [
              21.362875955832,
              43.1966441901956
            ],
            [
              21.3629027759547,
              43.1965403071597
            ],
            [
              21.3629800009218,
              43.1963056383309
            ],
            [
              21.3630342083285,
              43.1960695125711
            ],
            [
              21.3631377839838,
              43.1957145787412
            ],
            [
              21.3632926341802,
              43.1953748738435
            ],
            [
              21.3635511094849,
              43.1950395174556
            ],
            [
              21.3636822815528,
              43.1947324763988
            ],
            [
              21.3638773862713,
              43.1942938918543
            ],
            [
              21.3639965225414,
              43.1941349811634
            ],
            [
              21.3640441981036,
              43.1939598253226
            ],
            [
              21.364119184141,
              43.1939077336124
            ],
            [
              21.3642479483657,
              43.1937548261052
            ],
            [
              21.3643568362844,
              43.1935904592436
            ],
            [
              21.3644354875133,
              43.1933490392976
            ],
            [
              21.3645141962445,
              43.1931790071494
            ],
            [
              21.3645544841055,
              43.193003246072
            ],
            [
              21.364618568459,
              43.1926099159223
            ],
            [
              21.3646535451642,
              43.1922458458553
            ],
            [
              21.364620010457,
              43.1918844245096
            ],
            [
              21.364607670108,
              43.1915286076976
            ],
            [
              21.364568480157,
              43.1913940598508
            ],
            [
              21.3644465325778,
              43.1910398510737
            ],
            [
              21.3643157719148,
              43.1906932333208
            ],
            [
              21.3641050540613,
              43.1903686542463
            ],
            [
              21.363912666598,
              43.1901057757344
            ],
            [
              21.3635148361542,
              43.1897636207085
            ],
            [
              21.3634551792673,
              43.1896627180884
            ],
            [
              21.3634693951463,
              43.1895914649326
            ],
            [
              21.3633985092022,
              43.1895053621896
            ],
            [
              21.3630440042181,
              43.1893099826508
            ],
            [
              21.3627316283229,
              43.1891439951189
            ],
            [
              21.3623815897001,
              43.18897479606
            ],
            [
              21.3621475668159,
              43.1888468146295
            ],
            [
              21.361824369283,
              43.1886809498069
            ],
            [
              21.3615730613891,
              43.1886252203905
            ],
            [
              21.3610669589416,
              43.1885894795012
            ],
            [
              21.3608830895878,
              43.1885577486738
            ],
            [
              21.360561125368,
              43.1885161063454
            ],
            [
              21.3605582814452,
              43.188515701088
            ],
            [
              21.3599511347208,
              43.1884295596261
            ],
            [
              21.3593653065405,
              43.1883928949893
            ],
            [
              21.3587742574454,
              43.1883261767585
            ],
            [
              21.3581601858394,
              43.1882144279978
            ],
            [
              21.3580125088503,
              43.1881023700523
            ],
            [
              21.3578701153818,
              43.1879264694902
            ],
            [
              21.3577692122693,
              43.1875043193838
            ],
            [
              21.3576998945508,
              43.1870556935976
            ],
            [
              21.3577524385761,
              43.1866394488526
            ],
            [
              21.3577350598916,
              43.1862784302377
            ],
            [
              21.3577192852241,
              43.1860443398385
            ],
            [
              21.3577353768067,
              43.1856857423742
            ],
            [
              21.357781494636,
              43.1853284908571
            ],
            [
              21.3579194317533,
              43.185166919665
            ],
            [
              21.358234714082,
              43.1848924413208
            ],
            [
              21.3583613976283,
              43.1847002984485
            ],
            [
              21.3580746984641,
              43.1846691615688
            ],
            [
              21.3579493741236,
              43.1846538953071
            ],
            [
              21.3578725602173,
              43.1846456765069
            ],
            [
              21.3578351788024,
              43.1846484957655
            ],
            [
              21.3577073566313,
              43.1847103837667
            ],
            [
              21.3576594018484,
              43.1847144066475
            ],
            [
              21.3576311107512,
              43.1847149462248
            ],
            [
              21.3576110637117,
              43.1847160003144
            ],
            [
              21.3575112991821,
              43.1847169460402
            ],
            [
              21.3573432623657,
              43.1847183777821
            ],
            [
              21.3571721473754,
              43.1847406136425
            ],
            [
              21.3567056966066,
              43.1846852864902
            ],
            [
              21.3566657150189,
              43.1847062968408
            ],
            [
              21.3566291432796,
              43.1847211759945
            ],
            [
              21.3565926938645,
              43.1847361439026
            ],
            [
              21.35655858979,
              43.18475236516
            ],
            [
              21.3565222848723,
              43.1847710236576
            ],
            [
              21.3561706405696,
              43.18486701405
            ],
            [
              21.3558229100291,
              43.1850014290227
            ],
            [
              21.3552752228617,
              43.1850647291954
            ],
            [
              21.3551299473982,
              43.1850668974353
            ],
            [
              21.3550011340485,
              43.1850649631584
            ],
            [
              21.3549396178257,
              43.1850640761458
            ],
            [
              21.3543755801084,
              43.1852346382306
            ],
            [
              21.3542373906167,
              43.1852914244351
            ],
            [
              21.3538101955207,
              43.1854910794447
            ],
            [
              21.353756962194,
              43.1855181629631
            ],
            [
              21.3532378738916,
              43.1857613138945
            ],
            [
              21.3527159161138,
              43.1859981697595
            ],
            [
              21.3522651722134,
              43.1861695373074
            ],
            [
              21.3517165289745,
              43.1863671342561
            ],
            [
              21.3511354557334,
              43.1865103698657
            ],
            [
              21.3507923584583,
              43.1865557285923
            ],
            [
              21.3505687081116,
              43.1865782101888
            ],
            [
              21.3504115787653,
              43.1866159677548
            ],
            [
              21.3498140034224,
              43.1866931727806
            ],
            [
              21.3492675469594,
              43.1868670768071
            ],
            [
              21.3489414029783,
              43.1869729615152
            ],
            [
              21.3486920061657,
              43.1870540319532
            ],
            [
              21.3481908739175,
              43.1872378735392
            ],
            [
              21.3476343529711,
              43.1874174724951
            ],
            [
              21.347198193732,
              43.1877122826401
            ],
            [
              21.3469667447716,
              43.1878773716016
            ],
            [
              21.3467935097233,
              43.1880253564595
            ],
            [
              21.3466348663268,
              43.1882078653033
            ],
            [
              21.3462986619923,
              43.1885787908838
            ],
            [
              21.3459841989793,
              43.1889224624721
            ],
            [
              21.3459606253725,
              43.1889524215285
            ],
            [
              21.3455830120184,
              43.1893121304488
            ],
            [
              21.345210774031,
              43.1896656094849
            ],
            [
              21.345011278375,
              43.1898703865429
            ],
            [
              21.3447603236867,
              43.1897664597714
            ],
            [
              21.3446763313127,
              43.1897295384078
            ],
            [
              21.3445895113166,
              43.1896928947417
            ],
            [
              21.3444226645072,
              43.189624358394
            ],
            [
              21.3442601809516,
              43.1895008966199
            ],
            [
              21.3440168201041,
              43.1893904637181
            ],
            [
              21.343724816901,
              43.1892501112813
            ],
            [
              21.3436939643187,
              43.1892331912356
            ],
            [
              21.3435373902354,
              43.1891533703552
            ],
            [
              21.3434301310932,
              43.189113727351
            ],
            [
              21.3432844654112,
              43.1890482756252
            ],
            [
              21.3431243169652,
              43.1889672942797
            ],
            [
              21.3430200623866,
              43.1889146794953
            ],
            [
              21.3429879997074,
              43.1889013638983
            ],
            [
              21.3427973828605,
              43.188849460723
            ],
            [
              21.3427728439586,
              43.1888393633435
            ],
            [
              21.3426950326058,
              43.1888071918326
            ],
            [
              21.3426695691292,
              43.1887860240198
            ],
            [
              21.34262804585,
              43.1887532025832
            ],
            [
              21.342623376679,
              43.1887476804261
            ],
            [
              21.3426240763694,
              43.1887473631634
            ],
            [
              21.3425843668586,
              43.1887523455578
            ],
            [
              21.3424757740225,
              43.1888247818672
            ],
            [
              21.3424251942268,
              43.1888872292438
            ],
            [
              21.3423010821977,
              43.1889567420564
            ],
            [
              21.3421688411065,
              43.1890680486256
            ],
            [
              21.3421069126666,
              43.1891471841425
            ],
            [
              21.3420236153135,
              43.1892766166808
            ],
            [
              21.3418400277599,
              43.1892931065266
            ],
            [
              21.3414233956217,
              43.1894136459477
            ],
            [
              21.3412078605189,
              43.1894810936184
            ],
            [
              21.3411186938902,
              43.1895079200105
            ],
            [
              21.3410513732521,
              43.1895255872846
            ],
            [
              21.3406037155174,
              43.1896644914019
            ],
            [
              21.3404554726213,
              43.189740179282
            ],
            [
              21.3404091491051,
              43.1897638322044
            ],
            [
              21.3400743479471,
              43.1898420978894
            ],
            [
              21.3396160378285,
              43.1899492357209
            ],
            [
              21.339095518659,
              43.1900624281292
            ],
            [
              21.3387015838657,
              43.1901517491214
            ],
            [
              21.3385388935505,
              43.1901878895688
            ],
            [
              21.3384246852709,
              43.1901814828753
            ],
            [
              21.3383250322674,
              43.1901817839103
            ],
            [
              21.3382326343864,
              43.1901812529799
            ],
            [
              21.3381391366343,
              43.1901823451856
            ],
            [
              21.3381074860631,
              43.1901831969276
            ],
            [
              21.3378579312674,
              43.1901899457414
            ],
            [
              21.3377758929439,
              43.1901940636335
            ],
            [
              21.3374810161414,
              43.1901766784406
            ],
            [
              21.3371871440947,
              43.1901631597809
            ],
            [
              21.3371040025989,
              43.1901459463173
            ],
            [
              21.3368521884394,
              43.1900824461003
            ],
            [
              21.3367526285141,
              43.1900573421058
            ],
            [
              21.3366273671948,
              43.1900279391265
            ],
            [
              21.3363982084893,
              43.1899741468367
            ],
            [
              21.3363932548253,
              43.1898351681113
            ],
            [
              21.336398613585,
              43.1896703234441
            ],
            [
              21.3363966888136,
              43.1895009086499
            ],
            [
              21.3363985698045,
              43.1894629137481
            ],
            [
              21.3363140998988,
              43.1894456135661
            ],
            [
              21.3362997885435,
              43.1894426858575
            ],
            [
              21.3362974132212,
              43.1894426568205
            ],
            [
              21.3361970534568,
              43.189441553333
            ],
            [
              21.3359832152314,
              43.1894391342872
            ],
            [
              21.3359066146005,
              43.1894387243752
            ],
            [
              21.335885526751,
              43.1894386169973
            ],
            [
              21.3356145505933,
              43.1894265560862
            ],
            [
              21.335594399187,
              43.189424410827
            ],
            [
              21.3355241936714,
              43.1894169239526
            ],
            [
              21.3353768080619,
              43.189417365094
            ],
            [
              21.3352720516818,
              43.1894334322941
            ],
            [
              21.3351289925082,
              43.1894553755618
            ],
            [
              21.335089782144,
              43.189506354818
            ],
            [
              21.3346975074281,
              43.1895181503171
            ],
            [
              21.334636331699,
              43.1895350772589
            ],
            [
              21.3346033259108,
              43.1895310973282
            ],
            [
              21.3344950011436,
              43.1895180347805
            ],
            [
              21.3344027743178,
              43.1895486477949
            ],
            [
              21.3340050944044,
              43.1895171563271
            ],
            [
              21.3338903453009,
              43.1896132814274
            ],
            [
              21.3338863552174,
              43.189639417743
            ],
            [
              21.3338763341094,
              43.1897051458705
            ],
            [
              21.3339581116208,
              43.1898546080744
            ],
            [
              21.3340088170583,
              43.1900138851948
            ],
            [
              21.334010832909,
              43.190013663195
            ],
            [
              21.334102913904,
              43.1900035313975
            ],
            [
              21.3342190707028,
              43.1899907529291
            ],
            [
              21.3346678254438,
              43.1900024656373
            ],
            [
              21.3349313648742,
              43.1900107523432
            ],
            [
              21.3350234443411,
              43.1900136452243
            ],
            [
              21.3354619842235,
              43.1900468116038
            ],
            [
              21.335813533555,
              43.1900786153107
            ],
            [
              21.3358124950544,
              43.1900797709708
            ],
            [
              21.3356940693791,
              43.1902113955996
            ],
            [
              21.3356307727718,
              43.1903118693401
            ],
            [
              21.3356365250315,
              43.1903952115138
            ],
            [
              21.3356306494636,
              43.1904672462778
            ],
            [
              21.3356287566259,
              43.1905031709964
            ],
            [
              21.3356537816978,
              43.1906898909263
            ],
            [
              21.3355074820905,
              43.1907094137805
            ],
            [
              21.3352400848604,
              43.1907001861019
            ],
            [
              21.3352218722813,
              43.1906995569043
            ],
            [
              21.335020736201,
              43.1906588384361
            ],
            [
              21.3348573299114,
              43.1906103560291
            ],
            [
              21.3346845302619,
              43.1905988366722
            ],
            [
              21.3346156069244,
              43.1905942450305
            ],
            [
              21.334682357888,
              43.1907402405768
            ],
            [
              21.3346349969651,
              43.1908750545908
            ],
            [
              21.334651898745,
              43.1909056114974
            ],
            [
              21.3348031432017,
              43.1909548420638
            ],
            [
              21.3348174285475,
              43.1909594890472
            ],
            [
              21.3348361216509,
              43.1910182895758
            ],
            [
              21.3348589972657,
              43.1910902563529
            ],
            [
              21.3349100905459,
              43.1912523224839
            ],
            [
              21.3348965871673,
              43.191277938284
            ],
            [
              21.3348797486499,
              43.1913098653885
            ],
            [
              21.3348754499996,
              43.1913179975794
            ],
            [
              21.3348749019079,
              43.191319043738
            ],
            [
              21.3348429891205,
              43.1913438597612
            ],
            [
              21.3346644370708,
              43.1914827027915
            ],
            [
              21.3346011166964,
              43.1915570702587
            ],
            [
              21.3345875100351,
              43.1915662931246
            ],
            [
              21.3345684057756,
              43.1915689693835
            ],
            [
              21.3344914834187,
              43.1915797686138
            ],
            [
              21.3344871927808,
              43.1915803664686
            ],
            [
              21.33448751454,
              43.1916386093326
            ],
            [
              21.3345035133618,
              43.191686110486
            ],
            [
              21.3345184100875,
              43.191730338921
            ],
            [
              21.3344480490272,
              43.1917640198882
            ],
            [
              21.3343075954958,
              43.1918312530394
            ],
            [
              21.3342288268964,
              43.1919600398842
            ],
            [
              21.3341205778168,
              43.1920529954155
            ],
            [
              21.3340751079688,
              43.1921517953421
            ],
            [
              21.3340767971413,
              43.1922796213246
            ],
            [
              21.3339895252426,
              43.1923839470354
            ],
            [
              21.3340033086614,
              43.1924068617742
            ],
            [
              21.3340426503432,
              43.1925353846512
            ],
            [
              21.3339937050443,
              43.192921139082
            ],
            [
              21.3339935989458,
              43.1929219948454
            ],
            [
              21.3338705997245,
              43.1930180557088
            ],
            [
              21.3337621801203,
              43.193460026572
            ],
            [
              21.3337582868509,
              43.1935127906036
            ],
            [
              21.3337560317596,
              43.1935321430409
            ],
            [
              21.3337393727662,
              43.1936751568471
            ],
            [
              21.3337910165528,
              43.193693808156
            ],
            [
              21.3337917675778,
              43.1936940842124
            ],
            [
              21.3337865003642,
              43.1937115373259
            ],
            [
              21.3337783558393,
              43.1937385051741
            ],
            [
              21.3339037112892,
              43.1938912583782
            ],
            [
              21.3339213178816,
              43.1940496432944
            ],
            [
              21.3339698133316,
              43.1941198956629
            ],
            [
              21.3339891241086,
              43.1941544869604
            ],
            [
              21.3340606515805,
              43.1942826537891
            ],
            [
              21.3340738502793,
              43.1944004526189
            ],
            [
              21.3340607465415,
              43.1944785406567
            ],
            [
              21.334136463862,
              43.194554112723
            ],
            [
              21.3341279645703,
              43.1945970326837
            ],
            [
              21.3341120439169,
              43.1946774251685
            ],
            [
              21.3341553756159,
              43.1947706492988
            ],
            [
              21.3342610095685,
              43.1949386750464
            ],
            [
              21.3343153246744,
              43.1950712872145
            ],
            [
              21.3343161355189,
              43.1950732739993
            ],
            [
              21.3343045452489,
              43.1950910616766
            ],
            [
              21.3342777030967,
              43.1951322640026
            ],
            [
              21.3342670037085,
              43.1951599417159
            ],
            [
              21.3342664466581,
              43.195161384107
            ],
            [
              21.3342643591986,
              43.1951667822636
            ],
            [
              21.3342856516089,
              43.1954353468146
            ],
            [
              21.3342935352566,
              43.195486176428
            ],
            [
              21.3343095077781,
              43.1955891236349
            ],
            [
              21.3341794412296,
              43.1957228003599
            ],
            [
              21.3341743142575,
              43.195728072321
            ],
            [
              21.3341428033492,
              43.1959041608129
            ],
            [
              21.3341466829761,
              43.196045403725
            ],
            [
              21.3341468044757,
              43.1960496257073
            ],
            [
              21.3341088324536,
              43.1961741951454
            ],
            [
              21.3340646234283,
              43.1963192182065
            ],
            [
              21.3339738441045,
              43.196368461989
            ],
            [
              21.3339710569199,
              43.1963762385407
            ],
            [
              21.3339603933834,
              43.1964060412407
            ],
            [
              21.3339331662587,
              43.1964332196705
            ],
            [
              21.3339250294762,
              43.1964413459122
            ],
            [
              21.3339296048506,
              43.1965125395806
            ],
            [
              21.3338750841284,
              43.1966172638936
            ],
            [
              21.3338406036979,
              43.1966834874396
            ],
            [
              21.3338385386511,
              43.1966862399202
            ],
            [
              21.3337669497957,
              43.1967816517224
            ],
            [
              21.3337434388551,
              43.1970702439357
            ],
            [
              21.3337796349351,
              43.197185724461
            ],
            [
              21.3337497969762,
              43.1972860985229
            ],
            [
              21.3337438457215,
              43.1973449908648
            ],
            [
              21.3336982629203,
              43.1974821593011
            ],
            [
              21.3336976331567,
              43.1974840422342
            ],
            [
              21.3336975014042,
              43.1974844838522
            ],
            [
              21.3336761225038,
              43.1975816815476
            ],
            [
              21.3336390693044,
              43.197585401422
            ],
            [
              21.3336050423,
              43.1975888252081
            ],
            [
              21.3335373538635,
              43.1976533022031
            ],
            [
              21.333532099369,
              43.1977090957592
            ],
            [
              21.3335304944699,
              43.1977260609193
            ],
            [
              21.3334663845997,
              43.1978593950056
            ],
            [
              21.3333241293039,
              43.1978789924096
            ],
            [
              21.3330856510511,
              43.1978758302202
            ],
            [
              21.3329747305984,
              43.1978654473306
            ],
            [
              21.3328318946622,
              43.1979585040098
            ],
            [
              21.3326621302189,
              43.1980617502662
            ],
            [
              21.3326181417368,
              43.1980885007591
            ],
            [
              21.3325657138747,
              43.1981223598183
            ],
            [
              21.3323502370813,
              43.1982615072174
            ],
            [
              21.3322448117422,
              43.1983107912577
            ],
            [
              21.3322142942029,
              43.198323898971
            ],
            [
              21.3322072481067,
              43.198326926123
            ],
            [
              21.3321008365342,
              43.1981742044388
            ],
            [
              21.3320331109975,
              43.19805269527
            ],
            [
              21.3319756729003,
              43.1978775931449
            ],
            [
              21.3319746285745,
              43.1976872263658
            ],
            [
              21.3319746152527,
              43.1976847690031
            ],
            [
              21.331865566376,
              43.1977014488417
            ],
            [
              21.3318446290241,
              43.1977046531381
            ],
            [
              21.3318419615636,
              43.197705057085
            ],
            [
              21.3317395698571,
              43.1977466796128
            ],
            [
              21.331544323405,
              43.1977962297278
            ],
            [
              21.3314482154965,
              43.1978393645949
            ],
            [
              21.3313521891267,
              43.1978748468927
            ],
            [
              21.3309470411385,
              43.198016927096
            ],
            [
              21.3308305589635,
              43.1980605895261
            ],
            [
              21.3305149326338,
              43.1981788879378
            ],
            [
              21.3300394227654,
              43.1984596182723
            ],
            [
              21.3297099385911,
              43.1986679921994
            ],
            [
              21.3295930812876,
              43.1987196461773
            ],
            [
              21.3295923205722,
              43.1987198644833
            ],
            [
              21.3295502062759,
              43.198732014369
            ],
            [
              21.3294983583608,
              43.1987505487379
            ],
            [
              21.3294531896075,
              43.1987666865914
            ],
            [
              21.3294124513992,
              43.1987783912301
            ],
            [
              21.3293696498199,
              43.1987906961091
            ],
            [
              21.32933612092,
              43.1988022268843
            ],
            [
              21.3293029107342,
              43.1988132884844
            ],
            [
              21.3292755697232,
              43.1988223881533
            ],
            [
              21.3291899507209,
              43.1988486547156
            ],
            [
              21.3290052488206,
              43.1988737969466
            ],
            [
              21.3289777312643,
              43.1988775410166
            ],
            [
              21.3289605204069,
              43.1988780056248
            ],
            [
              21.3287549292933,
              43.1988835924298
            ],
            [
              21.3286734304794,
              43.198898324266
            ],
            [
              21.3285448731753,
              43.1989255250214
            ],
            [
              21.3284216273588,
              43.1989564914866
            ],
            [
              21.328357288139,
              43.1989704075317
            ],
            [
              21.3282638226651,
              43.1989906195034
            ],
            [
              21.3281734670621,
              43.199012820636
            ],
            [
              21.3281155040181,
              43.1990270604362
            ],
            [
              21.328077874632,
              43.1990358030203
            ],
            [
              21.3279922452372,
              43.1990556852362
            ],
            [
              21.3278472157401,
              43.199092935825
            ],
            [
              21.3277607861807,
              43.1991151253808
            ],
            [
              21.3277571859912,
              43.1991160532805
            ],
            [
              21.3277433110427,
              43.1990533496161
            ],
            [
              21.3277078959036,
              43.1990347274531
            ],
            [
              21.3276403576439,
              43.1990371747826
            ],
            [
              21.3275463745256,
              43.1990644545914
            ],
            [
              21.3274241299108,
              43.1990986579306
            ],
            [
              21.3273740965745,
              43.1991298603518
            ],
            [
              21.3272420412174,
              43.1992157645211
            ],
            [
              21.327065857024,
              43.1992873924768
            ],
            [
              21.326918510547,
              43.1993217579809
            ],
            [
              21.3268037254346,
              43.1993474586514
            ],
            [
              21.326775949959,
              43.1993536792391
            ],
            [
              21.3267252517254,
              43.1993690213787
            ],
            [
              21.3266302551001,
              43.1993977611998
            ],
            [
              21.3264892674524,
              43.1994475016439
            ],
            [
              21.3264696229371,
              43.1994555701435
            ],
            [
              21.3263674123921,
              43.1994721423803
            ],
            [
              21.3263214820478,
              43.1994795852658
            ],
            [
              21.3260472422658,
              43.1995308811818
            ],
            [
              21.326036471964,
              43.1995324426856
            ],
            [
              21.325833185396,
              43.1995619271276
            ],
            [
              21.325631512138,
              43.1995893004016
            ],
            [
              21.3255736235545,
              43.1995971552224
            ],
            [
              21.3254832998462,
              43.1996138990507
            ],
            [
              21.325293849157,
              43.1996490053677
            ],
            [
              21.325108299577,
              43.1996772944831
            ],
            [
              21.3250711933518,
              43.1996829558615
            ],
            [
              21.3250158225448,
              43.1996921260462
            ],
            [
              21.3248101984968,
              43.1997261978357
            ],
            [
              21.324564803264,
              43.1997648043309
            ],
            [
              21.3244495474523,
              43.1997949334177
            ],
            [
              21.3240709033786,
              43.1998356320663
            ],
            [
              21.3239094889002,
              43.1998604731815
            ],
            [
              21.3236107181472,
              43.1999064505559
            ],
            [
              21.3235792199891,
              43.1999138416112
            ],
            [
              21.3234030284543,
              43.1999552079287
            ],
            [
              21.3233167680348,
              43.1999773306134
            ],
            [
              21.3228901596538,
              43.2001610259959
            ],
            [
              21.3228858422102,
              43.2001613443429
            ],
            [
              21.3227921293492,
              43.200168238094
            ],
            [
              21.3226695315386,
              43.2002570980699
            ],
            [
              21.322655337162,
              43.2002673828235
            ],
            [
              21.3226448433423,
              43.2003093088884
            ],
            [
              21.3226250972572,
              43.2003881877834
            ],
            [
              21.3225945273441,
              43.2004727774001
            ],
            [
              21.3225860520238,
              43.2004962343969
            ],
            [
              21.32246456819,
              43.200858735891
            ],
            [
              21.3224413152731,
              43.2009285685399
            ],
            [
              21.3223233064928,
              43.2011120975902
            ],
            [
              21.3222009097271,
              43.2013037413573
            ],
            [
              21.3224237251575,
              43.2014139208463
            ],
            [
              21.3225238060975,
              43.2014448717737
            ],
            [
              21.3227082332329,
              43.2015092490353
            ],
            [
              21.3228932205309,
              43.2015516320852
            ],
            [
              21.3229026446012,
              43.2015537927439
            ],
            [
              21.3229187982019,
              43.2015578605264
            ],
            [
              21.3231958996236,
              43.2016276690967
            ],
            [
              21.3234332307782,
              43.2017132289059
            ],
            [
              21.3235928946148,
              43.2017719143954
            ],
            [
              21.3238077875959,
              43.2018493452555
            ],
            [
              21.3237899583076,
              43.2018747828436
            ],
            [
              21.3238573899484,
              43.2018976342676
            ],
            [
              21.3238150082219,
              43.2019568993123
            ],
            [
              21.3237146449457,
              43.2021126271424
            ],
            [
              21.3236469633283,
              43.202217632257
            ],
            [
              21.3235034782505,
              43.2024188712765
            ],
            [
              21.3235032106348,
              43.2024192412284
            ],
            [
              21.3234788927686,
              43.202437198848
            ],
            [
              21.3234239093074,
              43.2024778027862
            ],
            [
              21.3234103557065,
              43.2024882929278
            ],
            [
              21.3233791796367,
              43.2025124084587
            ],
            [
              21.323353069092,
              43.2025309915465
            ],
            [
              21.3233120024855,
              43.2025602227029
            ],
            [
              21.3232957196714,
              43.202644799113
            ],
            [
              21.3232558641865,
              43.2027623905476
            ],
            [
              21.323254200416,
              43.2027664365854
            ],
            [
              21.3232281686048,
              43.2028298055008
            ],
            [
              21.3232219691536,
              43.2028371681993
            ],
            [
              21.3231367058723,
              43.2029384523765
            ],
            [
              21.3230686711971,
              43.2030100333605
            ],
            [
              21.3229446752412,
              43.2031379655914
            ],
            [
              21.3228866914845,
              43.2031977965963
            ],
            [
              21.3228320730123,
              43.2032702391471
            ],
            [
              21.3227304691879,
              43.2033699122472
            ],
            [
              21.322662406233,
              43.2034365413468
            ],
            [
              21.3224747381587,
              43.2036193691401
            ],
            [
              21.3224121862104,
              43.2036812109322
            ],
            [
              21.3223731981078,
              43.2037313737558
            ],
            [
              21.3223566284057,
              43.2037856128887
            ],
            [
              21.3223634664627,
              43.2037987369682
            ],
            [
              21.3223467443121,
              43.2038242603507
            ],
            [
              21.3221816443469,
              43.2040168338471
            ],
            [
              21.322048382509,
              43.2041568710632
            ],
            [
              21.3220476480234,
              43.20415764754
            ],
            [
              21.3219613987646,
              43.2042640987245
            ],
            [
              21.321959625365,
              43.2042662819663
            ],
            [
              21.3219380114282,
              43.2042883540222
            ],
            [
              21.3218111653958,
              43.2044178490402
            ],
            [
              21.321690073733,
              43.2045513600655
            ],
            [
              21.3216783049845,
              43.2045643293925
            ],
            [
              21.3216046262264,
              43.2046400666446
            ],
            [
              21.3215176584093,
              43.2047388852721
            ],
            [
              21.3214294763859,
              43.2048409489562
            ],
            [
              21.321400486547,
              43.2048738887626
            ],
            [
              21.3213837096149,
              43.2048869981945
            ],
            [
              21.3213635993437,
              43.2049027103575
            ],
            [
              21.321295399127,
              43.2048511425615
            ],
            [
              21.3212502886068,
              43.2048238146336
            ],
            [
              21.3212363886899,
              43.2048153927929
            ],
            [
              21.3211680232163,
              43.2048024440899
            ],
            [
              21.3211464325863,
              43.2047919727335
            ],
            [
              21.3208958370673,
              43.2047821529394
            ],
            [
              21.3206479035184,
              43.2048100424651
            ],
            [
              21.3205946683379,
              43.2048051615981
            ],
            [
              21.3205831434522,
              43.2048041052179
            ],
            [
              21.3205675932892,
              43.2048046890763
            ],
            [
              21.3204823806766,
              43.2048079020833
            ],
            [
              21.320216938762,
              43.2049226194721
            ],
            [
              21.3199202775039,
              43.2050444472589
            ],
            [
              21.3196008958795,
              43.2051751597083
            ],
            [
              21.3193682965578,
              43.2052667104795
            ],
            [
              21.3193652377283,
              43.205267916651
            ],
            [
              21.3193813193357,
              43.2053538401759
            ],
            [
              21.3194238272199,
              43.2054571528429
            ],
            [
              21.3194941680325,
              43.2056112475356
            ],
            [
              21.3195560623463,
              43.2057505133282
            ],
            [
              21.3196233513761,
              43.2057924523106
            ],
            [
              21.3196871584204,
              43.2058509643321
            ],
            [
              21.319747216363,
              43.2058753704751
            ],
            [
              21.3197846337444,
              43.2059235151785
            ],
            [
              21.3199649561756,
              43.2060010516234
            ],
            [
              21.3200696629979,
              43.2060910449232
            ],
            [
              21.3201651386679,
              43.2061273226756
            ],
            [
              21.3201909965486,
              43.2061371519389
            ],
            [
              21.3202061922529,
              43.2061461645918
            ],
            [
              21.3203941890757,
              43.2062576529199
            ],
            [
              21.3205072767274,
              43.2063265575191
            ],
            [
              21.3205607723001,
              43.2064152368511
            ],
            [
              21.3205616539327,
              43.2064166931512
            ],
            [
              21.3205600171113,
              43.2064329909421
            ],
            [
              21.3205559259145,
              43.2064737822413
            ],
            [
              21.3206246435776,
              43.2065296694944
            ],
            [
              21.3206877882123,
              43.2066952169274
            ],
            [
              21.3207163338445,
              43.2068801269911
            ],
            [
              21.3208330562762,
              43.206961353082
            ],
            [
              21.320923462861,
              43.20704616563
            ],
            [
              21.320963043675,
              43.2070609961825
            ],
            [
              21.3210113019748,
              43.2071108209628
            ],
            [
              21.3210103461007,
              43.2071625847738
            ],
            [
              21.3210157470192,
              43.2072969511679
            ],
            [
              21.3210158748977,
              43.2073002096295
            ],
            [
              21.3210121117764,
              43.2073192409306
            ],
            [
              21.3209993721304,
              43.2073838218525
            ],
            [
              21.3209983779247,
              43.207388838489
            ],
            [
              21.3209288592914,
              43.207449043004
            ],
            [
              21.3208826155759,
              43.2074890898902
            ],
            [
              21.3208412007817,
              43.2075927300938
            ],
            [
              21.3208385474483,
              43.2076006229976
            ],
            [
              21.3208128499963,
              43.2076769788304
            ],
            [
              21.3206108631698,
              43.2077853958911
            ],
            [
              21.3205130535405,
              43.2078829843206
            ],
            [
              21.3204796064034,
              43.2079111656459
            ],
            [
              21.3203503460982,
              43.2080238142345
            ],
            [
              21.3203484111408,
              43.208025502641
            ],
            [
              21.3202409273617,
              43.2081791112762
            ],
            [
              21.3202389735704,
              43.2081819073181
            ],
            [
              21.3202069723654,
              43.2082043944117
            ],
            [
              21.3201888272415,
              43.2082171572057
            ],
            [
              21.3201814515833,
              43.2082234073358
            ],
            [
              21.3201577080502,
              43.2082435309695
            ],
            [
              21.3200899973444,
              43.2083550768067
            ],
            [
              21.3200773320545,
              43.2083943162325
            ],
            [
              21.32006166477,
              43.2084428371489
            ],
            [
              21.3200181875385,
              43.2085990543519
            ],
            [
              21.3199857491227,
              43.2086272137978
            ],
            [
              21.319938193198,
              43.2086685057202
            ],
            [
              21.3198313748443,
              43.2087083811771
            ],
            [
              21.3198269161111,
              43.2087100496157
            ],
            [
              21.3198094353677,
              43.2088021891797
            ],
            [
              21.3197896671725,
              43.2089039675163
            ],
            [
              21.3196989451279,
              43.2089928035127
            ],
            [
              21.3196944010347,
              43.209041067271
            ],
            [
              21.3196649549448,
              43.2091279292408
            ],
            [
              21.3196235868196,
              43.2092411111795
            ],
            [
              21.3196326589267,
              43.2093744047739
            ],
            [
              21.3195886699685,
              43.2094341229069
            ],
            [
              21.3195241653583,
              43.209477334084
            ],
            [
              21.3194483496368,
              43.2096625394025
            ],
            [
              21.3193695983991,
              43.2097346874146
            ],
            [
              21.3192909193711,
              43.2097971136417
            ],
            [
              21.3192493697025,
              43.2098761778413
            ],
            [
              21.3192578874396,
              43.2098787735539
            ],
            [
              21.319278090498,
              43.2098849187449
            ],
            [
              21.3193321996549,
              43.209900519735
            ],
            [
              21.3194428035269,
              43.2099642113191
            ],
            [
              21.3196191064191,
              43.2099777564125
            ],
            [
              21.3199377967354,
              43.2099443575781
            ],
            [
              21.3201460532833,
              43.2098797647251
            ],
            [
              21.3203245836065,
              43.2098722376866
            ],
            [
              21.3203463310301,
              43.2098888292777
            ],
            [
              21.3203692842263,
              43.2099238718228
            ],
            [
              21.320440252791,
              43.2099859652252
            ],
            [
              21.3206027191766,
              43.2101055910921
            ],
            [
              21.3206458635065,
              43.2101608664976
            ],
            [
              21.3207065539555,
              43.2102386162811
            ],
            [
              21.3207885962997,
              43.2103022704601
            ],
            [
              21.3208281528131,
              43.2103329719889
            ],
            [
              21.3209472483941,
              43.2104194131106
            ],
            [
              21.3211502468649,
              43.2105003949555
            ],
            [
              21.3214425644969,
              43.2106915777625
            ],
            [
              21.3214714228021,
              43.2107029282042
            ],
            [
              21.3214576127004,
              43.2107303873692
            ],
            [
              21.3214524236787,
              43.2107406997799
            ],
            [
              21.3214622600629,
              43.2107482073151
            ],
            [
              21.3216366665871,
              43.2108813277797
            ],
            [
              21.3217409628649,
              43.2110080221759
            ],
            [
              21.3218224692664,
              43.2111070189466
            ],
            [
              21.3220209334984,
              43.2112371635059
            ],
            [
              21.3220941908098,
              43.2112846383209
            ],
            [
              21.3221340554219,
              43.2113104777621
            ],
            [
              21.3222927459197,
              43.2114203659923
            ],
            [
              21.3222929065762,
              43.2114204826014
            ],
            [
              21.3223815477228,
              43.2115489899352
            ],
            [
              21.3223846851671,
              43.2115535456005
            ],
            [
              21.3225715665594,
              43.211750342553
            ],
            [
              21.3225903832892,
              43.2118104781253
            ],
            [
              21.322610502115,
              43.2118747323951
            ],
            [
              21.3227170836708,
              43.2120603257841
            ],
            [
              21.3228997871055,
              43.2123964887157
            ],
            [
              21.3230140656493,
              43.2126174379304
            ],
            [
              21.3231665374056,
              43.2128226135856
            ],
            [
              21.3232436047102,
              43.2129888449732
            ],
            [
              21.3232476558266,
              43.2129892117261
            ],
            [
              21.3232789440594,
              43.2129920750727
            ],
            [
              21.3233892394819,
              43.2131647102811
            ],
            [
              21.3234132294824,
              43.2132022534829
            ],
            [
              21.3234216469967,
              43.2132183787958
            ],
            [
              21.3234362320301,
              43.2132462981953
            ],
            [
              21.3234614463407,
              43.2132895271227
            ],
            [
              21.3234611923689,
              43.2132901581729
            ],
            [
              21.3234412794307,
              43.2133387374382
            ],
            [
              21.3234804426701,
              43.2134360292285
            ],
            [
              21.3234622229419,
              43.2135345395173
            ],
            [
              21.3234461097942,
              43.2136216645509
            ],
            [
              21.3235012467404,
              43.2137139594581
            ],
            [
              21.3235178804331,
              43.2138329218163
            ],
            [
              21.3235885396316,
              43.2138585556893
            ],
            [
              21.3236540663076,
              43.2141912711888
            ],
            [
              21.323637699647,
              43.2143303138017
            ],
            [
              21.323613577545,
              43.2144918829997
            ],
            [
              21.3236059567313,
              43.2145307771296
            ],
            [
              21.3235847022559,
              43.2146393335896
            ],
            [
              21.3235216921601,
              43.2147696600345
            ],
            [
              21.3235093480877,
              43.2147951990727
            ],
            [
              21.3234922504608,
              43.2148780325161
            ],
            [
              21.3234771933112,
              43.2149509405627
            ],
            [
              21.3234503853861,
              43.2150475210777
            ],
            [
              21.323400201698,
              43.2152383338505
            ],
            [
              21.3234106564312,
              43.2152832244487
            ],
            [
              21.3233701059233,
              43.2153649022208
            ],
            [
              21.3233702165847,
              43.2153648748937
            ],
            [
              21.323553109755,
              43.2153161238896
            ],
            [
              21.3237406816526,
              43.2152930795956
            ],
            [
              21.3238396640078,
              43.215275330253
            ],
            [
              21.3239409603486,
              43.2152758493951
            ],
            [
              21.3239943266295,
              43.2152665134365
            ],
            [
              21.323995031296,
              43.21526706073
            ],
            [
              21.3240252621308,
              43.2152906593819
            ],
            [
              21.3240400443968,
              43.2153022021128
            ],
            [
              21.3239851207308,
              43.2153494596677
            ],
            [
              21.3238320240478,
              43.2154811444333
            ],
            [
              21.3235708286285,
              43.2157308078329
            ],
            [
              21.3232742689828,
              43.2160196421296
            ],
            [
              21.3232746156608,
              43.2160200103444
            ],
            [
              21.3234567276575,
              43.2162146472245
            ],
            [
              21.3233453836068,
              43.216292026342
            ],
            [
              21.3232096817179,
              43.2163718163007
            ],
            [
              21.3230691667526,
              43.2164492793577
            ],
            [
              21.3229706489535,
              43.2165087970045
            ],
            [
              21.3229516038671,
              43.2165912135183
            ],
            [
              21.3228983777563,
              43.2168215005792
            ],
            [
              21.3228977410403,
              43.2168242659307
            ],
            [
              21.3228565184089,
              43.2168817829805
            ],
            [
              21.3227224197806,
              43.2170689106176
            ],
            [
              21.3226492924893,
              43.217144649528
            ],
            [
              21.322533469407,
              43.2172646130777
            ],
            [
              21.3225193432453,
              43.2172792459812
            ],
            [
              21.3224647044899,
              43.2173505212264
            ],
            [
              21.3222903701825,
              43.2174802016609
            ],
            [
              21.3221338752453,
              43.2176086591799
            ],
            [
              21.3219918975446,
              43.2177358149605
            ],
            [
              21.3219405012345,
              43.2178153606801
            ],
            [
              21.3219389044135,
              43.2178207581109
            ],
            [
              21.3219279270417,
              43.2178580136856
            ],
            [
              21.3218911707552,
              43.2179826733391
            ],
            [
              21.3218752813067,
              43.2180502355646
            ],
            [
              21.3218750817082,
              43.2180544224285
            ],
            [
              21.3218577513916,
              43.2184117269156
            ],
            [
              21.3218647643714,
              43.2185041606154
            ],
            [
              21.3218783039168,
              43.2187084291812
            ],
            [
              21.3218859023148,
              43.218822961551
            ],
            [
              21.3218864695304,
              43.2188324842643
            ],
            [
              21.3218876599372,
              43.2188525740824
            ],
            [
              21.3218877980226,
              43.2188785901767
            ],
            [
              21.3218905792743,
              43.2191013883255
            ],
            [
              21.3219070031888,
              43.2191973965255
            ],
            [
              21.3219302737537,
              43.2193333457682
            ],
            [
              21.321930718468,
              43.2193359639942
            ],
            [
              21.3218940374623,
              43.2194285215249
            ],
            [
              21.3218996338029,
              43.2195624503084
            ],
            [
              21.3219013673572,
              43.2196038654092
            ],
            [
              21.3218470152025,
              43.2197296893061
            ],
            [
              21.3218246842973,
              43.2198126605176
            ],
            [
              21.3218252518038,
              43.2198152153653
            ],
            [
              21.3218296034863,
              43.2198349541077
            ],
            [
              21.3218458736936,
              43.2199087417541
            ],
            [
              21.3219393250419,
              43.2200995889828
            ],
            [
              21.3219725145122,
              43.220183933869
            ],
            [
              21.3219743352158,
              43.2202950138405
            ],
            [
              21.3219611085457,
              43.2203864482093
            ],
            [
              21.3219543888148,
              43.2204328910232
            ],
            [
              21.3219518364232,
              43.2204436642654
            ],
            [
              21.3219484900612,
              43.2204577525833
            ],
            [
              21.3219379453188,
              43.2205211566697
            ],
            [
              21.3219226061328,
              43.2206133812875
            ],
            [
              21.3218973389209,
              43.2206765566539
            ],
            [
              21.3218441883361,
              43.2207273884318
            ],
            [
              21.321668187235,
              43.2207767683283
            ],
            [
              21.3214399480809,
              43.2208173845576
            ],
            [
              21.3212686650027,
              43.2208558035288
            ],
            [
              21.3212492274536,
              43.2208601704789
            ],
            [
              21.3212432393591,
              43.2208615109894
            ],
            [
              21.3210463572295,
              43.2208496452411
            ],
            [
              21.3209344565378,
              43.2208472613946
            ],
            [
              21.3207791943889,
              43.2209081942448
            ],
            [
              21.3204418931615,
              43.2209944863819
            ],
            [
              21.3201747149668,
              43.2210503325963
            ],
            [
              21.32013287703,
              43.2210597587719
            ],
            [
              21.3198629169361,
              43.2211205808535
            ],
            [
              21.3198591179573,
              43.2211214379201
            ],
            [
              21.3196405454072,
              43.2211514006477
            ],
            [
              21.3195430196966,
              43.2211789871482
            ],
            [
              21.3195167789624,
              43.2211864065002
            ],
            [
              21.3194362951171,
              43.2212129818053
            ],
            [
              21.3193016966922,
              43.2212574168091
            ],
            [
              21.3192995333583,
              43.2212581342209
            ],
            [
              21.3192474706546,
              43.2212822258017
            ],
            [
              21.3190778899633,
              43.2214062996564
            ],
            [
              21.3189170882034,
              43.2215614061046
            ],
            [
              21.318886857853,
              43.2215943477388
            ],
            [
              21.3187796000554,
              43.2217493038263
            ],
            [
              21.3186998172323,
              43.2218392771703
            ],
            [
              21.318487191587,
              43.2220878785077
            ],
            [
              21.3184437604701,
              43.222138681636
            ],
            [
              21.3184209027021,
              43.222328489343
            ],
            [
              21.3184158070011,
              43.222370741115
            ],
            [
              21.3184088091094,
              43.2223881883474
            ],
            [
              21.31839903983,
              43.2224125571246
            ],
            [
              21.3183244959848,
              43.2225860542991
            ],
            [
              21.3182228452851,
              43.2226610565475
            ],
            [
              21.3181198886059,
              43.2227217484176
            ],
            [
              21.3180064486549,
              43.2228723086243
            ],
            [
              21.31798473835,
              43.2229105382193
            ],
            [
              21.3178101554501,
              43.2232134120663
            ],
            [
              21.3178040806244,
              43.2232239527692
            ],
            [
              21.3178031651977,
              43.2232252700026
            ],
            [
              21.3177630292495,
              43.2232827605261
            ],
            [
              21.3177026741573,
              43.2233690781964
            ],
            [
              21.3176316075461,
              43.2234786514712
            ],
            [
              21.3176158633123,
              43.2235044406034
            ],
            [
              21.3175300302133,
              43.223685440694
            ],
            [
              21.3175300435547,
              43.223685638761
            ],
            [
              21.3175415277497,
              43.2239064073253
            ],
            [
              21.3173791528336,
              43.2241861017261
            ],
            [
              21.3173601847899,
              43.2242097854536
            ],
            [
              21.3173012496133,
              43.2242833608721
            ],
            [
              21.3170924650827,
              43.2245160149979
            ],
            [
              21.3170442978989,
              43.2245632837395
            ],
            [
              21.3169318723402,
              43.2246736015006
            ],
            [
              21.3168502230609,
              43.224753713103
            ],
            [
              21.3168501327081,
              43.2247576655279
            ],
            [
              21.316847125514,
              43.2248957640421
            ],
            [
              21.3168446621277,
              43.2250085739742
            ],
            [
              21.3167809137858,
              43.2251766391324
            ],
            [
              21.3167139486792,
              43.2252778548667
            ],
            [
              21.3165860622061,
              43.2254711594065
            ],
            [
              21.3165829355135,
              43.2254758757296
            ],
            [
              21.3164947650275,
              43.2256110618066
            ],
            [
              21.3164033191801,
              43.2257792024596
            ],
            [
              21.3163921369877,
              43.2258137295878
            ],
            [
              21.3163704888494,
              43.2258805666973
            ],
            [
              21.3163013842718,
              43.2261312836353
            ],
            [
              21.316282279108,
              43.226220816405
            ],
            [
              21.316272010669,
              43.2263997227432
            ],
            [
              21.3162716714588,
              43.2264055659461
            ],
            [
              21.3163056925358,
              43.2265084535142
            ],
            [
              21.3164672985536,
              43.2266640431358
            ],
            [
              21.3164831109497,
              43.2266792669022
            ],
            [
              21.3165969577411,
              43.2268400851222
            ],
            [
              21.3166106779088,
              43.2268274432402
            ],
            [
              21.3166128885129,
              43.2268498525805
            ],
            [
              21.3167468270422,
              43.2271097255251
            ],
            [
              21.3168564040164,
              43.2273248375663
            ],
            [
              21.316919162245,
              43.2274121338026
            ],
            [
              21.3169523839467,
              43.2274583386459
            ],
            [
              21.3170063471666,
              43.2275234436483
            ],
            [
              21.3172047374994,
              43.2277628011453
            ],
            [
              21.3173414906425,
              43.2279481298627
            ],
            [
              21.3174402219543,
              43.228183345622
            ],
            [
              21.3174514847392,
              43.2282417370014
            ],
            [
              21.3173432300791,
              43.228491125042
            ],
            [
              21.3172004569762,
              43.2288254970849
            ],
            [
              21.3171412371576,
              43.229012273291
            ],
            [
              21.3171538872463,
              43.2291475377414
            ],
            [
              21.3171278617719,
              43.2291425600424
            ],
            [
              21.3170508676986,
              43.2291278409238
            ],
            [
              21.3170269668742,
              43.2291291137929
            ],
            [
              21.316908596702,
              43.2291354389033
            ],
            [
              21.3169523665944,
              43.2293363318048
            ],
            [
              21.3170385349003,
              43.2294994773696
            ],
            [
              21.3170542240853,
              43.229557046083
            ],
            [
              21.3170689620497,
              43.2296724736507
            ],
            [
              21.317069694024,
              43.2296782688601
            ],
            [
              21.3170702714567,
              43.2296827588135
            ],
            [
              21.3170715208519,
              43.2297332565163
            ],
            [
              21.3170709210896,
              43.2298068951679
            ],
            [
              21.3170342922965,
              43.2299351851569
            ],
            [
              21.317017301984,
              43.230028853399
            ],
            [
              21.3172458004918,
              43.2301716174112
            ],
            [
              21.3174494968044,
              43.2303736837248
            ],
            [
              21.3175940685351,
              43.2304730484308
            ],
            [
              21.3175945493037,
              43.2304733802707
            ],
            [
              21.3176074373105,
              43.230475387661
            ],
            [
              21.3177458521105,
              43.2304969928186
            ],
            [
              21.3178616534496,
              43.2305612763694
            ],
            [
              21.317866864105,
              43.2305641695147
            ],
            [
              21.3178678397691,
              43.2305647070869
            ],
            [
              21.3181254372893,
              43.2308322460787
            ],
            [
              21.3181955557545,
              43.2309039852531
            ],
            [
              21.3183159293991,
              43.2310271464699
            ],
            [
              21.3183536822619,
              43.2310799630381
            ],
            [
              21.3183629837488,
              43.2310929813861
            ],
            [
              21.3183667785661,
              43.2310982998168
            ],
            [
              21.3185976667617,
              43.2310667402438
            ],
            [
              21.3186733495833,
              43.2310563919359
            ],
            [
              21.318685929203,
              43.2310559066575
            ],
            [
              21.3189560760906,
              43.2310454268901
            ],
            [
              21.3191458086654,
              43.2310023153378
            ],
            [
              21.3192150377636,
              43.2309869078161
            ],
            [
              21.3195276477255,
              43.2308765656564
            ],
            [
              21.3198293097817,
              43.2307683234329
            ],
            [
              21.3201087586511,
              43.2306732867562
            ],
            [
              21.320215234816,
              43.2306242858557
            ],
            [
              21.3204322988091,
              43.2305122293826
            ],
            [
              21.3206590759937,
              43.2303980750858
            ],
            [
              21.3207254183256,
              43.2303725021107
            ],
            [
              21.3209211276614,
              43.2303033454184
            ],
            [
              21.3209855523145,
              43.2302805772385
            ],
            [
              21.3212179426621,
              43.2302038540011
            ],
            [
              21.3214603058319,
              43.2301505073313
            ],
            [
              21.321630948464,
              43.2301139448983
            ],
            [
              21.3217150961724,
              43.2300959095638
            ],
            [
              21.3217191530127,
              43.2300950436073
            ],
            [
              21.3217579160528,
              43.2300919990522
            ],
            [
              21.3219477934858,
              43.2300771122313
            ],
            [
              21.3220002134726,
              43.2300773329905
            ],
            [
              21.3221003282177,
              43.2300777607271
            ],
            [
              21.3221036196092,
              43.2300786330218
            ],
            [
              21.3221926409473,
              43.2301021466912
            ],
            [
              21.3224722703136,
              43.2301759989182
            ],
            [
              21.3227745591296,
              43.23018630507
            ],
            [
              21.323236628917,
              43.2300096353449
            ],
            [
              21.3233992235017,
              43.2300953230572
            ],
            [
              21.3236006748929,
              43.2301727990855
            ],
            [
              21.3237521950131,
              43.2302595081379
            ],
            [
              21.3238648823136,
              43.2303362443474
            ],
            [
              21.324115602994,
              43.2303031245061
            ],
            [
              21.3243013116615,
              43.2302914332603
            ],
            [
              21.3246305135295,
              43.2301779703084
            ],
            [
              21.3246678729425,
              43.2301657106207
            ],
            [
              21.3247801966519,
              43.2301744829534
            ],
            [
              21.3249786102709,
              43.2301902099228
            ],
            [
              21.3252183881117,
              43.2302057298177
            ],
            [
              21.325263772451,
              43.2303809595608
            ],
            [
              21.3252616849902,
              43.2303818659676
            ],
            [
              21.3250024027889,
              43.2304941406967
            ],
            [
              21.3250021827047,
              43.2304944384777
            ],
            [
              21.3248744076221,
              43.2306617641711
            ],
            [
              21.3248064749919,
              43.2309184258107
            ],
            [
              21.3247387174695,
              43.2310358343658
            ],
            [
              21.3245885888045,
              43.2312959618474
            ],
            [
              21.3245234894354,
              43.2314087622161
            ],
            [
              21.3245230464848,
              43.2314088355104
            ],
            [
              21.3245140431988,
              43.2314102657858
            ],
            [
              21.3244778540348,
              43.2314160035879
            ],
            [
              21.3240586404315,
              43.2315732922069
            ],
            [
              21.3240172334286,
              43.2315816199922
            ],
            [
              21.3240073587044,
              43.2315836100878
            ],
            [
              21.3239726220651,
              43.2316052963702
            ],
            [
              21.3239079700532,
              43.2316456467772
            ],
            [
              21.3237757731738,
              43.2318112998497
            ],
            [
              21.3236812008799,
              43.2319150919804
            ],
            [
              21.3236544821116,
              43.2319444238945
            ],
            [
              21.3236430467186,
              43.2319584639813
            ],
            [
              21.3236089839457,
              43.2320002755847
            ],
            [
              21.3234613830147,
              43.2321172716585
            ],
            [
              21.3232361856369,
              43.232274005806
            ],
            [
              21.3230427753746,
              43.2323890596755
            ],
            [
              21.3229419898959,
              43.2324664020738
            ],
            [
              21.3228895365818,
              43.232511110863
            ],
            [
              21.3228342042448,
              43.2325402540993
            ],
            [
              21.3227347263084,
              43.2325926576693
            ],
            [
              21.3227096214113,
              43.2326038015875
            ],
            [
              21.3224705355692,
              43.2327099822087
            ],
            [
              21.3223755523215,
              43.2328135934087
            ],
            [
              21.322219355075,
              43.2329124279701
            ],
            [
              21.3220729077929,
              43.232992870655
            ],
            [
              21.3219648587157,
              43.2330708638647
            ],
            [
              21.3224521880997,
              43.233262847697
            ],
            [
              21.3227383060261,
              43.2333088482706
            ],
            [
              21.3225452299137,
              43.2339020874883
            ],
            [
              21.3228606609586,
              43.2339749931207
            ],
            [
              21.3228784231279,
              43.2339791013664
            ],
            [
              21.3228789468917,
              43.2339780022137
            ],
            [
              21.3229086679916,
              43.2339159749115
            ],
            [
              21.3230889042,
              43.23353975611
            ],
            [
              21.3230894279991,
              43.2335386650605
            ],
            [
              21.3231025213799,
              43.2335283383959
            ],
            [
              21.3233910172947,
              43.2333007863537
            ],
            [
              21.3235652019999,
              43.2330758900699
            ],
            [
              21.3237130738633,
              43.2328849689182
            ],
            [
              21.3239098331138,
              43.2329810919919
            ],
            [
              21.3239016901313,
              43.2330466495509
            ],
            [
              21.3239317507208,
              43.2330964352395
            ],
            [
              21.323987566495,
              43.2331071782846
            ],
            [
              21.3239958360262,
              43.2331087658075
            ],
            [
              21.3240415815919,
              43.2330897587593
            ],
            [
              21.3240638897002,
              43.2330804864481
            ],
            [
              21.3241922949982,
              43.2331487169405
            ],
            [
              21.3241845692047,
              43.2332922307378
            ],
            [
              21.3241511525976,
              43.2334202445788
            ],
            [
              21.3241047422451,
              43.233535782272
            ],
            [
              21.3247581779014,
              43.2337309774765
            ],
            [
              21.3253051827094,
              43.2341207356857
            ],
            [
              21.3257360082056,
              43.2345080243503
            ],
            [
              21.3257548872825,
              43.2345249930987
            ],
            [
              21.3258008430868,
              43.2345472047175
            ],
            [
              21.3261061926161,
              43.2346947575412
            ],
            [
              21.3260863485814,
              43.2347111882728
            ],
            [
              21.3260286052868,
              43.2347589832681
            ],
            [
              21.3260356207134,
              43.2347632216021
            ],
            [
              21.3262043729336,
              43.2348651547097
            ],
            [
              21.326191680187,
              43.2348972116519
            ],
            [
              21.3261787807962,
              43.2349297815497
            ],
            [
              21.3261563941372,
              43.2349862796971
            ],
            [
              21.3269373823689,
              43.2354749241417
            ],
            [
              21.3274841439426,
              43.2358148926657
            ],
            [
              21.3278547960796,
              43.2359632614545
            ],
            [
              21.3278538546894,
              43.2359714467311
            ],
            [
              21.3278373974429,
              43.2361153558176
            ],
            [
              21.327846854623,
              43.2361566657291
            ],
            [
              21.3278971707946,
              43.2363766019885
            ],
            [
              21.3280011507226,
              43.2367072134049
            ],
            [
              21.3281877122058,
              43.2367362029817
            ],
            [
              21.328442523657,
              43.2367271873611
            ],
            [
              21.3289009928143,
              43.2366761758813
            ],
            [
              21.3291198543089,
              43.2366538315832
            ],
            [
              21.3292349571346,
              43.2366420851115
            ],
            [
              21.3294716505394,
              43.2364260759004
            ],
            [
              21.3297088160264,
              43.2362970232964
            ],
            [
              21.329707413328,
              43.2362949841709
            ],
            [
              21.3296631478927,
              43.2362309000674
            ],
            [
              21.3300273766287,
              43.2361501789318
            ],
            [
              21.3301368329282,
              43.2361259258944
            ],
            [
              21.3301554016218,
              43.2361218120837
            ],
            [
              21.3301741303482,
              43.2361199660939
            ],
            [
              21.3305390706004,
              43.2360840892239
            ],
            [
              21.3305459737109,
              43.2360834119344
            ],
            [
              21.3306768677017,
              43.2361069330474
            ],
            [
              21.3306820306454,
              43.2361078636178
            ],
            [
              21.3306920247391,
              43.2360551995075
            ],
            [
              21.3306930414795,
              43.2360498585774
            ],
            [
              21.3309195308813,
              43.2360409175059
            ],
            [
              21.3311911454212,
              43.2359987170331
            ],
            [
              21.3312690158368,
              43.2359847350741
            ],
            [
              21.3313552245714,
              43.2359692521382
            ],
            [
              21.3314420495667,
              43.2359561355902
            ],
            [
              21.3318589778868,
              43.2358931554837
            ],
            [
              21.3319892348087,
              43.2358927757465
            ],
            [
              21.3321044019949,
              43.2358819068606
            ],
            [
              21.3323062236075,
              43.235862862934
            ],
            [
              21.3326344012192,
              43.2358080709187
            ],
            [
              21.3327584392868,
              43.2357960770058
            ],
            [
              21.3328551578252,
              43.2357867197881
            ],
            [
              21.3330807943576,
              43.2357797129315
            ],
            [
              21.3332968297819,
              43.2357730037441
            ],
            [
              21.333508692865,
              43.2357577716497
            ],
            [
              21.3335969961753,
              43.2357514179956
            ],
            [
              21.3338801163412,
              43.2357423050077
            ],
            [
              21.334249988092,
              43.2357133661472
            ],
            [
              21.3342650624094,
              43.2357121875088
            ],
            [
              21.3341172937306,
              43.2350164128934
            ],
            [
              21.3341138945032,
              43.2350003908361
            ],
            [
              21.3344930812876,
              43.2349537252248
            ],
            [
              21.3346048623521,
              43.2357111887293
            ],
            [
              21.3348089936464,
              43.2357561372989
            ],
            [
              21.3350246119956,
              43.2358300398208
            ],
            [
              21.3351665156521,
              43.2358875946688
            ],
            [
              21.33519100398,
              43.2358832195699
            ],
            [
              21.3354495309743,
              43.2358370681521
            ],
            [
              21.3358739679311,
              43.2356926290208
            ],
            [
              21.335879141993,
              43.2356908669162
            ],
            [
              21.3358812189457,
              43.2356902854173
            ],
            [
              21.3360532807977,
              43.2356422550535
            ],
            [
              21.3364387077674,
              43.235534647812
            ],
            [
              21.3369043199723,
              43.2353896506246
            ],
            [
              21.3369404049121,
              43.2353784172299
            ],
            [
              21.3375267171873,
              43.2352065403729
            ],
            [
              21.3377642238636,
              43.2351206755386
            ],
            [
              21.3378259597385,
              43.2350994186241
            ],
            [
              21.3383080939275,
              43.2349334372768
            ],
            [
              21.3384778057884,
              43.2348974558111
            ],
            [
              21.3387150044304,
              43.234847156713
            ],
            [
              21.3388891901722,
              43.234776962403
            ],
            [
              21.3390067821666,
              43.2347335642776
            ],
            [
              21.3390686931107,
              43.2347107123389
            ],
            [
              21.3394144018505,
              43.2345919658903
            ],
            [
              21.3394435970431,
              43.2345819398673
            ],
            [
              21.3394478232748,
              43.2345802983752
            ],
            [
              21.3398446951452,
              43.2344259922793
            ],
            [
              21.3399819087184,
              43.234371387927
            ],
            [
              21.3401456492943,
              43.2343051812113
            ],
            [
              21.3404095742958,
              43.2342115765159
            ],
            [
              21.3405679846419,
              43.2341607777073
            ],
            [
              21.3406216227915,
              43.2341449083948
            ],
            [
              21.3408891859172,
              43.2340657209068
            ],
            [
              21.340937698024,
              43.2340513696067
            ],
            [
              21.3412437329493,
              43.2339150560005
            ],
            [
              21.3416133342824,
              43.2337862904202
            ],
            [
              21.3420250535004,
              43.2336380412017
            ],
            [
              21.3421218213873,
              43.2336031449418
            ],
            [
              21.3422521056378,
              43.2335561558579
            ],
            [
              21.3423998807907,
              43.2334976440743
            ],
            [
              21.3425812702911,
              43.2334179838292
            ],
            [
              21.3426215508614,
              43.233400289602
            ],
            [
              21.3428432636193,
              43.2333106759216
            ],
            [
              21.343083155,
              43.2332439990252
            ],
            [
              21.3430967250822,
              43.2332402303769
            ],
            [
              21.3432149119905,
              43.2332117307316
            ],
            [
              21.3433239276255,
              43.2331854376288
            ],
            [
              21.3434632788243,
              43.2331680094354
            ],
            [
              21.3434825067846,
              43.2331656014754
            ],
            [
              21.3436305650015,
              43.233157409182
            ],
            [
              21.3440900951429,
              43.2330399733989
            ],
            [
              21.3442789590162,
              43.2329787053133
            ],
            [
              21.344301558177,
              43.2329713713977
            ],
            [
              21.3443066203556,
              43.2329697263092
            ],
            [
              21.3445230791489,
              43.2328877764849
            ],
            [
              21.344554296617,
              43.2328653831967
            ],
            [
              21.3446717969989,
              43.2327810882125
            ],
            [
              21.3447180348777,
              43.232747917807
            ],
            [
              21.3447707170092,
              43.2327245313922
            ],
            [
              21.3450825492238,
              43.2325276990594
            ],
            [
              21.3454665096449,
              43.232285345366
            ],
            [
              21.3456437853457,
              43.2321546305458
            ],
            [
              21.3457036116838,
              43.2321105157749
            ],
            [
              21.3459302583672,
              43.2319590332094
            ],
            [
              21.345964721822,
              43.2319317590679
            ],
            [
              21.3460039164715,
              43.2319007435553
            ],
            [
              21.3460468483483,
              43.2318777183131
            ],
            [
              21.3461199013633,
              43.2318385420189
            ],
            [
              21.3466897595132,
              43.2314251704625
            ],
            [
              21.346767979123,
              43.2313684315072
            ],
            [
              21.3469628370268,
              43.2312130829584
            ],
            [
              21.3471946249919,
              43.2310577093457
            ],
            [
              21.3473235585917,
              43.2309803150475
            ],
            [
              21.34742135274,
              43.2309216162155
            ],
            [
              21.3477688887636,
              43.2306420146856
            ],
            [
              21.3481218257937,
              43.2303817503892
            ],
            [
              21.3483868357917,
              43.230230999816
            ],
            [
              21.3485593983386,
              43.2301328369338
            ],
            [
              21.3486911477203,
              43.2300512300028
            ],
            [
              21.3490867355428,
              43.2298449348385
            ],
            [
              21.3493821456678,
              43.2297086263939
            ],
            [
              21.3497883382581,
              43.2295062566798
            ],
            [
              21.3501945958734,
              43.2293154987027
            ],
            [
              21.3502515054134,
              43.2292873702348
            ],
            [
              21.350818020066,
              43.2290072958372
            ],
            [
              21.3509431560352,
              43.2289454305139
            ],
            [
              21.3513430307894,
              43.2287376736076
            ],
            [
              21.3514388111002,
              43.2286960549549
            ],
            [
              21.3515051481134,
              43.2287061921663
            ],
            [
              21.3515179133829,
              43.2287081420854
            ],
            [
              21.3516426279496,
              43.2287739209758
            ],
            [
              21.3515806769357,
              43.228811293667
            ],
            [
              21.3520219271319,
              43.2289255096001
            ],
            [
              21.3522087090232,
              43.2289951462871
            ],
            [
              21.352356096511,
              43.2290856103598
            ],
            [
              21.3525240744743,
              43.2292560141083
            ],
            [
              21.3525549713408,
              43.2292873633693
            ],
            [
              21.3526539918671,
              43.2294480616153
            ],
            [
              21.3527887307672,
              43.2296667138438
            ],
            [
              21.3528184393375,
              43.2297372984462
            ],
            [
              21.3528460253403,
              43.2298028307369
            ],
            [
              21.3529542635835,
              43.2300283711549
            ],
            [
              21.3530004199529,
              43.2301245431866
            ],
            [
              21.3531029149662,
              43.2303192321057
            ],
            [
              21.3531084047328,
              43.2303296579301
            ],
            [
              21.3531089650161,
              43.2303307178567
            ],
            [
              21.3531095769182,
              43.2303323998499
            ],
            [
              21.3531433702374,
              43.2304256753412
            ],
            [
              21.3532166042245,
              43.230539839755
            ],
            [
              21.3533999083567,
              43.2308255686639
            ],
            [
              21.3535478768735,
              43.2310150560254
            ],
            [
              21.353707387681,
              43.231241777115
            ],
            [
              21.3539521994348,
              43.2315714875367
            ],
            [
              21.3539977396376,
              43.231633281048
            ],
            [
              21.3540093815431,
              43.2317108179303
            ],
            [
              21.3540095223743,
              43.23171174498
            ],
            [
              21.3540096711945,
              43.2317119246137
            ],
            [
              21.3540664366348,
              43.2317817848999
            ],
            [
              21.3540886783686,
              43.2318846579441
            ],
            [
              21.3541012286597,
              43.2319427283141
            ],
            [
              21.3541485846165,
              43.2320500502741
            ],
            [
              21.3541813204393,
              43.2321242351099
            ],
            [
              21.354180758418,
              43.2321247951422
            ],
            [
              21.3540297781796,
              43.2322734296261
            ],
            [
              21.35397989501,
              43.2324388690908
            ],
            [
              21.3539379310534,
              43.2325052754149
            ],
            [
              21.3539014573109,
              43.2325629868975
            ],
            [
              21.3538168686837,
              43.2325737849605
            ],
            [
              21.3536362257715,
              43.2325968552956
            ],
            [
              21.3535206574028,
              43.2326618627197
            ],
            [
              21.3535179334969,
              43.2326633929336
            ],
            [
              21.3535174772689,
              43.2326632952916
            ],
            [
              21.3533991113858,
              43.2326389178572
            ],
            [
              21.3532959849481,
              43.2326225137351
            ],
            [
              21.3532464359433,
              43.2326146381436
            ],
            [
              21.3530596405699,
              43.2325450032417
            ],
            [
              21.3532931781098,
              43.2328623277919
            ],
            [
              21.3534799943417,
              43.2331007114406
            ],
            [
              21.3535321861231,
              43.2331673002875
            ],
            [
              21.3535761574276,
              43.2332068184403
            ],
            [
              21.3536741376389,
              43.233294870696
            ],
            [
              21.3536716663011,
              43.2333017471301
            ],
            [
              21.3536404342949,
              43.2333888165844
            ],
            [
              21.3536073843333,
              43.2334809784095
            ],
            [
              21.3537556241518,
              43.2337159257545
            ],
            [
              21.3538868776073,
              43.2339303118625
            ],
            [
              21.3539735588943,
              43.2340777605518
            ],
            [
              21.3539838662344,
              43.2340952914446
            ],
            [
              21.3541525226228,
              43.2339666603387
            ],
            [
              21.3544111369867,
              43.2337469126072
            ],
            [
              21.354625073191,
              43.2336140865898
            ],
            [
              21.3546273543433,
              43.2336126576746
            ],
            [
              21.3547375569162,
              43.2335435155106
            ],
            [
              21.3548029945648,
              43.233531364227
            ],
            [
              21.3548504525603,
              43.2335225463925
            ],
            [
              21.3549202483452,
              43.2335018648677
            ],
            [
              21.3550196868255,
              43.233472411672
            ],
            [
              21.3551245309132,
              43.2334536455092
            ],
            [
              21.3552937335798,
              43.2334233703709
            ],
            [
              21.3553018126841,
              43.2334219225347
            ],
            [
              21.3554842522825,
              43.2337146463966
            ],
            [
              21.3556779718328,
              43.2339990523497
            ],
            [
              21.3558270156023,
              43.2343703825174
            ],
            [
              21.3558431812061,
              43.2344337001751
            ],
            [
              21.3558617916509,
              43.234506569624
            ],
            [
              21.3558678095068,
              43.2345125732535
            ],
            [
              21.3559016173637,
              43.2345462708578
            ],
            [
              21.3560435829278,
              43.2346877568268
            ],
            [
              21.3561064550031,
              43.2348073813895
            ],
            [
              21.3562259791889,
              43.2349721988431
            ],
            [
              21.3562390201395,
              43.2349831682911
            ],
            [
              21.3563678915567,
              43.235091575304
            ],
            [
              21.3565154430102,
              43.2352067918467
            ],
            [
              21.3565508791137,
              43.2352851628398
            ],
            [
              21.356595645296,
              43.2353841561348
            ],
            [
              21.3566181775786,
              43.2353950230145
            ],
            [
              21.3566702919015,
              43.2354201655747
            ],
            [
              21.3566976273327,
              43.2354333487821
            ],
            [
              21.3564385807217,
              43.2355787411902
            ],
            [
              21.3562301377755,
              43.2356827437887
            ],
            [
              21.3565024229248,
              43.2358636456934
            ],
            [
              21.3568199147785,
              43.2360691616879
            ],
            [
              21.3573814345842,
              43.2364432401031
            ],
            [
              21.3576707674564,
              43.2366530684871
            ],
            [
              21.3580337719813,
              43.2368914707352
            ],
            [
              21.3583464221345,
              43.2371025111856
            ],
            [
              21.3583627019779,
              43.2371135053597
            ],
            [
              21.3583642790945,
              43.2371136165799
            ],
            [
              21.3584701089541,
              43.2371213577257
            ],
            [
              21.3585141520648,
              43.2372031832316
            ],
            [
              21.3585500280646,
              43.2372698199682
            ],
            [
              21.3586339067273,
              43.2373734668308
            ],
            [
              21.358783443884,
              43.2375582310108
            ],
            [
              21.3588250301894,
              43.2376429176864
            ],
            [
              21.3588462521822,
              43.237686133129
            ],
            [
              21.3589544191529,
              43.2378182385637
            ],
            [
              21.3591194609539,
              43.2380197870309
            ],
            [
              21.359204655185,
              43.2381021575202
            ],
            [
              21.359289753128,
              43.238147348728
            ],
            [
              21.3593581542785,
              43.2382628091969
            ],
            [
              21.3595680426949,
              43.2384025771233
            ],
            [
              21.3597493204119,
              43.2384928331331
            ],
            [
              21.3599872821818,
              43.2386118966318
            ],
            [
              21.3601971488382,
              43.2387475222002
            ],
            [
              21.3605144761172,
              43.2388993693251
            ],
            [
              21.3607301065874,
              43.2390721552566
            ],
            [
              21.3607364598927,
              43.2391467625877
            ],
            [
              21.3608587054379,
              43.2392083618021
            ],
            [
              21.360918242161,
              43.239238365846
            ],
            [
              21.3610095498166,
              43.2392817712514
            ],
            [
              21.3611712375614,
              43.2393586382901
            ],
            [
              21.3614026115189,
              43.2394039918317
            ],
            [
              21.3617939802546,
              43.2393969818441
            ],
            [
              21.3619989689908,
              43.23941550167
            ],
            [
              21.36220146383,
              43.2394494234614
            ],
            [
              21.3623270145895,
              43.2393607113722
            ],
            [
              21.36239502887,
              43.2393278160716
            ],
            [
              21.3626646054815,
              43.2391521327973
            ],
            [
              21.3627979299138,
              43.2390461119185
            ],
            [
              21.3621643318535,
              43.238508460543
            ],
            [
              21.3626954864088,
              43.2381591007884
            ],
            [
              21.3631036767516,
              43.2378985334848
            ],
            [
              21.3632685328257,
              43.2380256373674
            ],
            [
              21.3638442730152,
              43.2384695224443
            ],
            [
              21.3638504088833,
              43.2384742556109
            ],
            [
              21.3641021627176,
              43.2383870274783
            ],
            [
              21.3646811611017,
              43.238154710529
            ],
            [
              21.3649694733145,
              43.238046206486
            ],
            [
              21.3652709708193,
              43.2379396397491
            ],
            [
              21.365401855887,
              43.2378796241317
            ],
            [
              21.3658184962892,
              43.2376958068525
            ],
            [
              21.3660358822365,
              43.2376067942631
            ],
            [
              21.3664578403024,
              43.2374479835062
            ],
            [
              21.3668037026882,
              43.2373085916243
            ],
            [
              21.3671392955467,
              43.2372018196773
            ],
            [
              21.3673988406998,
              43.2371222105667
            ],
            [
              21.3676348792619,
              43.2370318473531
            ],
            [
              21.3677578852733,
              43.2369847535918
            ],
            [
              21.3684290041864,
              43.2367616628346
            ],
            [
              21.3685573811363,
              43.2367151542295
            ],
            [
              21.3684913535201,
              43.2366523997318
            ],
            [
              21.3682271340377,
              43.2364012547369
            ],
            [
              21.3682273286653,
              43.2364010560069
            ],
            [
              21.3687648822913,
              43.2359274589644
            ],
            [
              21.3687653478427,
              43.2359270522519
            ],
            [
              21.369172270644,
              43.2362313766302
            ],
            [
              21.3694276441233,
              43.2364223632665
            ],
            [
              21.3694539195235,
              43.2364126550834
            ],
            [
              21.3695377088915,
              43.2363816757049
            ],
            [
              21.3698000151119,
              43.2363116836517
            ],
            [
              21.3701463445267,
              43.2362509569465
            ],
            [
              21.3704781909708,
              43.2362099558804
            ],
            [
              21.3707368612125,
              43.2361779976232
            ],
            [
              21.3710176039876,
              43.2361233338697
            ],
            [
              21.3710317020829,
              43.2361215151192
            ],
            [
              21.3712290752515,
              43.2360960398238
            ],
            [
              21.3712774229717,
              43.2360898047461
            ],
            [
              21.3713099687766,
              43.236111060978
            ],
            [
              21.3720527095217,
              43.2365961571436
            ],
            [
              21.372051623792,
              43.2365976635599
            ],
            [
              21.3719460135102,
              43.236744410875
            ],
            [
              21.3719097893958,
              43.2368405818294
            ],
            [
              21.371842977387,
              43.2370885373415
            ],
            [
              21.3718335841829,
              43.2372633887976
            ],
            [
              21.3716878815441,
              43.2374962097572
            ],
            [
              21.3716912486054,
              43.2376037735063
            ],
            [
              21.3720450600807,
              43.2379194844793
            ],
            [
              21.372045576533,
              43.2379193477292
            ],
            [
              21.3721631885832,
              43.2378883987063
            ],
            [
              21.3721635531845,
              43.2379479014965
            ],
            [
              21.3722392746164,
              43.2378881493542
            ],
            [
              21.3722408506976,
              43.2378901063506
            ],
            [
              21.3723795936206,
              43.2380624172332
            ],
            [
              21.3726021419166,
              43.2383225191987
            ],
            [
              21.3727843640959,
              43.2385354918587
            ],
            [
              21.3730543612869,
              43.2388745193787
            ],
            [
              21.3729835977201,
              43.2388996877387
            ],
            [
              21.3729049777711,
              43.2389287536861
            ],
            [
              21.3728369551566,
              43.2389352435735
            ],
            [
              21.3728209333268,
              43.2389367725606
            ],
            [
              21.3728219796957,
              43.2389387051612
            ],
            [
              21.3728562015121,
              43.239001795823
            ],
            [
              21.372863523566,
              43.239015310526
            ],
            [
              21.3729405617872,
              43.2391495473135
            ],
            [
              21.3730828133878,
              43.2394112445307
            ],
            [
              21.3731583666288,
              43.2395502296808
            ],
            [
              21.3731650407965,
              43.2395643227773
            ],
            [
              21.3732141265906,
              43.2396679003949
            ],
            [
              21.373270136175,
              43.239786074528
            ],
            [
              21.3733332737932,
              43.2399682199677
            ],
            [
              21.3733904715783,
              43.2401332461103
            ],
            [
              21.3734627005109,
              43.2403461758726
            ],
            [
              21.3735144324723,
              43.2406494635188
            ],
            [
              21.3735584564642,
              43.2409605194354
            ],
            [
              21.3735798843202,
              43.2411072989735
            ],
            [
              21.3735803087559,
              43.2411102412232
            ],
            [
              21.3732141097809,
              43.2411991485709
            ],
            [
              21.3730112027608,
              43.2412484105172
            ],
            [
              21.3726610896282,
              43.2413345361185
            ],
            [
              21.372536402005,
              43.2413652025197
            ],
            [
              21.372513301266,
              43.2413690056901
            ],
            [
              21.3722740359327,
              43.2414083759954
            ],
            [
              21.3722189455238,
              43.2414200803709
            ],
            [
              21.3722166637738,
              43.2414614517723
            ],
            [
              21.3722166197143,
              43.2414623073619
            ],
            [
              21.3722165393076,
              43.2414632621214
            ],
            [
              21.372209304294,
              43.2415545122484
            ],
            [
              21.3723651383794,
              43.2417076648607
            ],
            [
              21.372664422178,
              43.241915453378
            ],
            [
              21.3726816960782,
              43.2419274417864
            ],
            [
              21.3727179572917,
              43.2419653738942
            ],
            [
              21.3728720456827,
              43.2421265690833
            ],
            [
              21.3728770099383,
              43.2421248249013
            ],
            [
              21.3728983871358,
              43.2421172822229
            ],
            [
              21.3729308481441,
              43.242105841294
            ],
            [
              21.3729323709663,
              43.2421053050525
            ],
            [
              21.3730763755808,
              43.2422102804993
            ],
            [
              21.3734706184557,
              43.2424976648306
            ],
            [
              21.3737846794797,
              43.2427266018946
            ],
            [
              21.3740300311947,
              43.2428986297705
            ],
            [
              21.3744367503326,
              43.243241071466
            ],
            [
              21.3747405532513,
              43.2435262386431
            ],
            [
              21.3748438290372,
              43.2436209223155
            ],
            [
              21.3749493360531,
              43.2437176498491
            ],
            [
              21.3751606934041,
              43.2439070720919
            ],
            [
              21.3754211988489,
              43.2441050888191
            ],
            [
              21.375429896176,
              43.2441116940334
            ],
            [
              21.3754853312933,
              43.2441556206783
            ],
            [
              21.374827946653,
              43.2440598604054
            ],
            [
              21.3742514816494,
              43.2439651328279
            ],
            [
              21.3741862662584,
              43.2439544117646
            ],
            [
              21.3735814867867,
              43.2438623406582
            ],
            [
              21.3731003023721,
              43.243785162292
            ],
            [
              21.3727105257755,
              43.2441920888963
            ],
            [
              21.3727053863381,
              43.2441974535279
            ],
            [
              21.372703527135,
              43.2441993946937
            ],
            [
              21.3728011921592,
              43.2442228830661
            ],
            [
              21.3735462430823,
              43.2444020664718
            ],
            [
              21.3740427397229,
              43.2445214753191
            ],
            [
              21.3755362919393,
              43.2448854142658
            ],
            [
              21.3756212350834,
              43.2449061154164
            ],
            [
              21.3756183497506,
              43.2449094377164
            ],
            [
              21.3753813467335,
              43.2451815612352
            ],
            [
              21.3746287868045,
              43.2450009673498
            ],
            [
              21.3745762052231,
              43.2449883501705
            ],
            [
              21.3740289438788,
              43.2448403702674
            ],
            [
              21.3738358968037,
              43.2447889055456
            ],
            [
              21.3737670124482,
              43.2447705359436
            ],
            [
              21.3733315968612,
              43.2446544456177
            ],
            [
              21.3724449622413,
              43.2444046748469
            ],
            [
              21.3724421379168,
              43.2444038826245
            ],
            [
              21.3723530095041,
              43.2444272220782
            ],
            [
              21.3723052912006,
              43.2447979907101
            ],
            [
              21.3722901245082,
              43.2448829561148
            ],
            [
              21.372241838371,
              43.2451535052252
            ],
            [
              21.3723022287987,
              43.2451804389352
            ],
            [
              21.3723103658279,
              43.2451840665567
            ],
            [
              21.3733293469206,
              43.2455704885078
            ],
            [
              21.3740460716757,
              43.2458260514837
            ],
            [
              21.374898478116,
              43.2461299861054
            ],
            [
              21.3757305769514,
              43.246438330322
            ],
            [
              21.3760931313118,
              43.2465774292991
            ],
            [
              21.3761501815015,
              43.246599321221
            ],
            [
              21.3763309470164,
              43.2466686733163
            ],
            [
              21.3763195927791,
              43.2466743647121
            ],
            [
              21.375516447081,
              43.2470766482255
            ],
            [
              21.375348533734,
              43.2471482850055
            ],
            [
              21.3752509327352,
              43.2471899277199
            ],
            [
              21.3752463758504,
              43.247191869671
            ],
            [
              21.375299211132,
              43.2472310324247
            ],
            [
              21.3753088347671,
              43.2472381658821
            ],
            [
              21.3753689686287,
              43.2472827416883
            ],
            [
              21.3755329673772,
              43.2473187453616
            ],
            [
              21.3756795154983,
              43.2473425813453
            ],
            [
              21.3757162604708,
              43.2473485631444
            ],
            [
              21.3758150369821,
              43.2473634926252
            ],
            [
              21.3759522943917,
              43.2473842359551
            ],
            [
              21.3760447371708,
              43.2473985926437
            ],
            [
              21.3764174714955,
              43.2474564591344
            ],
            [
              21.3764381785117,
              43.2474596759063
            ],
            [
              21.3769822064849,
              43.2474984622191
            ],
            [
              21.3776035330069,
              43.2474923374746
            ],
            [
              21.3782054762198,
              43.2474781737244
            ],
            [
              21.378674675387,
              43.2475232324963
            ],
            [
              21.3787885579796,
              43.2475593091382
            ],
            [
              21.3790082873568,
              43.2476458016551
            ],
            [
              21.3792340103209,
              43.2477235780529
            ],
            [
              21.3793697448406,
              43.247770346774
            ],
            [
              21.3795196411449,
              43.2478035018902
            ],
            [
              21.3798391903869,
              43.2478741834437
            ],
            [
              21.3799132714596,
              43.2478759779026
            ],
            [
              21.3799141942489,
              43.2478760018521
            ],
            [
              21.3803163419871,
              43.2479614824726
            ],
            [
              21.3803836175455,
              43.2479757860507
            ],
            [
              21.3808477756206,
              43.2480999804452
            ],
            [
              21.3809616987062,
              43.2481421761698
            ],
            [
              21.3815260421903,
              43.2483167115957
            ],
            [
              21.3819371738155,
              43.2484086741377
            ],
            [
              21.3824178319319,
              43.2485124627728
            ],
            [
              21.382862137519,
              43.2485920665114
            ],
            [
              21.3830677685621,
              43.2486481733645
            ],
            [
              21.3832634175298,
              43.248693150183
            ],
            [
              21.3835373762002,
              43.2487561355475
            ],
            [
              21.3838253634025,
              43.2487921924011
            ],
            [
              21.3840260217451,
              43.2488173110838
            ],
            [
              21.3841870039702,
              43.2488228856329
            ],
            [
              21.3844700304124,
              43.2488300254708
            ],
            [
              21.3847418634907,
              43.248839183286
            ],
            [
              21.385066653991,
              43.2488685046902
            ],
            [
              21.3853248581637,
              43.2488839193273
            ],
            [
              21.3854442380631,
              43.2489118683995
            ],
            [
              21.3856055683782,
              43.2489721720527
            ],
            [
              21.3858448327496,
              43.2490686672035
            ],
            [
              21.3861078653799,
              43.2491961829101
            ],
            [
              21.386164761651,
              43.2492237595037
            ],
            [
              21.3862514466918,
              43.249255420869
            ],
            [
              21.3864123625228,
              43.2493141939832
            ],
            [
              21.3865458408832,
              43.2493705400755
            ],
            [
              21.3866627584333,
              43.2494370254339
            ],
            [
              21.386788386516,
              43.2495562324577
            ],
            [
              21.3869919252463,
              43.2497076691995
            ],
            [
              21.3870283360595,
              43.2497785704567
            ],
            [
              21.3871630265782,
              43.2500052289962
            ],
            [
              21.3872099846571,
              43.2500480620169
            ],
            [
              21.3872383374768,
              43.2500739265434
            ],
            [
              21.3872983377001,
              43.2500994849174
            ],
            [
              21.3874414651905,
              43.2501604599115
            ],
            [
              21.3875269444924,
              43.2502149710682
            ],
            [
              21.3876269029079,
              43.250278722329
            ],
            [
              21.3876280532125,
              43.2502794568152
            ],
            [
              21.3876405645936,
              43.2502814665866
            ],
            [
              21.3879502855493,
              43.2503311039974
            ],
            [
              21.3883254527275,
              43.250437301048
            ],
            [
              21.3883763864332,
              43.2504584872425
            ],
            [
              21.3887121779191,
              43.2505981880481
            ],
            [
              21.388887479287,
              43.25068481519
            ],
            [
              21.3890649250778,
              43.2507794462335
            ],
            [
              21.3892048054611,
              43.2508540406319
            ],
            [
              21.3892181246188,
              43.2508629342625
            ],
            [
              21.3894556209483,
              43.2510215142142
            ],
            [
              21.3894725640459,
              43.251023004435
            ],
            [
              21.3894999791578,
              43.2510254125935
            ],
            [
              21.3896115243369,
              43.2510980336897
            ],
            [
              21.3897756508838,
              43.2511704746278
            ],
            [
              21.3898367510749,
              43.251192589029
            ],
            [
              21.3903515824379,
              43.2514342254272
            ],
            [
              21.3906021036445,
              43.2515549775984
            ],
            [
              21.3906996960191,
              43.2516216148328
            ],
            [
              21.3907178028186,
              43.2516526812681
            ],
            [
              21.3907221111868,
              43.2516600656981
            ],
            [
              21.3907681383516,
              43.2517183650608
            ],
            [
              21.3907785671651,
              43.2517315798222
            ],
            [
              21.390789158632,
              43.2517449930304
            ],
            [
              21.3907908038211,
              43.2517460490619
            ],
            [
              21.3908102430586,
              43.2517585306738
            ],
            [
              21.3909870150188,
              43.2518720465317
            ],
            [
              21.3911027600982,
              43.2519518987727
            ],
            [
              21.3911625438929,
              43.2519931456031
            ],
            [
              21.3913158417516,
              43.2521041496663
            ],
            [
              21.3914274706959,
              43.2521890123518
            ],
            [
              21.3915639996638,
              43.2522777490558
            ],
            [
              21.3916281957451,
              43.2523403603462
            ],
            [
              21.3916894807216,
              43.2523908288531
            ],
            [
              21.3918370032726,
              43.2524653938414
            ],
            [
              21.3919413101547,
              43.2525660617985
            ],
            [
              21.3919459325865,
              43.2525705194851
            ],
            [
              21.3918458724676,
              43.2526960660233
            ],
            [
              21.39171476083,
              43.2528605802927
            ],
            [
              21.3917093126814,
              43.2528674136887
            ],
            [
              21.3917837115152,
              43.2529002925206
            ],
            [
              21.39185949285,
              43.2529337779856
            ],
            [
              21.3919261581727,
              43.2529859298137
            ],
            [
              21.3919627230121,
              43.253014527654
            ],
            [
              21.3924167092821,
              43.253288771869
            ],
            [
              21.3923255659039,
              43.2533439094674
            ],
            [
              21.3921210477836,
              43.2534825281342
            ],
            [
              21.391629309351,
              43.2538066809425
            ],
            [
              21.3912901502154,
              43.2541191944455
            ],
            [
              21.3912404947402,
              43.2541649522569
            ],
            [
              21.3909042851846,
              43.2545172254603
            ],
            [
              21.3908987195315,
              43.2545230596984
            ],
            [
              21.3913519919448,
              43.2546857767971
            ],
            [
              21.3916391441418,
              43.2548123398807
            ],
            [
              21.3916442193817,
              43.2548145727732
            ],
            [
              21.3918974162987,
              43.2549292797359
            ],
            [
              21.3922087675664,
              43.2550325507302
            ],
            [
              21.3923088987739,
              43.2550657623968
            ],
            [
              21.3923450462353,
              43.2550811291663
            ],
            [
              21.3925429725082,
              43.2551652759851
            ],
            [
              21.3925453925485,
              43.2551663032183
            ],
            [
              21.3924878792801,
              43.255280107134
            ],
            [
              21.3924627128087,
              43.2553152747879
            ],
            [
              21.3924136727969,
              43.2553837957037
            ],
            [
              21.3923805442507,
              43.2554389666202
            ],
            [
              21.3923505605675,
              43.2554889049299
            ],
            [
              21.3923477582404,
              43.2554935780619
            ],
            [
              21.3928789099058,
              43.2556803237531
            ],
            [
              21.393287848179,
              43.2558411170231
            ],
            [
              21.3936079698025,
              43.2559981668623
            ],
            [
              21.3937160976121,
              43.2560600386629
            ],
            [
              21.3937277545764,
              43.256066705222
            ],
            [
              21.3942070794397,
              43.2563875738974
            ],
            [
              21.3942768118596,
              43.2564480934998
            ],
            [
              21.3944577328442,
              43.2565427932394
            ],
            [
              21.3948563919686,
              43.256789296669
            ],
            [
              21.3948588782536,
              43.25679083599
            ],
            [
              21.3949062449838,
              43.2568210974656
            ],
            [
              21.3948371866006,
              43.2568639180378
            ],
            [
              21.3947270312428,
              43.2569880782081
            ],
            [
              21.3945508693654,
              43.2572077092562
            ],
            [
              21.3943581235864,
              43.25741537146
            ],
            [
              21.3943166635212,
              43.2574600388758
            ],
            [
              21.3942541504056,
              43.2575209116049
            ],
            [
              21.3941264805251,
              43.2576452414029
            ],
            [
              21.3940132500257,
              43.2577327741638
            ],
            [
              21.3938861740603,
              43.2578123430311
            ],
            [
              21.393884714433,
              43.2578131584773
            ],
            [
              21.3938720261775,
              43.2578202960445
            ],
            [
              21.393653880939,
              43.2579429593679
            ],
            [
              21.3935296449175,
              43.2580427722672
            ],
            [
              21.3934028976546,
              43.2581730213451
            ],
            [
              21.3932842150898,
              43.2582747950023
            ],
            [
              21.3931017766065,
              43.2583829117199
            ],
            [
              21.39298030636,
              43.2584726328838
            ],
            [
              21.3927610289739,
              43.25867396587
            ],
            [
              21.3927320130384,
              43.2587006130551
            ],
            [
              21.3925192771758,
              43.258934509206
            ],
            [
              21.392489633879,
              43.2589670997614
            ],
            [
              21.3922606641642,
              43.2591747583896
            ],
            [
              21.3922163877148,
              43.2592033577552
            ],
            [
              21.3921552343609,
              43.2592505591743
            ],
            [
              21.3920599273173,
              43.2593241199243
            ],
            [
              21.391915525136,
              43.2594355684594
            ],
            [
              21.3917470304769,
              43.2595679397218
            ],
            [
              21.3916754006186,
              43.2596330915446
            ],
            [
              21.3915638091721,
              43.2597769863585
            ],
            [
              21.3915460490691,
              43.2597998946914
            ],
            [
              21.3915302430766,
              43.2598239660395
            ],
            [
              21.3914526246925,
              43.2599421775057
            ],
            [
              21.3912623268083,
              43.2601314258902
            ],
            [
              21.3911796446398,
              43.2602209205946
            ],
            [
              21.3909286806315,
              43.2604570974656
            ],
            [
              21.3908213801523,
              43.2605871853256
            ],
            [
              21.3906835438652,
              43.2607378125633
            ],
            [
              21.3905900239061,
              43.2608658721087
            ],
            [
              21.3905408483585,
              43.2609755052214
            ],
            [
              21.3904586619156,
              43.2611421442677
            ],
            [
              21.3903676419238,
              43.2612377882011
            ],
            [
              21.3901579721319,
              43.2614230505165
            ],
            [
              21.3899760533021,
              43.2616143383097
            ],
            [
              21.3898852338472,
              43.2617221347635
            ],
            [
              21.3897085547453,
              43.2618666844651
            ],
            [
              21.3895263190207,
              43.2620092726865
            ],
            [
              21.3894296756582,
              43.2620927832153
            ],
            [
              21.3892782520191,
              43.2622271457319
            ],
            [
              21.3891841203278,
              43.2623106655123
            ],
            [
              21.3891293280462,
              43.2623575014717
            ],
            [
              21.3890102974782,
              43.262459254702
            ],
            [
              21.3889081094936,
              43.26254278454
            ],
            [
              21.388775628325,
              43.2626466723333
            ],
            [
              21.3887584499228,
              43.2626644744029
            ],
            [
              21.388646053342,
              43.2627809768527
            ],
            [
              21.388453782757,
              43.2630878829979
            ],
            [
              21.3884378187889,
              43.2631070045794
            ],
            [
              21.3883078374702,
              43.2632627519863
            ],
            [
              21.3882579640604,
              43.2633587128646
            ],
            [
              21.3881927372954,
              43.2634842349991
            ],
            [
              21.3881729600734,
              43.2635598557239
            ],
            [
              21.388168331382,
              43.2635775790972
            ],
            [
              21.3881506995627,
              43.2636072822714
            ],
            [
              21.3880392863109,
              43.2637950580657
            ],
            [
              21.3879658619751,
              43.2639197443222
            ],
            [
              21.3879459518349,
              43.2639535424057
            ],
            [
              21.3879158129957,
              43.264001806042
            ],
            [
              21.3878443903566,
              43.2641161958026
            ],
            [
              21.38784147298,
              43.2642164059536
            ],
            [
              21.3878398489975,
              43.2642723051872
            ],
            [
              21.3878302977504,
              43.2643119733829
            ],
            [
              21.3878216600301,
              43.2643478394143
            ],
            [
              21.3877992960463,
              43.2644407802922
            ],
            [
              21.3877954131023,
              43.2644556646517
            ],
            [
              21.387755896384,
              43.264607284903
            ],
            [
              21.3876513702997,
              43.2647496030321
            ],
            [
              21.3875439596401,
              43.2648838302435
            ],
            [
              21.3875223708945,
              43.2649075523182
            ],
            [
              21.3873015309836,
              43.2651503076589
            ],
            [
              21.3871667813627,
              43.265291675914
            ],
            [
              21.3871444266793,
              43.2653151303684
            ],
            [
              21.3871280932516,
              43.2653342440059
            ],
            [
              21.3870644679083,
              43.2654086640019
            ],
            [
              21.3869479109672,
              43.2655944759572
            ],
            [
              21.3869408272509,
              43.2656057791538
            ],
            [
              21.3869367270546,
              43.2656136432841
            ],
            [
              21.3869079722118,
              43.2656688148362
            ],
            [
              21.3868777491079,
              43.2657195997746
            ],
            [
              21.386853554822,
              43.265827164798
            ],
            [
              21.3868657256919,
              43.2659235608213
            ],
            [
              21.3868729917338,
              43.2659811219341
            ],
            [
              21.3868827492286,
              43.2660583245833
            ],
            [
              21.387009218672,
              43.2663032844989
            ],
            [
              21.3870622025875,
              43.2663655948498
            ],
            [
              21.3870762396344,
              43.266382092509
            ],
            [
              21.387138127068,
              43.2665055674433
            ],
            [
              21.3871771944345,
              43.2666702852704
            ],
            [
              21.3871809167242,
              43.2666859993042
            ],
            [
              21.3871525356111,
              43.2670247487786
            ],
            [
              21.3871320260881,
              43.2672844341231
            ],
            [
              21.3871531881842,
              43.2675500088409
            ],
            [
              21.3871563654071,
              43.267623003329
            ],
            [
              21.3871571516686,
              43.2676399339217
            ],
            [
              21.3871596533088,
              43.2676940173178
            ],
            [
              21.3871279626758,
              43.267819792634
            ],
            [
              21.3871136433791,
              43.2678766442561
            ],
            [
              21.3870458569656,
              43.2681405425232
            ],
            [
              21.3870131440206,
              43.2682258120197
            ],
            [
              21.38689483359,
              43.2683905021451
            ],
            [
              21.3867764118636,
              43.2685186435313
            ],
            [
              21.3866854008286,
              43.2686183364828
            ],
            [
              21.3865809298188,
              43.2687708250085
            ],
            [
              21.3865350848918,
              43.2688216085943
            ],
            [
              21.3863495030132,
              43.2690271805431
            ],
            [
              21.3862916072709,
              43.2691044342861
            ],
            [
              21.3862469679464,
              43.2692301990269
            ],
            [
              21.3862425998002,
              43.2692425105297
            ],
            [
              21.3861222469063,
              43.2695126187859
            ],
            [
              21.3860258074197,
              43.2696306026602
            ],
            [
              21.3858500547663,
              43.2699252983578
            ],
            [
              21.3857620034615,
              43.270045235631
            ],
            [
              21.3855721153287,
              43.2702872275039
            ],
            [
              21.3854617351051,
              43.2703829353472
            ],
            [
              21.3854631234579,
              43.2704018080188
            ],
            [
              21.3854648375281,
              43.2704252341451
            ],
            [
              21.3855159585095,
              43.2704210809134
            ],
            [
              21.3856437363463,
              43.2704107072721
            ],
            [
              21.3856476764062,
              43.2704103878308
            ],
            [
              21.3858598813671,
              43.2704417116681
            ],
            [
              21.3858602514997,
              43.2704417824567
            ],
            [
              21.3860088824762,
              43.2704714510814
            ],
            [
              21.3861433622756,
              43.2705422879206
            ],
            [
              21.3863486659941,
              43.2706307074215
            ],
            [
              21.3867934160239,
              43.2707912251015
            ],
            [
              21.3875328711539,
              43.2710724570683
            ],
            [
              21.387536329968,
              43.2710737780386
            ],
            [
              21.3883577779132,
              43.2713747171679
            ],
            [
              21.3885529391747,
              43.2714462158788
            ],
            [
              21.3887559539907,
              43.2715416606421
            ],
            [
              21.3889291747498,
              43.2716282143055
            ],
            [
              21.3889613566331,
              43.2716442979413
            ],
            [
              21.3890046591823,
              43.2716673925894
            ],
            [
              21.3895191158,
              43.2719416965285
            ],
            [
              21.3896511726949,
              43.2719982245846
            ],
            [
              21.389878960401,
              43.2720999996683
            ],
            [
              21.3899004949628,
              43.2721096206731
            ],
            [
              21.3899921774346,
              43.2721729935057
            ],
            [
              21.3904467096787,
              43.2724871720065
            ],
            [
              21.390806732086,
              43.2727424858672
            ],
            [
              21.3909855889236,
              43.2728914814727
            ],
            [
              21.3911154293466,
              43.2729854639268
            ],
            [
              21.3912573266365,
              43.2730579802384
            ],
            [
              21.3915041883022,
              43.2731498465445
            ],
            [
              21.3915257425894,
              43.2731776331467
            ],
            [
              21.3915386010383,
              43.2731941982044
            ],
            [
              21.3915641011934,
              43.2732167765127
            ],
            [
              21.3916268222877,
              43.2732722996542
            ],
            [
              21.3920619060268,
              43.2734365199578
            ],
            [
              21.3925504644337,
              43.2735826394617
            ],
            [
              21.3928503060795,
              43.2736556769108
            ],
            [
              21.3928532671065,
              43.2736563952174
            ],
            [
              21.3929752562215,
              43.2736791973782
            ],
            [
              21.3930217049227,
              43.2736985697739
            ],
            [
              21.3931001342316,
              43.2737481689027
            ],
            [
              21.3931299236912,
              43.273772839206
            ],
            [
              21.3931858478441,
              43.2738191667907
            ],
            [
              21.3932155751375,
              43.2738814478856
            ],
            [
              21.3932769030205,
              43.2739346165876
            ],
            [
              21.3932893253972,
              43.2739880452592
            ],
            [
              21.3933497963972,
              43.2739984574119
            ],
            [
              21.3935762023931,
              43.2740374593661
            ],
            [
              21.3937775332613,
              43.2740643224886
            ],
            [
              21.3939463624832,
              43.2740868525014
            ],
            [
              21.3939926901927,
              43.2741255795005
            ],
            [
              21.3940564054148,
              43.2741553436923
            ],
            [
              21.3940625091992,
              43.2741581942465
            ],
            [
              21.3941867280465,
              43.2741636480883
            ],
            [
              21.3941974488953,
              43.2741641154037
            ],
            [
              21.3941992772806,
              43.2741648114651
            ],
            [
              21.3942964988331,
              43.2742017583153
            ],
            [
              21.3943046281403,
              43.2742033871481
            ],
            [
              21.3943691576186,
              43.2742162691529
            ],
            [
              21.3945727561622,
              43.2743185423534
            ],
            [
              21.3945779229571,
              43.2743211349774
            ],
            [
              21.3945934383612,
              43.2743218909745
            ],
            [
              21.3946587668338,
              43.2743250837638
            ],
            [
              21.3950121507123,
              43.2744462776263
            ],
            [
              21.3951513653068,
              43.2745217689811
            ],
            [
              21.3951521208791,
              43.2745223606775
            ],
            [
              21.3952325971593,
              43.2745848594211
            ],
            [
              21.3953721011384,
              43.2746234862958
            ],
            [
              21.3953831716443,
              43.2746265528325
            ],
            [
              21.395504823556,
              43.2746725782322
            ],
            [
              21.3955820315601,
              43.2747157703669
            ],
            [
              21.3956324321102,
              43.2747439678902
            ],
            [
              21.3957137861731,
              43.2748069675166
            ],
            [
              21.3958593144053,
              43.2748398288931
            ],
            [
              21.3959163779251,
              43.2748527097464
            ],
            [
              21.3959430418693,
              43.274868154067
            ],
            [
              21.3960323795339,
              43.274919908747
            ],
            [
              21.3962467188551,
              43.2749909046604
            ],
            [
              21.3964130998078,
              43.2750528411233
            ],
            [
              21.3964378984749,
              43.2750620713848
            ],
            [
              21.3966406187891,
              43.2751457997694
            ],
            [
              21.3967292971167,
              43.2752038486326
            ],
            [
              21.396762494453,
              43.2752255805548
            ],
            [
              21.3968670954897,
              43.2753012808093
            ],
            [
              21.3969892786325,
              43.27542750983
            ],
            [
              21.3971344550668,
              43.2755283639519
            ],
            [
              21.3971855261659,
              43.2755571257506
            ],
            [
              21.3972388225297,
              43.2755871404486
            ],
            [
              21.3973016170369,
              43.2756749418377
            ],
            [
              21.397332205885,
              43.2757177021875
            ],
            [
              21.3975292656535,
              43.2758014495485
            ],
            [
              21.3975965859735,
              43.2758224043961
            ],
            [
              21.3977840791367,
              43.2758807644652
            ],
            [
              21.3980798223925,
              43.2760311666957
            ],
            [
              21.398155179505,
              43.276069493813
            ],
            [
              21.3982259260489,
              43.2761017335858
            ],
            [
              21.398311625406,
              43.2761407809841
            ],
            [
              21.3984449214486,
              43.2761951343105
            ],
            [
              21.3986879124001,
              43.2763159070328
            ],
            [
              21.3988161213717,
              43.276379630775
            ],
            [
              21.3988406441021,
              43.2763915718717
            ],
            [
              21.399401626891,
              43.2766647341844
            ],
            [
              21.3996741540435,
              43.2767947538859
            ],
            [
              21.3999118274796,
              43.2769078814253
            ],
            [
              21.4002888548863,
              43.2770965839899
            ],
            [
              21.4006192981326,
              43.2772642947663
            ],
            [
              21.4008803336773,
              43.2774069547165
            ],
            [
              21.4010994920054,
              43.2775215763971
            ],
            [
              21.4012573019711,
              43.2776041159357
            ],
            [
              21.4015590998806,
              43.2777803879191
            ],
            [
              21.4016682652676,
              43.2778399998453
            ],
            [
              21.4018665122747,
              43.2779482668632
            ],
            [
              21.4022259732044,
              43.2781243317785
            ],
            [
              21.4026664473886,
              43.2782916469474
            ],
            [
              21.4027765056094,
              43.2783334750107
            ],
            [
              21.4028691633025,
              43.2783712248212
            ],
            [
              21.4029622260571,
              43.2784511022239
            ],
            [
              21.4030492447115,
              43.2784930120844
            ],
            [
              21.4035137654682,
              43.2787271319898
            ],
            [
              21.403623360293,
              43.2787823651709
            ],
            [
              21.4036468819876,
              43.2787900594756
            ],
            [
              21.4036870753666,
              43.2788032030769
            ],
            [
              21.4037190423046,
              43.2788428421255
            ],
            [
              21.4037278253384,
              43.2788537391531
            ],
            [
              21.4037833308238,
              43.2788609234354
            ],
            [
              21.4037914571834,
              43.2788619744055
            ],
            [
              21.4037575706879,
              43.2789719199657
            ],
            [
              21.403603585549,
              43.2792891582295
            ],
            [
              21.4032781928859,
              43.2798984014905
            ],
            [
              21.4030840453008,
              43.2802537711443
            ],
            [
              21.4030622200967,
              43.2802901178163
            ],
            [
              21.4029468336901,
              43.2804822798192
            ],
            [
              21.4029471507507,
              43.2805297637378
            ],
            [
              21.4029474262333,
              43.2805709472604
            ],
            [
              21.4024958236764,
              43.2813242187594
            ],
            [
              21.4023013373517,
              43.2816729454753
            ],
            [
              21.4022102985218,
              43.2818361864264
            ],
            [
              21.4020214218187,
              43.2821156490989
            ],
            [
              21.4017924670743,
              43.2824457538015
            ],
            [
              21.4015746307857,
              43.2827252282811
            ],
            [
              21.4013509288704,
              43.2829751967324
            ],
            [
              21.4011709836139,
              43.2831885155204
            ],
            [
              21.4011484765101,
              43.283215204935
            ],
            [
              21.4011329502868,
              43.2832336063161
            ],
            [
              21.4010045188583,
              43.2834579675428
            ],
            [
              21.4009900727167,
              43.2834831969296
            ],
            [
              21.4009708442043,
              43.2835155468305
            ],
            [
              21.4009231367718,
              43.2835958156318
            ],
            [
              21.4007385597589,
              43.2839063711262
            ],
            [
              21.4007101515303,
              43.283998346672
            ],
            [
              21.4006706469209,
              43.2841262607295
            ],
            [
              21.4006739587143,
              43.2841722582767
            ],
            [
              21.4006770266789,
              43.2842149078562
            ],
            [
              21.4006753118387,
              43.2842182356703
            ],
            [
              21.400669995598,
              43.2842285348758
            ],
            [
              21.4003232478176,
              43.2849002217837
            ],
            [
              21.4002866819315,
              43.2849977437935
            ],
            [
              21.4002550802869,
              43.2850820332294
            ],
            [
              21.4002545696085,
              43.2850887416623
            ],
            [
              21.4002444214439,
              43.2852214216248
            ],
            [
              21.4002424064162,
              43.2852203310114
            ],
            [
              21.4001747968818,
              43.285183679206
            ],
            [
              21.4001200998515,
              43.2851838723479
            ],
            [
              21.4000974023781,
              43.2851839526409
            ],
            [
              21.40009384153,
              43.2851839650959
            ],
            [
              21.4000304013371,
              43.2852053442454
            ],
            [
              21.3999156039357,
              43.2853239457839
            ],
            [
              21.3998180977051,
              43.2854298838932
            ],
            [
              21.3997549077815,
              43.2854891597845
            ],
            [
              21.3996316909482,
              43.2854287316658
            ],
            [
              21.3994416930609,
              43.2853355562901
            ],
            [
              21.3994301461034,
              43.2853298894796
            ],
            [
              21.3991025271843,
              43.2856139781966
            ],
            [
              21.3988497637449,
              43.2858513510138
            ],
            [
              21.3987120214542,
              43.2860038806232
            ],
            [
              21.3985638574308,
              43.2862129512995
            ],
            [
              21.3985230312607,
              43.2862705547588
            ],
            [
              21.3985000799395,
              43.2862937441884
            ],
            [
              21.3984139637229,
              43.2863807641082
            ],
            [
              21.3981263565349,
              43.2866055664377
            ],
            [
              21.3979413835636,
              43.2867687489658
            ],
            [
              21.3977506383072,
              43.2869370109606
            ],
            [
              21.3975977011897,
              43.2870719303678
            ],
            [
              21.397583035474,
              43.2871016434747
            ],
            [
              21.3973409841641,
              43.2875922514053
            ],
            [
              21.3973392287275,
              43.2875952551421
            ],
            [
              21.397225258202,
              43.2877908919138
            ],
            [
              21.3971980485408,
              43.2878376087347
            ],
            [
              21.397129199778,
              43.2879181492093
            ],
            [
              21.3971108286883,
              43.2879842979131
            ],
            [
              21.3971010296635,
              43.2880196111415
            ],
            [
              21.39710146202,
              43.2880855045658
            ],
            [
              21.3971016389363,
              43.2881125106144
            ],
            [
              21.3971035871626,
              43.2881558124816
            ],
            [
              21.3971082761102,
              43.2882602110988
            ],
            [
              21.3970570237755,
              43.2883744469605
            ],
            [
              21.3971728848032,
              43.2884162601925
            ],
            [
              21.3971687888638,
              43.2884248080943
            ],
            [
              21.3971521334544,
              43.2884594976985
            ],
            [
              21.3970246948802,
              43.2887250100395
            ],
            [
              21.3969389125115,
              43.2888731249097
            ],
            [
              21.3968340195528,
              43.2889933286562
            ],
            [
              21.3968123090279,
              43.2890182144051
            ],
            [
              21.3967725706464,
              43.289063741845
            ],
            [
              21.3965483110887,
              43.2892545602343
            ],
            [
              21.3962439314453,
              43.2895554842005
            ],
            [
              21.3965251531613,
              43.2898204205974
            ],
            [
              21.3967576990672,
              43.2899348328343
            ],
            [
              21.3968991413365,
              43.2898555697307
            ],
            [
              21.3969162698002,
              43.2898459672008
            ],
            [
              21.3969180494669,
              43.2898449705172
            ],
            [
              21.3973502116055,
              43.289975155454
            ],
            [
              21.397274707935,
              43.2900729395381
            ],
            [
              21.3972334074658,
              43.2901264308374
            ],
            [
              21.3971427275708,
              43.2902438750918
            ],
            [
              21.3971211891487,
              43.2902874935054
            ],
            [
              21.3969298990231,
              43.2906750093772
            ],
            [
              21.3969006963513,
              43.2907638899409
            ],
            [
              21.3968952592285,
              43.2907804277785
            ],
            [
              21.396895102085,
              43.2907809055685
            ],
            [
              21.3968998312718,
              43.2907954001009
            ],
            [
              21.3969121798652,
              43.2908332279742
            ],
            [
              21.3969280504386,
              43.2908818833833
            ],
            [
              21.3969355757552,
              43.2908924521028
            ],
            [
              21.3969865086929,
              43.2909639566058
            ],
            [
              21.3970967538713,
              43.2910882491692
            ],
            [
              21.3973947756534,
              43.2913764406834
            ],
            [
              21.3975048712665,
              43.2914771466701
            ],
            [
              21.3975052108373,
              43.2915289076293
            ],
            [
              21.3974476050154,
              43.2916407803578
            ],
            [
              21.3974385262532,
              43.291658411426
            ],
            [
              21.397438369973,
              43.291660725255
            ],
            [
              21.3974325507704,
              43.2917431422172
            ],
            [
              21.3974043933847,
              43.2918654885192
            ],
            [
              21.3974344806367,
              43.292037052488
            ],
            [
              21.3974228986783,
              43.2922251460265
            ],
            [
              21.3973886717444,
              43.2923992764343
            ],
            [
              21.3975174846829,
              43.2924224092355
            ],
            [
              21.3976798743089,
              43.2924462256715
            ],
            [
              21.3986906359503,
              43.2925944339815
            ],
            [
              21.398738733897,
              43.2926014844248
            ],
            [
              21.3987386500405,
              43.292603743975
            ],
            [
              21.3987360254524,
              43.292676750836
            ],
            [
              21.3987435090073,
              43.2926940532296
            ],
            [
              21.3987654355513,
              43.2927447925349
            ],
            [
              21.3987631301881,
              43.2928811817641
            ],
            [
              21.3987614992643,
              43.2928862741564
            ],
            [
              21.3987012546799,
              43.2930744942067
            ],
            [
              21.3986938165829,
              43.2930977457342
            ],
            [
              21.3986077481943,
              43.2932497518335
            ],
            [
              21.39855371876,
              43.2933451656951
            ],
            [
              21.398388389241,
              43.2936537984727
            ],
            [
              21.3983154053791,
              43.2938187028967
            ],
            [
              21.3982329011513,
              43.2939976840095
            ],
            [
              21.3980696748209,
              43.2943344402799
            ],
            [
              21.3977819061325,
              43.2949281006208
            ],
            [
              21.3977024313624,
              43.2950811429051
            ],
            [
              21.3976263162689,
              43.2952577592287
            ],
            [
              21.3975502165701,
              43.2954368057874
            ],
            [
              21.3974871482249,
              43.2956298496964
            ],
            [
              21.3974364954654,
              43.2957616361866
            ],
            [
              21.397372856967,
              43.2958865369165
            ],
            [
              21.3973092964187,
              43.2960043254968
            ],
            [
              21.3972753317013,
              43.2960363558036
            ],
            [
              21.3972517292378,
              43.2960586287364
            ],
            [
              21.3972101965123,
              43.2961151265186
            ],
            [
              21.3971242998555,
              43.2962659404194
            ],
            [
              21.3970448874908,
              43.2964285232798
            ],
            [
              21.3970056111013,
              43.2965247387854
            ],
            [
              21.3969814497177,
              43.2965839397007
            ],
            [
              21.3968994090978,
              43.2967762296726
            ],
            [
              21.3968799764986,
              43.2968217667709
            ],
            [
              21.3967204701082,
              43.297043322904
            ],
            [
              21.3964395220986,
              43.2973899811714
            ],
            [
              21.3963498323357,
              43.2974702321932
            ],
            [
              21.3961357099165,
              43.2977084524531
            ],
            [
              21.3960029855841,
              43.2978950408568
            ],
            [
              21.3959730405983,
              43.2979371312046
            ],
            [
              21.3959560898376,
              43.2979553017494
            ],
            [
              21.3957347000514,
              43.2981927278779
            ],
            [
              21.3957332810851,
              43.2981942545656
            ],
            [
              21.3957027156,
              43.2981772119363
            ],
            [
              21.3954651048903,
              43.2980446772643
            ],
            [
              21.3954068818877,
              43.2980803206785
            ],
            [
              21.3953756152587,
              43.2980994599939
            ],
            [
              21.3953336333416,
              43.2981251628743
            ],
            [
              21.3952907728864,
              43.2981732119053
            ],
            [
              21.3952473751228,
              43.2982218750898
            ],
            [
              21.3951930990681,
              43.2982902094857
            ],
            [
              21.3951101051155,
              43.2983962724061
            ],
            [
              21.3950366486697,
              43.2984905990396
            ],
            [
              21.3947297999575,
              43.2987839802824
            ],
            [
              21.3946367362176,
              43.2988729553433
            ],
            [
              21.3946407671697,
              43.2988749755764
            ],
            [
              21.3951955230477,
              43.2991531304755
            ],
            [
              21.3950833588228,
              43.2992975439006
            ],
            [
              21.3949464323401,
              43.2994738388735
            ],
            [
              21.3946234659334,
              43.2998065075925
            ],
            [
              21.3943452675434,
              43.3001060714047
            ],
            [
              21.3942724335052,
              43.3001791147959
            ],
            [
              21.3940958322644,
              43.3003562046117
            ],
            [
              21.3938684752399,
              43.3005521579872
            ],
            [
              21.3937155107697,
              43.3007784597074
            ],
            [
              21.3936827577595,
              43.3008251046244
            ],
            [
              21.3936239670743,
              43.3009088201386
            ],
            [
              21.3935814196948,
              43.3009694072388
            ],
            [
              21.3935562873674,
              43.3009920178257
            ],
            [
              21.3931301131318,
              43.301375344214
            ],
            [
              21.393063980195,
              43.301435103613
            ],
            [
              21.392746084997,
              43.3017223528036
            ],
            [
              21.3924485489118,
              43.3020079374329
            ],
            [
              21.3923906656925,
              43.3020683254673
            ],
            [
              21.3922641973747,
              43.3022002642322
            ],
            [
              21.3920935064214,
              43.3023783391456
            ],
            [
              21.3920864587689,
              43.3023786874696
            ],
            [
              21.3920420021798,
              43.3023808577819
            ],
            [
              21.3920514283793,
              43.3024185349377
            ],
            [
              21.392051997703,
              43.3024207922405
            ],
            [
              21.392031256628,
              43.3024404438321
            ],
            [
              21.3919399047764,
              43.3025269534236
            ],
            [
              21.3918571683234,
              43.3025982840878
            ],
            [
              21.3918257287389,
              43.3026253893811
            ],
            [
              21.3916550450711,
              43.3027725237994
            ],
            [
              21.3914020752327,
              43.3029943976911
            ],
            [
              21.391258187579,
              43.303118846374
            ],
            [
              21.3912163785162,
              43.3031550077743
            ],
            [
              21.3909729333626,
              43.3033748986308
            ],
            [
              21.3909602629648,
              43.3033863480639
            ],
            [
              21.3908324183302,
              43.3035160603836
            ],
            [
              21.3907429951659,
              43.3036212352496
            ],
            [
              21.390714124766,
              43.3036551920597
            ],
            [
              21.3906383709984,
              43.3037222406035
            ],
            [
              21.3906021056046,
              43.3037543325748
            ],
            [
              21.3902974107963,
              43.3039458685321
            ],
            [
              21.3900792200233,
              43.3040571667838
            ],
            [
              21.3899045104346,
              43.3041929989101
            ],
            [
              21.3898453335265,
              43.3042390052012
            ],
            [
              21.389701602594,
              43.3043964703244
            ],
            [
              21.38963432044,
              43.3044701860511
            ],
            [
              21.3893498479254,
              43.304798032394
            ],
            [
              21.3891870430314,
              43.3050125734814
            ],
            [
              21.3889732125137,
              43.3053048876656
            ],
            [
              21.3888258822162,
              43.3055050348779
            ],
            [
              21.3887753796419,
              43.3055736522726
            ],
            [
              21.3883980409988,
              43.3061330632914
            ],
            [
              21.3882809939873,
              43.3063065938132
            ],
            [
              21.3881645315859,
              43.3064907179319
            ],
            [
              21.3880737931183,
              43.3066341727511
            ],
            [
              21.3880302770166,
              43.306699029194
            ],
            [
              21.3878792898246,
              43.3069240780432
            ],
            [
              21.3876590223314,
              43.3072328845087
            ],
            [
              21.3873369299046,
              43.3077088850837
            ],
            [
              21.3872922006937,
              43.3077749870755
            ],
            [
              21.3872074450029,
              43.3079142157751
            ],
            [
              21.3870182204025,
              43.308225038247
            ],
            [
              21.3869037477025,
              43.308444090303
            ],
            [
              21.3867061906863,
              43.3087786522039
            ],
            [
              21.3866393619348,
              43.308891766869
            ],
            [
              21.3864513999925,
              43.3092239546773
            ],
            [
              21.3862982672845,
              43.3094314343373
            ],
            [
              21.3860293929504,
              43.3098455815857
            ],
            [
              21.385957075962,
              43.3099569674643
            ],
            [
              21.3858136248689,
              43.3101949303308
            ],
            [
              21.3856284763649,
              43.3104376880669
            ],
            [
              21.3855996855737,
              43.3104754414151
            ],
            [
              21.3855898277124,
              43.3104895992436
            ],
            [
              21.3853732092052,
              43.3108007354197
            ],
            [
              21.3852966127534,
              43.3109004860471
            ],
            [
              21.3851559518062,
              43.3110836871634
            ],
            [
              21.3851304870252,
              43.3111307642448
            ],
            [
              21.3847772638653,
              43.3117832574557
            ],
            [
              21.38459578885,
              43.3121107351472
            ],
            [
              21.3845681529223,
              43.3121595743893
            ],
            [
              21.3843824503729,
              43.3124877412792
            ],
            [
              21.3841210530776,
              43.3129071281872
            ],
            [
              21.3839138186296,
              43.3132370324313
            ],
            [
              21.3838958889689,
              43.3132635318681
            ],
            [
              21.3837990125526,
              43.313406747105
            ],
            [
              21.3837738432504,
              43.3135009033377
            ],
            [
              21.3837535309989,
              43.3137018241136
            ],
            [
              21.3837405484573,
              43.3138302180912
            ],
            [
              21.3837799988376,
              43.3139664646344
            ],
            [
              21.383923178654,
              43.3142081344578
            ],
            [
              21.3839753652078,
              43.3143425102439
            ],
            [
              21.3839952418651,
              43.3143936912922
            ],
            [
              21.384026746206,
              43.3147932727757
            ],
            [
              21.3840753099811,
              43.3151359222091
            ],
            [
              21.3840840467218,
              43.3151975382297
            ],
            [
              21.3840839714589,
              43.3151992943756
            ],
            [
              21.3840812586288,
              43.3152633521648
            ],
            [
              21.3840408007459,
              43.3154173690844
            ],
            [
              21.3840089115838,
              43.3155387876528
            ],
            [
              21.3839771525271,
              43.3156395636745
            ],
            [
              21.3838857628992,
              43.315929529749
            ],
            [
              21.3832595780106,
              43.3158151482174
            ],
            [
              21.3825961953486,
              43.3156939757698
            ],
            [
              21.382257471281,
              43.3156058170704
            ],
            [
              21.3820691979266,
              43.3158768689592
            ],
            [
              21.3819386295321,
              43.3161100986162
            ],
            [
              21.3818664137369,
              43.3162010176488
            ],
            [
              21.3818300126945,
              43.3162468428116
            ],
            [
              21.3817661618753,
              43.3163269949935
            ],
            [
              21.3816822491039,
              43.3164085467642
            ],
            [
              21.3816156867772,
              43.3164732416441
            ],
            [
              21.3815824062429,
              43.3165095411767
            ],
            [
              21.3814621400217,
              43.3166407437396
            ],
            [
              21.3813440568088,
              43.3167821194711
            ],
            [
              21.3813183602376,
              43.3168128936434
            ],
            [
              21.3811330154023,
              43.3170415343195
            ],
            [
              21.3811149321542,
              43.3170714546546
            ],
            [
              21.3809736575603,
              43.3173051951788
            ],
            [
              21.3809696339437,
              43.3173103943165
            ],
            [
              21.38065055225,
              43.3177232485625
            ],
            [
              21.3803497155631,
              43.318034824383
            ],
            [
              21.3801672125082,
              43.318264895631
            ],
            [
              21.3799776959178,
              43.3185957222631
            ],
            [
              21.3797989073021,
              43.3188090365553
            ],
            [
              21.3795094191542,
              43.3191037392753
            ],
            [
              21.3794333833371,
              43.3191879817046
            ],
            [
              21.3790260404834,
              43.3196230582901
            ],
            [
              21.3789654589744,
              43.3196315243252
            ],
            [
              21.3789646962623,
              43.3196316349072
            ],
            [
              21.3787893057786,
              43.3197777829188
            ],
            [
              21.3785800595652,
              43.3200107333497
            ],
            [
              21.3784202051472,
              43.320177128372
            ],
            [
              21.3782564297667,
              43.3203475872904
            ],
            [
              21.3779367208682,
              43.3207011713434
            ],
            [
              21.3777963512746,
              43.3209479335281
            ],
            [
              21.3775528003676,
              43.3212173639028
            ],
            [
              21.3774998489264,
              43.3213266443664
            ],
            [
              21.3774784203637,
              43.3213721035293
            ],
            [
              21.377416615727,
              43.3215032699639
            ],
            [
              21.3772989824647,
              43.3216994552463
            ],
            [
              21.3772729090915,
              43.3217574964681
            ],
            [
              21.3772234631396,
              43.3218675927511
            ],
            [
              21.377195782225,
              43.3219247757171
            ],
            [
              21.3771705111075,
              43.3219769630979
            ],
            [
              21.3771564631565,
              43.3220534636241
            ],
            [
              21.3771556039705,
              43.3220581209195
            ],
            [
              21.3771707228638,
              43.322137792125
            ],
            [
              21.3771715385761,
              43.3221420567008
            ],
            [
              21.3772015035754,
              43.3221823307749
            ],
            [
              21.377391739621,
              43.3224379390853
            ],
            [
              21.3775234405176,
              43.3226585000047
            ],
            [
              21.3775696560245,
              43.3226947142074
            ],
            [
              21.3776780757888,
              43.3228594496246
            ],
            [
              21.3778824711499,
              43.3230714858502
            ],
            [
              21.378044333945,
              43.3232052559123
            ],
            [
              21.378252203984,
              43.3233612877746
            ],
            [
              21.3782396511139,
              43.3233708633231
            ],
            [
              21.3777105385134,
              43.323774393836
            ],
            [
              21.3773441517952,
              43.3240218177454
            ],
            [
              21.3772520417404,
              43.3241655706406
            ],
            [
              21.3772243217561,
              43.324208827257
            ],
            [
              21.3770404531858,
              43.324495791335
            ],
            [
              21.376979555529,
              43.3245574770429
            ],
            [
              21.3769798660944,
              43.3245578362019
            ],
            [
              21.377006626839,
              43.3245881744268
            ],
            [
              21.3770855925864,
              43.3246124866776
            ],
            [
              21.377402126042,
              43.3247099526335
            ],
            [
              21.3777169798966,
              43.3248069000928
            ],
            [
              21.3778360676725,
              43.3248428716993
            ],
            [
              21.3781239881902,
              43.3249231098871
            ],
            [
              21.3785001215719,
              43.3250113360669
            ],
            [
              21.3785578080541,
              43.3250279764896
            ],
            [
              21.3785435324533,
              43.3252098646268
            ],
            [
              21.3784685906021,
              43.3254703616601
            ],
            [
              21.3784345738245,
              43.3255516737754
            ],
            [
              21.3783739745642,
              43.3256609798654
            ],
            [
              21.3781764654635,
              43.3259610438357
            ],
            [
              21.3780746914125,
              43.3262300026357
            ],
            [
              21.3780483540705,
              43.326316869369
            ],
            [
              21.3778663044157,
              43.3266252532144
            ],
            [
              21.3777638481069,
              43.32678511018
            ],
            [
              21.3777147998027,
              43.3269083303169
            ],
            [
              21.3776848831938,
              43.3270343678167
            ],
            [
              21.3776858603637,
              43.3271910889928
            ],
            [
              21.3776412807222,
              43.3274179071234
            ],
            [
              21.3776311049407,
              43.3276249862032
            ],
            [
              21.377635800075,
              43.3277648619619
            ],
            [
              21.3776284688729,
              43.3278152973011
            ],
            [
              21.3776094775115,
              43.327854519036
            ],
            [
              21.3773964200693,
              43.3280958493078
            ],
            [
              21.3773205756043,
              43.3282332011731
            ],
            [
              21.3772029753785,
              43.3284378458068
            ],
            [
              21.3771460874145,
              43.3285303940742
            ],
            [
              21.3770546557101,
              43.3286202674815
            ],
            [
              21.3769101730477,
              43.3288053767817
            ],
            [
              21.3768456386454,
              43.3289175746278
            ],
            [
              21.376781415859,
              43.329060467951
            ],
            [
              21.3766946044844,
              43.3292790532142
            ],
            [
              21.3766338057406,
              43.3293575714847
            ],
            [
              21.3765230126791,
              43.3294278845741
            ],
            [
              21.3773327334042,
              43.3295735455412
            ],
            [
              21.3773308619111,
              43.3295780792071
            ],
            [
              21.3772530681147,
              43.3297672973745
            ],
            [
              21.3772232825005,
              43.3298397355299
            ],
            [
              21.3772003189663,
              43.3299306681509
            ],
            [
              21.3771334992851,
              43.3301953397401
            ],
            [
              21.3769326434927,
              43.3306159914868
            ],
            [
              21.3769140182401,
              43.3306549867671
            ],
            [
              21.3768797369057,
              43.330724631116
            ],
            [
              21.3767208743819,
              43.3310473915167
            ],
            [
              21.3763104708131,
              43.3310068056012
            ],
            [
              21.3763111168483,
              43.3310135460872
            ],
            [
              21.3763187769786,
              43.331093466934
            ],
            [
              21.3762671117147,
              43.3314322000972
            ],
            [
              21.3762379350955,
              43.3316589650426
            ],
            [
              21.3762362472543,
              43.3320032039167
            ],
            [
              21.3761157321728,
              43.3323561186735
            ],
            [
              21.3760249516129,
              43.332552302223
            ],
            [
              21.3758678518464,
              43.3331907893852
            ],
            [
              21.3757972946768,
              43.3335464183058
            ],
            [
              21.3756572616988,
              43.3338351248257
            ],
            [
              21.3755662877677,
              43.3340005211356
            ],
            [
              21.3754560737088,
              43.3341659814292
            ],
            [
              21.3753189260003,
              43.3343035357482
            ],
            [
              21.375626127172,
              43.3343836249576
            ],
            [
              21.3756457902288,
              43.3343884021267
            ],
            [
              21.3759134114675,
              43.3344534622881
            ],
            [
              21.3760209520809,
              43.3344796073812
            ],
            [
              21.3760695033267,
              43.3344914093994
            ],
            [
              21.3761598147541,
              43.3345133716678
            ],
            [
              21.3769969898599,
              43.3347596703577
            ],
            [
              21.3773080010381,
              43.3348369519729
            ],
            [
              21.3773423239791,
              43.33487275519
            ],
            [
              21.3773427585134,
              43.334873203984
            ],
            [
              21.3773503169792,
              43.3348750420886
            ],
            [
              21.3776037385141,
              43.3349366972924
            ],
            [
              21.3781110032794,
              43.3351392581609
            ],
            [
              21.3785412519396,
              43.3352721288561
            ],
            [
              21.3789715358504,
              43.3354302033456
            ],
            [
              21.3790193032644,
              43.3354464720621
            ],
            [
              21.3792053663843,
              43.3355098254491
            ],
            [
              21.3797283985433,
              43.3356879128106
            ],
            [
              21.3798128039854,
              43.3356960013799
            ],
            [
              21.3802619998869,
              43.335800805724
            ],
            [
              21.3805461027293,
              43.3358726761003
            ],
            [
              21.3808120190114,
              43.3360927788594
            ],
            [
              21.3810771783592,
              43.3362122432877
            ],
            [
              21.3815000528822,
              43.336387076875
            ],
            [
              21.3819614086294,
              43.336601026707
            ],
            [
              21.3822307336746,
              43.3367539597444
            ],
            [
              21.3823998830367,
              43.3368429580622
            ],
            [
              21.3826378829618,
              43.3368785224502
            ],
            [
              21.3826841836585,
              43.3369258953406
            ],
            [
              21.3825351986102,
              43.3371845513625
            ],
            [
              21.382509740074,
              43.3372287641849
            ],
            [
              21.3825032020433,
              43.3372812753485
            ],
            [
              21.3824877914544,
              43.3374050934646
            ],
            [
              21.3824654895826,
              43.3375058982918
            ],
            [
              21.3824939674877,
              43.337777206355
            ],
            [
              21.3823766891777,
              43.3380126387277
            ],
            [
              21.3823049517263,
              43.3381948072536
            ],
            [
              21.382179620078,
              43.3383854372037
            ],
            [
              21.3821762924978,
              43.338463854489
            ],
            [
              21.3821964145723,
              43.3386036746398
            ],
            [
              21.3822277244161,
              43.3387182518779
            ],
            [
              21.3822283967731,
              43.338824650918
            ],
            [
              21.3821869774425,
              43.3389255204536
            ],
            [
              21.3821299309198,
              43.3390123995995
            ],
            [
              21.3820727951674,
              43.3390657929193
            ],
            [
              21.3819963313247,
              43.3391052081802
            ],
            [
              21.3818778840963,
              43.3391560165499
            ],
            [
              21.3817783051787,
              43.339187048171
            ],
            [
              21.381709611079,
              43.3392265273497
            ],
            [
              21.3816256784401,
              43.3392939633113
            ],
            [
              21.3813783684294,
              43.3395829416858
            ],
            [
              21.3813214447495,
              43.339689534554
            ],
            [
              21.3812574363154,
              43.3398660046422
            ],
            [
              21.3812021501702,
              43.340213119497
            ],
            [
              21.3811770790671,
              43.340501440213
            ],
            [
              21.3811058648264,
              43.3407675023702
            ],
            [
              21.3810840884638,
              43.3409522922661
            ],
            [
              21.3810390538562,
              43.3411062839727
            ],
            [
              21.3809604379641,
              43.3414115287107
            ],
            [
              21.3808888169398,
              43.3415936949553
            ],
            [
              21.3808396062579,
              43.3416917993956
            ],
            [
              21.3807075134208,
              43.3420252188934
            ],
            [
              21.3806092305431,
              43.3422633765617
            ],
            [
              21.3805036532953,
              43.34253792593
            ],
            [
              21.3803446155692,
              43.3428630648815
            ],
            [
              21.3802498376399,
              43.3430312669116
            ],
            [
              21.3799794581712,
              43.3433232038299
            ],
            [
              21.379842655483,
              43.3435167515169
            ],
            [
              21.3797716410958,
              43.343796765472
            ],
            [
              21.3797617169217,
              43.344062621316
            ],
            [
              21.3797565044712,
              43.3440830465017
            ],
            [
              21.3797496178387,
              43.3441100118371
            ],
            [
              21.3797281299012,
              43.3441942503711
            ],
            [
              21.379723987829,
              43.344200538483
            ],
            [
              21.3796866139804,
              43.3442573037855
            ],
            [
              21.3796634983213,
              43.3442924072606
            ],
            [
              21.3796064741987,
              43.3442900059331
            ],
            [
              21.3796021807412,
              43.3442898220832
            ],
            [
              21.3795329762989,
              43.344296256774
            ],
            [
              21.3791916999445,
              43.3443279906527
            ],
            [
              21.3791653074376,
              43.3443304463432
            ],
            [
              21.379085258439,
              43.3443894968941
            ],
            [
              21.379009592981,
              43.3445576336049
            ],
            [
              21.3789046078927,
              43.3447492557737
            ],
            [
              21.3788332561301,
              43.3448795076982
            ],
            [
              21.3788314261397,
              43.3448828355321
            ],
            [
              21.3788313525949,
              43.3448846988138
            ],
            [
              21.3788302906235,
              43.3449121310423
            ],
            [
              21.3788248504207,
              43.3450535310486
            ],
            [
              21.3787679513645,
              43.3451656143315
            ],
            [
              21.3785097489651,
              43.3455526555458
            ],
            [
              21.3784847846241,
              43.3456097197455
            ],
            [
              21.3784643919142,
              43.3456563271554
            ],
            [
              21.3784268035944,
              43.3457795975196
            ],
            [
              21.3783699033942,
              43.3458720561164
            ],
            [
              21.3783226092433,
              43.3459324907062
            ],
            [
              21.3783127576656,
              43.345945072009
            ],
            [
              21.3782996562618,
              43.3459840842584
            ],
            [
              21.3782675923872,
              43.3460795293949
            ],
            [
              21.378265076527,
              43.3461091176038
            ],
            [
              21.3782604699993,
              43.3461634499772
            ],
            [
              21.3782643007655,
              43.3461842764964
            ],
            [
              21.3782764324458,
              43.3462501738592
            ],
            [
              21.37826098043,
              43.3463314935652
            ],
            [
              21.3782578032863,
              43.3463481750629
            ],
            [
              21.378255332712,
              43.346373136592
            ],
            [
              21.3782506115501,
              43.3464209338527
            ],
            [
              21.3782472965467,
              43.3465020513332
            ],
            [
              21.3782745704188,
              43.3465831558924
            ],
            [
              21.378316958724,
              43.3468124691553
            ],
            [
              21.3783108347123,
              43.3468252992575
            ],
            [
              21.378242107326,
              43.3469694585892
            ],
            [
              21.3781958183006,
              43.3470665445342
            ],
            [
              21.3781687593943,
              43.3471538437852
            ],
            [
              21.3781480606192,
              43.3472206348928
            ],
            [
              21.3781354324399,
              43.3472800885355
            ],
            [
              21.3781254154908,
              43.347327290984
            ],
            [
              21.3780957302594,
              43.3474047695516
            ],
            [
              21.3780567224357,
              43.3475065659445
            ],
            [
              21.37804725346,
              43.3476687202012
            ],
            [
              21.3780503257198,
              43.3477456564534
            ],
            [
              21.3780547143652,
              43.3478555719444
            ],
            [
              21.3780585890996,
              43.3479130980792
            ],
            [
              21.3780617853698,
              43.3479605089669
            ],
            [
              21.3780623326142,
              43.348047887109
            ],
            [
              21.3780635823723,
              43.348247659258
            ],
            [
              21.3780790030564,
              43.3483464473933
            ],
            [
              21.3781075890893,
              43.3484142254284
            ],
            [
              21.3781498713911,
              43.3485144537145
            ],
            [
              21.3781596513654,
              43.348551481316
            ],
            [
              21.3781714767731,
              43.348596207328
            ],
            [
              21.3781739316446,
              43.3486533608564
            ],
            [
              21.3781549937572,
              43.3487945892598
            ],
            [
              21.3781517769285,
              43.3488186167725
            ],
            [
              21.3781505737288,
              43.3488905363126
            ],
            [
              21.3781486392002,
              43.3490070342833
            ],
            [
              21.3781307262142,
              43.3491800182533
            ],
            [
              21.3781207082305,
              43.3492742108145
            ],
            [
              21.3781214715618,
              43.3493961818137
            ],
            [
              21.3781732491982,
              43.3495488588643
            ],
            [
              21.3782270949235,
              43.3496969385406
            ],
            [
              21.3782353140621,
              43.3497724809476
            ],
            [
              21.378235995754,
              43.3497787350381
            ],
            [
              21.378233554518,
              43.3498046680432
            ],
            [
              21.3782281292463,
              43.3498621168532
            ],
            [
              21.3782006792183,
              43.349904895384
            ],
            [
              21.3781715683103,
              43.3499502537936
            ],
            [
              21.3781714181637,
              43.3499556822184
            ],
            [
              21.3781697647348,
              43.350016692449
            ],
            [
              21.3782360642686,
              43.3501245824507
            ],
            [
              21.3783323170168,
              43.3502879132477
            ],
            [
              21.378445430865,
              43.3504449759467
            ],
            [
              21.3784921863794,
              43.350484967004
            ],
            [
              21.3786217612551,
              43.3505524970818
            ],
            [
              21.3786791062783,
              43.3505893023223
            ],
            [
              21.3787787699658,
              43.3506275864042
            ],
            [
              21.3788909362349,
              43.3506334225965
            ],
            [
              21.3791232748545,
              43.350564681116
            ],
            [
              21.3791781172571,
              43.3505605634327
            ],
            [
              21.3792099531942,
              43.350558179738
            ],
            [
              21.3793035151404,
              43.3505557867419
            ],
            [
              21.3793474721233,
              43.350554657661
            ],
            [
              21.3794079089425,
              43.3505673642761
            ],
            [
              21.3794302904319,
              43.3505720687292
            ],
            [
              21.3794343046345,
              43.3505729108419
            ],
            [
              21.3795023352259,
              43.3506221019612
            ],
            [
              21.3795726280051,
              43.3506974814958
            ],
            [
              21.3796111067419,
              43.3507745873983
            ],
            [
              21.3796329634151,
              43.3508764145552
            ],
            [
              21.3796678879169,
              43.3510553427885
            ],
            [
              21.3796654796036,
              43.3513394471185
            ],
            [
              21.3797130419088,
              43.3515076206891
            ],
            [
              21.3798243459874,
              43.3517095170158
            ],
            [
              21.3799482394277,
              43.3518928274907
            ],
            [
              21.3799761841363,
              43.3519622279598
            ],
            [
              21.3799852784485,
              43.3520548254703
            ],
            [
              21.3799888811895,
              43.3522940807718
            ],
            [
              21.3800040435589,
              43.3523511911027
            ],
            [
              21.3800444615284,
              43.3523834622803
            ],
            [
              21.3800952871601,
              43.352403365362
            ],
            [
              21.3802898927701,
              43.352394970068
            ],
            [
              21.3805227144161,
              43.3524019296775
            ],
            [
              21.3807723378029,
              43.352393350502
            ],
            [
              21.380764068909,
              43.3524319957246
            ],
            [
              21.3807550167596,
              43.3524578607345
            ],
            [
              21.3807229294279,
              43.3525494715035
            ],
            [
              21.3807158653668,
              43.3525696498394
            ],
            [
              21.3807142650681,
              43.352574210554
            ],
            [
              21.3804803430703,
              43.3527645377624
            ],
            [
              21.3804341959329,
              43.3528020861477
            ],
            [
              21.3803483520703,
              43.3529766847829
            ],
            [
              21.380277563192,
              43.3531206458356
            ],
            [
              21.3802883328862,
              43.3534788827968
            ],
            [
              21.3802744838424,
              43.3536203385325
            ],
            [
              21.3802744273711,
              43.3536209780412
            ],
            [
              21.3804018047652,
              43.3536243309494
            ],
            [
              21.3806384000183,
              43.3536305583077
            ],
            [
              21.3806561509217,
              43.3536850945358
            ],
            [
              21.3807256060007,
              43.3538984667721
            ],
            [
              21.3807397939242,
              43.3539420419375
            ],
            [
              21.3808751567566,
              43.3542797883809
            ],
            [
              21.3809121621336,
              43.3544355765869
            ],
            [
              21.3809682530435,
              43.3546052546069
            ],
            [
              21.3809989314416,
              43.3547749263065
            ],
            [
              21.3810550809211,
              43.3549538751303
            ],
            [
              21.3813327703631,
              43.3553636114425
            ],
            [
              21.3814622267481,
              43.3557615098609
            ],
            [
              21.3814668019899,
              43.3558217168088
            ],
            [
              21.3814468966794,
              43.3558850399272
            ],
            [
              21.3814128656197,
              43.3559932922614
            ],
            [
              21.3814224593467,
              43.3560199694637
            ],
            [
              21.3814300699834,
              43.3560411245056
            ],
            [
              21.3815985048019,
              43.3562428328959
            ],
            [
              21.3817222067575,
              43.3563936509426
            ],
            [
              21.3818396009979,
              43.3565415184202
            ],
            [
              21.38190155626,
              43.3566432120588
            ],
            [
              21.3819595536761,
              43.3567820066768
            ],
            [
              21.3819563068867,
              43.3569317184822
            ],
            [
              21.3819256245831,
              43.3570231267256
            ],
            [
              21.3819002443284,
              43.3570987107303
            ],
            [
              21.3818893148779,
              43.3571552514541
            ],
            [
              21.3818859094257,
              43.3571728432391
            ],
            [
              21.3819201216929,
              43.3572375425935
            ],
            [
              21.3819971174148,
              43.357376273735
            ],
            [
              21.3819983966104,
              43.3573795372007
            ],
            [
              21.3820039759149,
              43.3573937321913
            ],
            [
              21.3820595607706,
              43.3575351271976
            ],
            [
              21.3820834662628,
              43.3576477505346
            ],
            [
              21.3821474985675,
              43.3577262126393
            ],
            [
              21.3822901079236,
              43.3578616636834
            ],
            [
              21.382463496386,
              43.3581821795285
            ],
            [
              21.3826412466527,
              43.3585089818569
            ],
            [
              21.3826758566629,
              43.3586168886911
            ],
            [
              21.382742382584,
              43.3587772588522
            ],
            [
              21.3827914173129,
              43.3588249852431
            ],
            [
              21.3827838743639,
              43.3589778620752
            ],
            [
              21.382837905734,
              43.359152137333
            ],
            [
              21.3828770933891,
              43.3593202509411
            ],
            [
              21.3828744113625,
              43.3593406038115
            ],
            [
              21.3828640863815,
              43.3594188110377
            ],
            [
              21.3828528455331,
              43.3595040601537
            ],
            [
              21.382844231443,
              43.359524838083
            ],
            [
              21.3829407619853,
              43.359788224613
            ],
            [
              21.3830417492606,
              43.3600713556193
            ],
            [
              21.3830786766436,
              43.3602329052098
            ],
            [
              21.3831402186263,
              43.3603656569471
            ],
            [
              21.3831920744638,
              43.3605272474267
            ],
            [
              21.383214967142,
              43.3606935254258
            ],
            [
              21.3832717771551,
              43.3608384454212
            ],
            [
              21.383334781062,
              43.3610070192783
            ],
            [
              21.3833887648371,
              43.3611731930162
            ],
            [
              21.3834440676729,
              43.3613336021175
            ],
            [
              21.3835103168877,
              43.3615080206137
            ],
            [
              21.3835605133238,
              43.3616801517311
            ],
            [
              21.3836227800832,
              43.3618491826037
            ],
            [
              21.383681520863,
              43.3620067913434
            ],
            [
              21.3837294247479,
              43.3621674979406
            ],
            [
              21.3837974336643,
              43.3623856605346
            ],
            [
              21.3838909368006,
              43.3625384368325
            ],
            [
              21.3839041524694,
              43.3625600330015
            ],
            [
              21.3839032623484,
              43.3625617468454
            ],
            [
              21.3839049071367,
              43.3625622815947
            ],
            [
              21.384119416162,
              43.3626912820631
            ],
            [
              21.3842852649761,
              43.3628127035619
            ],
            [
              21.3844490774481,
              43.3629434036015
            ],
            [
              21.3845938855614,
              43.3630926220442
            ],
            [
              21.3846521272295,
              43.3632685065704
            ],
            [
              21.3847018630493,
              43.3634257857509
            ],
            [
              21.3847706426978,
              43.3636092876875
            ],
            [
              21.3848796182808,
              43.3637695181429
            ],
            [
              21.3850011755316,
              43.3639096323968
            ],
            [
              21.3850867144333,
              43.3640513976639
            ],
            [
              21.3851281051117,
              43.3642349906807
            ],
            [
              21.3853417530206,
              43.3645569068847
            ],
            [
              21.3854614939058,
              43.3647604004366
            ],
            [
              21.3856294376399,
              43.3648801929683
            ],
            [
              21.3857400802937,
              43.364972451865
            ],
            [
              21.3858423558184,
              43.3650678895564
            ],
            [
              21.385944917913,
              43.3652281414908
            ],
            [
              21.386053849183,
              43.3653806297592
            ],
            [
              21.3862070533179,
              43.3655298177506
            ],
            [
              21.3865788165715,
              43.3657447931427
            ],
            [
              21.3867338581709,
              43.3658337512072
            ],
            [
              21.386972872675,
              43.3661463966007
            ],
            [
              21.3871962936733,
              43.3663355849503
            ],
            [
              21.3873831549983,
              43.3664414483962
            ],
            [
              21.387557579671,
              43.3665705780836
            ],
            [
              21.3877296678735,
              43.3666811715573
            ],
            [
              21.3880088003905,
              43.3669766656223
            ],
            [
              21.3883211596714,
              43.3671809449677
            ],
            [
              21.3884721879853,
              43.3672978201173
            ],
            [
              21.3887967030083,
              43.3674155470484
            ],
            [
              21.3894773239625,
              43.3676109069912
            ],
            [
              21.3896388991274,
              43.3677353921923
            ],
            [
              21.3898343090028,
              43.3678443677505
            ],
            [
              21.3900360542679,
              43.3679408978622
            ],
            [
              21.3903203710778,
              43.3680603702419
            ],
            [
              21.3905263828696,
              43.368167777663
            ],
            [
              21.3907365108165,
              43.3682627480446
            ],
            [
              21.3910783613698,
              43.3684437747905
            ],
            [
              21.3912755725965,
              43.3685063811625
            ],
            [
              21.3915322956901,
              43.3685935377343
            ],
            [
              21.3916318554849,
              43.3686102090493
            ],
            [
              21.3922395601401,
              43.3686683368347
            ],
            [
              21.3924516723665,
              43.3687447533912
            ],
            [
              21.392680801035,
              43.3688196704096
            ],
            [
              21.3928908364513,
              43.3688992439527
            ],
            [
              21.3931135401367,
              43.368972561364
            ],
            [
              21.393215370891,
              43.3690154193704
            ],
            [
              21.393243136777,
              43.3690539432831
            ],
            [
              21.3933434532735,
              43.3691863776945
            ],
            [
              21.3934053819227,
              43.3692602509706
            ],
            [
              21.3935502801422,
              43.3694172878909
            ],
            [
              21.393646580735,
              43.3695774633856
            ],
            [
              21.3938214898579,
              43.3697946160082
            ],
            [
              21.3938856088926,
              43.3698823420905
            ],
            [
              21.3939364124296,
              43.3702172180109
            ],
            [
              21.3939494341865,
              43.3702650635542
            ],
            [
              21.3940261351374,
              43.3703327625389
            ],
            [
              21.3943156384686,
              43.3706003786881
            ],
            [
              21.394637019393,
              43.3708740962979
            ],
            [
              21.3947862732006,
              43.3710357052646
            ],
            [
              21.3948759751762,
              43.3711666432588
            ],
            [
              21.3950615405926,
              43.3713898810818
            ],
            [
              21.3952499858613,
              43.3717134808011
            ],
            [
              21.3953484245497,
              43.3718783270397
            ],
            [
              21.3953748034036,
              43.3720434232261
            ],
            [
              21.395426610432,
              43.3721915066469
            ],
            [
              21.3955398069563,
              43.3723485605203
            ],
            [
              21.3957936576244,
              43.3726533919204
            ],
            [
              21.3958281362751,
              43.3727366316533
            ],
            [
              21.3959054347258,
              43.3729139749401
            ],
            [
              21.396107609314,
              43.3730907965887
            ],
            [
              21.3961650142025,
              43.3731322777311
            ],
            [
              21.3962629100254,
              43.373213768671
            ],
            [
              21.3964141378667,
              43.3733552984995
            ],
            [
              21.3964915410877,
              43.3735295812818
            ],
            [
              21.3965507193203,
              43.3735216349478
            ],
            [
              21.3965386165395,
              43.3736143078785
            ],
            [
              21.3965255307352,
              43.3738768547706
            ],
            [
              21.3965312048229,
              43.3741022471254
            ],
            [
              21.3965269586803,
              43.3742634898853
            ],
            [
              21.3967037776926,
              43.3747131640409
            ],
            [
              21.3968623694004,
              43.3750359730121
            ],
            [
              21.3971251056426,
              43.3753394288038
            ],
            [
              21.3974911627923,
              43.375666189607
            ],
            [
              21.397959746111,
              43.3759516031949
            ],
            [
              21.398305843754,
              43.3761511182114
            ],
            [
              21.398543683552,
              43.3763077168239
            ],
            [
              21.3985720338416,
              43.3763965562075
            ],
            [
              21.3986393535116,
              43.3765563726614
            ],
            [
              21.3987129943481,
              43.3766450496291
            ],
            [
              21.3993820919593,
              43.3772447123836
            ],
            [
              21.3995223009801,
              43.3773788801924
            ],
            [
              21.3995686630067,
              43.3775412887346
            ],
            [
              21.3997560893266,
              43.3779673993354
            ],
            [
              21.3997708715054,
              43.3780943468588
            ],
            [
              21.3997547129514,
              43.3782823394508
            ],
            [
              21.3997382285376,
              43.3784399106376
            ],
            [
              21.3996717321164,
              43.3789100742214
            ],
            [
              21.3996496423314,
              43.3792656797588
            ],
            [
              21.3997352558863,
              43.3795600557095
            ],
            [
              21.3999083092838,
              43.3799200944637
            ],
            [
              21.4000357036367,
              43.3802244928066
            ],
            [
              21.4001244529009,
              43.3804883457778
            ],
            [
              21.4001261975053,
              43.3807525103034
            ],
            [
              21.400120712954,
              43.3809684568285
            ],
            [
              21.4003027499744,
              43.3816408809311
            ],
            [
              21.4005001590244,
              43.3820059659528
            ],
            [
              21.4006376664985,
              43.3822518260287
            ],
            [
              21.4007814958204,
              43.3824088265386
            ],
            [
              21.4010373747481,
              43.3826567852831
            ],
            [
              21.4015291589617,
              43.3832849964204
            ],
            [
              21.40174182641,
              43.383845618944
            ],
            [
              21.4018654160715,
              43.3840941412487
            ],
            [
              21.4019098971381,
              43.3845105407516
            ],
            [
              21.4019778425158,
              43.3847617823937
            ],
            [
              21.4020941290702,
              43.3849696478864
            ],
            [
              21.4021824718096,
              43.3851699622287
            ],
            [
              21.4024246661547,
              43.3854357965143
            ],
            [
              21.4024320853619,
              43.3855120067417
            ],
            [
              21.4025028642346,
              43.385669270126
            ],
            [
              21.4029275552104,
              43.3861681196198
            ],
            [
              21.4035291758924,
              43.3865470026386
            ],
            [
              21.4038158226989,
              43.3867035068996
            ],
            [
              21.4041195665833,
              43.386814222642
            ],
            [
              21.4044267058299,
              43.3868969306825
            ],
            [
              21.4046853778971,
              43.387040750737
            ],
            [
              21.4049576743745,
              43.3871363642756
            ],
            [
              21.4051639377118,
              43.3872499454166
            ],
            [
              21.4054016670257,
              43.3873811462395
            ],
            [
              21.4055875303746,
              43.3875633904377
            ],
            [
              21.4057456714561,
              43.387771123475
            ],
            [
              21.4058891374548,
              43.3878697274354
            ],
            [
              21.4060363150422,
              43.3880063934146
            ],
            [
              21.4063093411461,
              43.388190864382
            ],
            [
              21.4065124923013,
              43.3883730591347
            ],
            [
              21.4066671660583,
              43.3885782864431
            ],
            [
              21.4067837963154,
              43.388834414221
            ],
            [
              21.4068468719578,
              43.3888900904558
            ],
            [
              21.4070369200736,
              43.3891789932281
            ],
            [
              21.4072298779473,
              43.3893866029286
            ],
            [
              21.4073773387949,
              43.3895461257619
            ],
            [
              21.4074892902615,
              43.3896193600098
            ],
            [
              21.4078659668333,
              43.3896866186476
            ],
            [
              21.4080271169838,
              43.3898257471311
            ],
            [
              21.4081399600876,
              43.3900311153243
            ],
            [
              21.408388728991,
              43.3902588640209
            ],
            [
              21.4085116547211,
              43.3904032563385
            ],
            [
              21.4085751453658,
              43.3905198660059
            ],
            [
              21.4088516117968,
              43.3906991769768
            ],
            [
              21.409071687929,
              43.3908076672153
            ],
            [
              21.4091489049501,
              43.3908911927946
            ],
            [
              21.4092021652173,
              43.3910281806776
            ],
            [
              21.4093498388898,
              43.3912359397455
            ],
            [
              21.4093887717311,
              43.3913349025601
            ],
            [
              21.4095322356486,
              43.3914308824929
            ],
            [
              21.4096165264637,
              43.3915195122556
            ],
            [
              21.4096350608743,
              43.3916870458569
            ],
            [
              21.4097930070188,
              43.3918618220206
            ],
            [
              21.409815326774,
              43.3920775870033
            ],
            [
              21.4098408463975,
              43.3922375344801
            ],
            [
              21.4099150188809,
              43.392399827917
            ],
            [
              21.4098953423945,
              43.392575238635
            ],
            [
              21.4098651736899,
              43.3927505969032
            ],
            [
              21.409865862222,
              43.3928522160324
            ],
            [
              21.4098780862595,
              43.3931087019813
            ],
            [
              21.409861948284,
              43.3933145242455
            ],
            [
              21.4098323293145,
              43.3935711601307
            ],
            [
              21.4098474604756,
              43.393746356018
            ],
            [
              21.4096436326961,
              43.3939985780298
            ],
            [
              21.4093307865207,
              43.3946144773256
            ],
            [
              21.4093602343839,
              43.3948429220642
            ],
            [
              21.4091668307103,
              43.395084953346
            ],
            [
              21.4094600248027,
              43.3951779653974
            ],
            [
              21.4098272828182,
              43.3953976326681
            ],
            [
              21.4101773449622,
              43.3956478756145
            ],
            [
              21.4102633328491,
              43.3959853971021
            ],
            [
              21.4102603909961,
              43.3960574387661
            ],
            [
              21.4102484123539,
              43.3963512780741
            ],
            [
              21.4102705423618,
              43.3964051722657
            ],
            [
              21.4104609228163,
              43.3968687351871
            ],
            [
              21.4104571538491,
              43.3968773002407
            ],
            [
              21.4104196618007,
              43.3969626006877
            ],
            [
              21.4103099335657,
              43.3972122439009
            ],
            [
              21.4102196980661,
              43.3972984547552
            ],
            [
              21.4098604129315,
              43.397642346944
            ],
            [
              21.4097856184878,
              43.3978810716898
            ],
            [
              21.4097523553244,
              43.3979821001284
            ],
            [
              21.4099762719931,
              43.3983974373028
            ],
            [
              21.4100327623336,
              43.3984992218536
            ],
            [
              21.4103626131294,
              43.3988796994391
            ],
            [
              21.4106519108078,
              43.3992141432684
            ],
            [
              21.4107887403953,
              43.3994206847895
            ],
            [
              21.4110080862429,
              43.399743318376
            ],
            [
              21.411235684938,
              43.4000628603349
            ],
            [
              21.4113496767609,
              43.4001782079164
            ],
            [
              21.4115864758844,
              43.400488893503
            ],
            [
              21.4117489306111,
              43.4005961423383
            ],
            [
              21.411897561906,
              43.4007399879671
            ],
            [
              21.4121949443662,
              43.4010452305634
            ],
            [
              21.4122882409538,
              43.4011306759861
            ],
            [
              21.4127420816001,
              43.4013688245503
            ],
            [
              21.4131065950101,
              43.4015967660188
            ],
            [
              21.413264191717,
              43.4017330146265
            ],
            [
              21.4136359890753,
              43.4015991529883
            ],
            [
              21.4140128316745,
              43.4014812052357
            ],
            [
              21.414217120498,
              43.4013861241349
            ],
            [
              21.4144131350079,
              43.4012727990351
            ],
            [
              21.4146059267193,
              43.4011036757421
            ],
            [
              21.4147540921386,
              43.4009622603679
            ],
            [
              21.4149372030507,
              43.4008398902729
            ],
            [
              21.4153284670873,
              43.4006286331234
            ],
            [
              21.4154565188294,
              43.4005609228158
            ],
            [
              21.4158388468646,
              43.4003433059199
            ],
            [
              21.4161788961162,
              43.4000820052667
            ],
            [
              21.4165494935745,
              43.3998469654469
            ],
            [
              21.4167693257653,
              43.3998232950315
            ]
          ]
        ]
      }
    }
  ]
}
