{
  "type": "FeatureCollection",
  "name": "zvezdara",
  "features": [
    {
      "type": "Feature",
      "properties": {
        "slug": "zvezdara",
        "name": "Градска општина Звездара",
        "source_opstina_ime": "ЗВЕЗДАРА",
        "opstina_maticni_broj": "70149"
      },
      "geometry": {
        "type": "Polygon",
        "coordinates": [
          [
            [
              20.4921418974824,
              44.814928146065
            ],
            [
              20.4929616885891,
              44.8146249706194
            ],
            [
              20.4933538258797,
              44.8144722670981
            ],
            [
              20.4935103022286,
              44.8144341688157
            ],
            [
              20.4938270900291,
              44.8143532183293
            ],
            [
              20.4944174527379,
              44.8141733944514
            ],
            [
              20.4950156283971,
              44.8139669644978
            ],
            [
              20.4952459186022,
              44.8138876098505
            ],
            [
              20.4952731829951,
              44.813878189798
            ],
            [
              20.4953104812197,
              44.8138780836659
            ],
            [
              20.4953377225238,
              44.8139151014419
            ],
            [
              20.4954178416097,
              44.8139049237617
            ],
            [
              20.4954856014677,
              44.8138911814617
            ],
            [
              20.4956164052096,
              44.8138973352093
            ],
            [
              20.4963318193992,
              44.8139016493997
            ],
            [
              20.4963830460022,
              44.8139019554308
            ],
            [
              20.4964320928107,
              44.813903070129
            ],
            [
              20.4964723196403,
              44.8139005459316
            ],
            [
              20.4967772664145,
              44.8138574235844
            ],
            [
              20.4977385357016,
              44.8137393240846
            ],
            [
              20.4977809852047,
              44.8137282597938
            ],
            [
              20.4978090633506,
              44.8137124538392
            ],
            [
              20.4978251061195,
              44.8136994747664
            ],
            [
              20.4978345427321,
              44.8136900666311
            ],
            [
              20.4978429884176,
              44.813678403583
            ],
            [
              20.4978507049806,
              44.8136633182855
            ],
            [
              20.4978520418219,
              44.813640285684
            ],
            [
              20.4978533888176,
              44.8136160828386
            ],
            [
              20.4978845155773,
              44.8136131589422
            ],
            [
              20.4979925764811,
              44.813602922258
            ],
            [
              20.4980107966909,
              44.8136012019036
            ],
            [
              20.4980793991693,
              44.813592412088
            ],
            [
              20.4981055098808,
              44.8135890789905
            ],
            [
              20.4981550876605,
              44.8135827531475
            ],
            [
              20.4983340582538,
              44.8135598663207
            ],
            [
              20.4997024129328,
              44.813384493115
            ],
            [
              20.4997345613101,
              44.8133804029011
            ],
            [
              20.4997535261777,
              44.8133803059301
            ],
            [
              20.4998249902786,
              44.8133619879479
            ],
            [
              20.4998353103645,
              44.8133675226997
            ],
            [
              20.4998438548394,
              44.8133590098123
            ],
            [
              20.4999193693149,
              44.8133549294159
            ],
            [
              20.4999364652174,
              44.8133515834314
            ],
            [
              20.4999431805487,
              44.8133499933363
            ],
            [
              20.5005050410671,
              44.8132171748801
            ],
            [
              20.5006434604075,
              44.8131754787716
            ],
            [
              20.5007020222545,
              44.8131578240016
            ],
            [
              20.5007330785612,
              44.8131485092447
            ],
            [
              20.5008035118038,
              44.813117677558
            ],
            [
              20.5008695464104,
              44.8130837658484
            ],
            [
              20.5009347104384,
              44.8130481407745
            ],
            [
              20.5009991416956,
              44.8130096335514
            ],
            [
              20.5010549924758,
              44.812969018294
            ],
            [
              20.5010903955141,
              44.8129392936912
            ],
            [
              20.5011014351581,
              44.8129199025236
            ],
            [
              20.5011846389844,
              44.812829908881
            ],
            [
              20.5012052117254,
              44.8128341379572
            ],
            [
              20.5012309563583,
              44.8128394689835
            ],
            [
              20.5012548104505,
              44.8128443425369
            ],
            [
              20.5013176537784,
              44.8128581148955
            ],
            [
              20.5013704160723,
              44.8128695746452
            ],
            [
              20.5013768387266,
              44.8128709710247
            ],
            [
              20.5014010670987,
              44.8128762953925
            ],
            [
              20.5019495819629,
              44.812736032431
            ],
            [
              20.5021572136544,
              44.812687705493
            ],
            [
              20.5028096213655,
              44.8125358291674
            ],
            [
              20.5037150257766,
              44.8123524643749
            ],
            [
              20.5042465066058,
              44.812251444348
            ],
            [
              20.5043821525219,
              44.8122378104904
            ],
            [
              20.5045127336849,
              44.8122253238863
            ],
            [
              20.5045503125555,
              44.8122217068879
            ],
            [
              20.5045753659816,
              44.8122192949522
            ],
            [
              20.5050442795696,
              44.8121756887088
            ],
            [
              20.5052248297459,
              44.8121743060306
            ],
            [
              20.50534827969,
              44.8121528789769
            ],
            [
              20.5056323985461,
              44.8120891257916
            ],
            [
              20.5061607123862,
              44.8119287792035
            ],
            [
              20.5061953155351,
              44.8119183080074
            ],
            [
              20.50622193341,
              44.8119102328754
            ],
            [
              20.5066366432978,
              44.8117727950165
            ],
            [
              20.506659459005,
              44.8117659636679
            ],
            [
              20.5067056067626,
              44.8117507728095
            ],
            [
              20.5067230970255,
              44.8117457179895
            ],
            [
              20.5071058998584,
              44.8116284793242
            ],
            [
              20.5074272265032,
              44.8115299644255
            ],
            [
              20.507748997423,
              44.8114385604915
            ],
            [
              20.5082142602061,
              44.8113022331997
            ],
            [
              20.5082383342953,
              44.8112959461871
            ],
            [
              20.5086031381462,
              44.8111835753109
            ],
            [
              20.5086744760318,
              44.8111496827953
            ],
            [
              20.5089764021824,
              44.8109826847695
            ],
            [
              20.5093358834232,
              44.8107817337855
            ],
            [
              20.5095843192041,
              44.8106605821977
            ],
            [
              20.5095874340453,
              44.8106390865594
            ],
            [
              20.5095887503632,
              44.8106300026662
            ],
            [
              20.5096119449114,
              44.8106229923086
            ],
            [
              20.5096129096137,
              44.8106270465517
            ],
            [
              20.5096311171729,
              44.8107030800983
            ],
            [
              20.5096546005044,
              44.810691840827
            ],
            [
              20.5097155370583,
              44.8106619530992
            ],
            [
              20.509809700239,
              44.8106196975692
            ],
            [
              20.5101817228755,
              44.8104302269636
            ],
            [
              20.5102527001078,
              44.8103939013101
            ],
            [
              20.5105759395401,
              44.8102170006609
            ],
            [
              20.510976632846,
              44.8099701423027
            ],
            [
              20.5111807014722,
              44.8098473586791
            ],
            [
              20.511238170553,
              44.8098087258346
            ],
            [
              20.5112786001362,
              44.8097816293137
            ],
            [
              20.5113371377315,
              44.8097362511228
            ],
            [
              20.5113255029024,
              44.8097216231342
            ],
            [
              20.5114885264818,
              44.8096537407349
            ],
            [
              20.511522400981,
              44.8096395756914
            ],
            [
              20.5116743874789,
              44.8095762360519
            ],
            [
              20.5116831415583,
              44.8095725834708
            ],
            [
              20.5119206702459,
              44.8094695601321
            ],
            [
              20.5119307019398,
              44.809494351024
            ],
            [
              20.5119731847418,
              44.8094861442993
            ],
            [
              20.5119990805046,
              44.8094811425924
            ],
            [
              20.5119641916119,
              44.8094506659053
            ],
            [
              20.5121014217649,
              44.8093831234115
            ],
            [
              20.5122391576736,
              44.8093154028674
            ],
            [
              20.5122310042985,
              44.809307808875
            ],
            [
              20.5122455016424,
              44.8092976109555
            ],
            [
              20.512456924686,
              44.8091415581108
            ],
            [
              20.5125845457141,
              44.8090439155755
            ],
            [
              20.512653493559,
              44.8089884023159
            ],
            [
              20.512681279178,
              44.80896603062
            ],
            [
              20.5135528603747,
              44.8083280640489
            ],
            [
              20.5135906393805,
              44.8083004161789
            ],
            [
              20.513699902719,
              44.8082205132034
            ],
            [
              20.513802901571,
              44.8081339245047
            ],
            [
              20.5138521248349,
              44.8080981350407
            ],
            [
              20.5138988013428,
              44.8080645852723
            ],
            [
              20.514012399718,
              44.8079802011325
            ],
            [
              20.5141311770251,
              44.8078964690677
            ],
            [
              20.5142478005211,
              44.8078131778286
            ],
            [
              20.5143767710769,
              44.8077197691548
            ],
            [
              20.5143982075013,
              44.8077005379219
            ],
            [
              20.5144168943893,
              44.8076837607046
            ],
            [
              20.5144398225783,
              44.8076630693434
            ],
            [
              20.5144109383774,
              44.80762496883
            ],
            [
              20.5143960076478,
              44.8076114065021
            ],
            [
              20.5143924679047,
              44.8075963622296
            ],
            [
              20.5143910056044,
              44.807589786185
            ],
            [
              20.5145096795112,
              44.8075029934234
            ],
            [
              20.5145867599529,
              44.8074467132553
            ],
            [
              20.5145907832507,
              44.8074493401021
            ],
            [
              20.5146369315502,
              44.8074789636271
            ],
            [
              20.5152700697659,
              44.8070206872246
            ],
            [
              20.5152780592593,
              44.8070176603769
            ],
            [
              20.5153830643311,
              44.8069778768421
            ],
            [
              20.5156376886063,
              44.8067937424568
            ],
            [
              20.515931739881,
              44.8065655862719
            ],
            [
              20.5165891386698,
              44.8060166970266
            ],
            [
              20.5165967638437,
              44.8060103305166
            ],
            [
              20.5166867342476,
              44.8059388032833
            ],
            [
              20.5167852142725,
              44.8058473324308
            ],
            [
              20.5169137469099,
              44.8057296201819
            ],
            [
              20.5169171674457,
              44.8057271959462
            ],
            [
              20.5169689350217,
              44.8056906146872
            ],
            [
              20.5170582011111,
              44.8056126043716
            ],
            [
              20.5171480851658,
              44.8055361269772
            ],
            [
              20.5173102806237,
              44.8053986661636
            ],
            [
              20.5174286893648,
              44.8052971100537
            ],
            [
              20.5175126949888,
              44.8052130474534
            ],
            [
              20.517526170735,
              44.8052191340802
            ],
            [
              20.5175474528484,
              44.8051999736136
            ],
            [
              20.5175552220776,
              44.8051929864931
            ],
            [
              20.5175885796938,
              44.8051629690245
            ],
            [
              20.5175645299718,
              44.8051514381983
            ],
            [
              20.5175661932778,
              44.8051491055443
            ],
            [
              20.5175949322883,
              44.8051105101401
            ],
            [
              20.5177621757575,
              44.8048853432349
            ],
            [
              20.5178942893846,
              44.8047164366783
            ],
            [
              20.5178986494806,
              44.804708985931
            ],
            [
              20.5180077617776,
              44.8045240535852
            ],
            [
              20.5180748632315,
              44.8044202106247
            ],
            [
              20.5180852014769,
              44.8044235832763
            ],
            [
              20.5181239931428,
              44.8043647094106
            ],
            [
              20.5181428169506,
              44.8043356296983
            ],
            [
              20.5182349908746,
              44.8043637355459
            ],
            [
              20.5182432372445,
              44.8043662450467
            ],
            [
              20.5182975320569,
              44.8043828068236
            ],
            [
              20.518302195021,
              44.8043845369159
            ],
            [
              20.5184743289146,
              44.8044502445504
            ],
            [
              20.5185074698795,
              44.8044628838818
            ],
            [
              20.5185257455895,
              44.8044390221915
            ],
            [
              20.5185514314019,
              44.8044055611472
            ],
            [
              20.5186047213063,
              44.8043360382791
            ],
            [
              20.5186335846005,
              44.8043006119184
            ],
            [
              20.5186637656797,
              44.8042586203734
            ],
            [
              20.5186833209097,
              44.8042327835583
            ],
            [
              20.5187626896081,
              44.8041280916648
            ],
            [
              20.5188262244241,
              44.8040426824058
            ],
            [
              20.518951738177,
              44.8039220743909
            ],
            [
              20.5190792259889,
              44.8038225334765
            ],
            [
              20.519186607803,
              44.8037390172708
            ],
            [
              20.5192031458028,
              44.8037263973461
            ],
            [
              20.5192795986346,
              44.8036684009057
            ],
            [
              20.5193654750842,
              44.8036020737953
            ],
            [
              20.5194174743028,
              44.8035661126415
            ],
            [
              20.5194239832414,
              44.8035616137076
            ],
            [
              20.5194683300003,
              44.8035309577536
            ],
            [
              20.5195451488654,
              44.8034682554046
            ],
            [
              20.5195453270811,
              44.8034681121186
            ],
            [
              20.5195543633287,
              44.8034607610987
            ],
            [
              20.5195787190817,
              44.8034367537712
            ],
            [
              20.5196898418295,
              44.8033272345618
            ],
            [
              20.5197817051227,
              44.8031956048879
            ],
            [
              20.5197893550823,
              44.8031846390234
            ],
            [
              20.5197915420373,
              44.803181507339
            ],
            [
              20.5199146202279,
              44.8030186801216
            ],
            [
              20.519970524111,
              44.8029385476495
            ],
            [
              20.5201137682753,
              44.8027981233164
            ],
            [
              20.5201206184249,
              44.802801256972
            ],
            [
              20.5207016132592,
              44.8030665251952
            ],
            [
              20.520786127975,
              44.8031051177584
            ],
            [
              20.5207992125451,
              44.8030973425171
            ],
            [
              20.520869588629,
              44.8030555181313
            ],
            [
              20.5208817896246,
              44.8030429697887
            ],
            [
              20.5210205627493,
              44.8029001588754
            ],
            [
              20.5210211365788,
              44.8028995761367
            ],
            [
              20.5211264191664,
              44.8027912373245
            ],
            [
              20.5211693194508,
              44.8027470937909
            ],
            [
              20.5214803935489,
              44.8023656387155
            ],
            [
              20.5215502297281,
              44.8023860621133
            ],
            [
              20.5215959050797,
              44.8023994183295
            ],
            [
              20.5216071092014,
              44.8023881170431
            ],
            [
              20.5216495428546,
              44.8023452757955
            ],
            [
              20.5216958653752,
              44.8022985177416
            ],
            [
              20.5217068017759,
              44.8022874763888
            ],
            [
              20.5217877682261,
              44.8023131828568
            ],
            [
              20.5217995951823,
              44.8023169404013
            ],
            [
              20.5219236549645,
              44.8023563260618
            ],
            [
              20.5219248012562,
              44.8023553226097
            ],
            [
              20.5221507637148,
              44.8021576879425
            ],
            [
              20.5221769026726,
              44.8021348208982
            ],
            [
              20.5221994143022,
              44.8021151245641
            ],
            [
              20.522217646483,
              44.8020991723572
            ],
            [
              20.5223299443233,
              44.8020010946124
            ],
            [
              20.5223524819536,
              44.8019812993317
            ],
            [
              20.5223692300219,
              44.8019813864818
            ],
            [
              20.5223762068931,
              44.8019814246629
            ],
            [
              20.5224570165701,
              44.801981822911
            ],
            [
              20.5225070845722,
              44.8019821384851
            ],
            [
              20.5225415792798,
              44.8019823538216
            ],
            [
              20.5225630677239,
              44.8019824427571
            ],
            [
              20.5226356219301,
              44.8019828333728
            ],
            [
              20.5226386555799,
              44.8019783557369
            ],
            [
              20.5226919263351,
              44.8018995513447
            ],
            [
              20.5229541249306,
              44.8015115863481
            ],
            [
              20.5229737025272,
              44.8014826890182
            ],
            [
              20.5229822752094,
              44.8014701252924
            ],
            [
              20.5229863233608,
              44.8014712665806
            ],
            [
              20.5234087949644,
              44.8015904159904
            ],
            [
              20.5234560875013,
              44.8016037512064
            ],
            [
              20.5235177582465,
              44.8016211955993
            ],
            [
              20.523589912274,
              44.8016395830146
            ],
            [
              20.5236732312582,
              44.8015527132673
            ],
            [
              20.5236754631148,
              44.8015503918964
            ],
            [
              20.52383088757,
              44.8016079746951
            ],
            [
              20.5241014247969,
              44.8017082062097
            ],
            [
              20.5243556683518,
              44.8017961027722
            ],
            [
              20.5243580969433,
              44.8017927649546
            ],
            [
              20.5244171632095,
              44.8017115802944
            ],
            [
              20.5244390517342,
              44.8017183664078
            ],
            [
              20.5246564133446,
              44.8017857987639
            ],
            [
              20.5247147286108,
              44.8018038857069
            ],
            [
              20.5247125367925,
              44.8018074945847
            ],
            [
              20.5246460501874,
              44.8019168165135
            ],
            [
              20.5246222055024,
              44.8019559112056
            ],
            [
              20.5246208084585,
              44.801958200961
            ],
            [
              20.524619654984,
              44.8019600857293
            ],
            [
              20.524555716765,
              44.802065296986
            ],
            [
              20.5245752500315,
              44.8020709749946
            ],
            [
              20.5246712310044,
              44.8020988925574
            ],
            [
              20.5247382083327,
              44.8021183289659
            ],
            [
              20.5247558507987,
              44.8021234508387
            ],
            [
              20.5247738613627,
              44.8021299416805
            ],
            [
              20.5249536014868,
              44.8021947340925
            ],
            [
              20.5249552407779,
              44.8021952810456
            ],
            [
              20.5250289725154,
              44.802221863448
            ],
            [
              20.5250357889647,
              44.8022152589486
            ],
            [
              20.5251037675213,
              44.8021493652959
            ],
            [
              20.5251263784551,
              44.8021544357539
            ],
            [
              20.5251307694148,
              44.8021554163511
            ],
            [
              20.5253562475462,
              44.8022060244292
            ],
            [
              20.5253875015912,
              44.8022130293286
            ],
            [
              20.5255075336526,
              44.8022399379621
            ],
            [
              20.5255177795693,
              44.8022422391925
            ],
            [
              20.525523937535,
              44.8022436142121
            ],
            [
              20.5255350294984,
              44.802224301883
            ],
            [
              20.5256357537241,
              44.8020490533355
            ],
            [
              20.5256743885267,
              44.8020547924912
            ],
            [
              20.5257117584103,
              44.8020604363583
            ],
            [
              20.5257187504228,
              44.8020618688447
            ],
            [
              20.5258749308064,
              44.8020939567584
            ],
            [
              20.5262113711764,
              44.8021631992786
            ],
            [
              20.5264479894577,
              44.8022118709245
            ],
            [
              20.5267045412071,
              44.8022499867475
            ],
            [
              20.5267439327477,
              44.8022558367042
            ],
            [
              20.5267697129292,
              44.8022568419563
            ],
            [
              20.5269994483036,
              44.8022660658406
            ],
            [
              20.5270500554177,
              44.8022762634119
            ],
            [
              20.5273592514596,
              44.8023382815524
            ],
            [
              20.5273921509355,
              44.8023234406818
            ],
            [
              20.5273968073779,
              44.8023213363235
            ],
            [
              20.527410479451,
              44.8023218511147
            ],
            [
              20.5275849716853,
              44.8023284082999
            ],
            [
              20.52755543748,
              44.8023991139283
            ],
            [
              20.5275206415696,
              44.8024823982112
            ],
            [
              20.5275938017255,
              44.8025048373631
            ],
            [
              20.527594407173,
              44.8025050199122
            ],
            [
              20.5276022188181,
              44.8025082912297
            ],
            [
              20.5279180555898,
              44.8026401719773
            ],
            [
              20.5280627941172,
              44.8026868436346
            ],
            [
              20.5281265914539,
              44.8027072641612
            ],
            [
              20.5281903888285,
              44.8027276855526
            ],
            [
              20.5283298535122,
              44.8027701949542
            ],
            [
              20.5284784756396,
              44.802807423473
            ],
            [
              20.5284978897697,
              44.8028122820149
            ],
            [
              20.5286776014928,
              44.8028644067953
            ],
            [
              20.5287910102448,
              44.8028932300233
            ],
            [
              20.5288071581233,
              44.8028973368524
            ],
            [
              20.5288309997124,
              44.8029033739928
            ],
            [
              20.5289739292174,
              44.8029395980365
            ],
            [
              20.529058198382,
              44.8029610026981
            ],
            [
              20.5291289796402,
              44.8029775814016
            ],
            [
              20.5291811542974,
              44.802981575648
            ],
            [
              20.5293043272961,
              44.8029911684322
            ],
            [
              20.529449356059,
              44.8030023815172
            ],
            [
              20.5294949785125,
              44.8030116401376
            ],
            [
              20.5295525898922,
              44.8030233229171
            ],
            [
              20.5296417750191,
              44.8030307975329
            ],
            [
              20.5298665070376,
              44.8030496256341
            ],
            [
              20.5298697733909,
              44.8030411886811
            ],
            [
              20.5298880684572,
              44.8029939149302
            ],
            [
              20.5298987203958,
              44.8029960824052
            ],
            [
              20.529998873281,
              44.8030165074944
            ],
            [
              20.53004895024,
              44.8030267375625
            ],
            [
              20.5300573058616,
              44.8030284454614
            ],
            [
              20.530160539235,
              44.8030494763321
            ],
            [
              20.5301728994769,
              44.8030560069915
            ],
            [
              20.5302422311209,
              44.8030926495269
            ],
            [
              20.5302084200096,
              44.8032876267111
            ],
            [
              20.5302163209008,
              44.803290683063
            ],
            [
              20.5303340593976,
              44.8033361983087
            ],
            [
              20.5303461652188,
              44.8033413685652
            ],
            [
              20.5304857344416,
              44.803400986309
            ],
            [
              20.530801920658,
              44.8030996116923
            ],
            [
              20.5309942791143,
              44.8029163492956
            ],
            [
              20.5310142787673,
              44.8028973502864
            ],
            [
              20.5310512647901,
              44.8028882316624
            ],
            [
              20.5311089052655,
              44.802982513797
            ],
            [
              20.5311142706243,
              44.8029927866721
            ],
            [
              20.5311652998685,
              44.8030902914402
            ],
            [
              20.5312120517507,
              44.8031695085879
            ],
            [
              20.5312287624122,
              44.8031978361003
            ],
            [
              20.5312852670867,
              44.8032936348567
            ],
            [
              20.5314069820359,
              44.8034998651262
            ],
            [
              20.5314201141841,
              44.8035172879215
            ],
            [
              20.5314201134554,
              44.8035173779409
            ],
            [
              20.5314890250285,
              44.8036093664372
            ],
            [
              20.5316422330711,
              44.8038137451459
            ],
            [
              20.5317808355518,
              44.8039672326434
            ],
            [
              20.5318058694695,
              44.8039949460302
            ],
            [
              20.5318137616476,
              44.8040053552609
            ],
            [
              20.5318391410657,
              44.8040388206842
            ],
            [
              20.5319532697573,
              44.8043667510597
            ],
            [
              20.5320058177017,
              44.8045177475263
            ],
            [
              20.5320599135348,
              44.8046917528148
            ],
            [
              20.5320726805691,
              44.8047248343212
            ],
            [
              20.5320957022048,
              44.8047844163051
            ],
            [
              20.5321848358994,
              44.805068983766
            ],
            [
              20.5321875220033,
              44.8050775531921
            ],
            [
              20.5321890968672,
              44.8050845255712
            ],
            [
              20.5322483043223,
              44.8053460749996
            ],
            [
              20.5322624780744,
              44.8054086904657
            ],
            [
              20.5322696802961,
              44.8054531882913
            ],
            [
              20.5323083635655,
              44.8056921012199
            ],
            [
              20.5325327918182,
              44.805761356027
            ],
            [
              20.5325329557646,
              44.8057614107115
            ],
            [
              20.5326343848747,
              44.8061336045099
            ],
            [
              20.5326860543798,
              44.8063913076697
            ],
            [
              20.5327187391265,
              44.8065543277748
            ],
            [
              20.532786694164,
              44.8068605970195
            ],
            [
              20.5329845118226,
              44.8069902766536
            ],
            [
              20.5331498284582,
              44.8074206875057
            ],
            [
              20.533155826427,
              44.8074452809089
            ],
            [
              20.5332836444405,
              44.8077912116623
            ],
            [
              20.5333189883442,
              44.8079476635943
            ],
            [
              20.533363366981,
              44.8081440575049
            ],
            [
              20.5334178466564,
              44.8084288522277
            ],
            [
              20.5334423020857,
              44.8086268571119
            ],
            [
              20.5334534040139,
              44.80871170795
            ],
            [
              20.5334583831625,
              44.8087497699032
            ],
            [
              20.5335080594145,
              44.8090819740626
            ],
            [
              20.5335102217221,
              44.8090961127902
            ],
            [
              20.533678514437,
              44.8090937339331
            ],
            [
              20.5336978654161,
              44.8092346599845
            ],
            [
              20.5337081793342,
              44.8092334237802
            ],
            [
              20.5340395458889,
              44.8091935631645
            ],
            [
              20.5341376211389,
              44.8091817112453
            ],
            [
              20.5344377937648,
              44.8091454050338
            ],
            [
              20.5345259175129,
              44.8091290210016
            ],
            [
              20.5346412325913,
              44.8093848661087
            ],
            [
              20.5346416922271,
              44.8093858942354
            ],
            [
              20.5346793614944,
              44.8093803223077
            ],
            [
              20.5347904193616,
              44.8093639054828
            ],
            [
              20.534861175454,
              44.8093534810358
            ],
            [
              20.5349644262898,
              44.8093426397311
            ],
            [
              20.5350714729828,
              44.8093313807792
            ],
            [
              20.5350844792834,
              44.8093570558644
            ],
            [
              20.535151751179,
              44.8094899216937
            ],
            [
              20.5353149059524,
              44.8097670548333
            ],
            [
              20.5355361256962,
              44.8101508896064
            ],
            [
              20.5355543289008,
              44.8101845770452
            ],
            [
              20.5355984202951,
              44.8102661580674
            ],
            [
              20.5356817194705,
              44.8105219988104
            ],
            [
              20.5356931199203,
              44.81058270395
            ],
            [
              20.5356927672284,
              44.8105856813522
            ],
            [
              20.5356923062912,
              44.8105895405322
            ],
            [
              20.5357338696435,
              44.8110216092123
            ],
            [
              20.5357272689844,
              44.8114518463503
            ],
            [
              20.5357908019581,
              44.8116492776016
            ],
            [
              20.5358012916227,
              44.8116450990965
            ],
            [
              20.5365131977308,
              44.8113613030232
            ],
            [
              20.5367685808931,
              44.8112594950858
            ],
            [
              20.5368015576121,
              44.8112463982724
            ],
            [
              20.5369779388268,
              44.8111659341662
            ],
            [
              20.5371762707227,
              44.8110755644771
            ],
            [
              20.5374655709444,
              44.8109448791554
            ],
            [
              20.5374701416448,
              44.8109424679667
            ],
            [
              20.5377517375424,
              44.8107962803918
            ],
            [
              20.5377617531551,
              44.8107910915382
            ],
            [
              20.5380161319562,
              44.8106155359142
            ],
            [
              20.5380074634191,
              44.8106023251917
            ],
            [
              20.5378347477488,
              44.8103393231485
            ],
            [
              20.5376189306013,
              44.8099890840122
            ],
            [
              20.5372912490715,
              44.8096046446281
            ],
            [
              20.5372246105047,
              44.8095265287663
            ],
            [
              20.5369623389927,
              44.809216241018
            ],
            [
              20.5367939983092,
              44.808906690156
            ],
            [
              20.5367977049902,
              44.8089063541032
            ],
            [
              20.5368858486127,
              44.8088984196206
            ],
            [
              20.5369346119379,
              44.8088872754464
            ],
            [
              20.5369811646028,
              44.8089632413416
            ],
            [
              20.5369881564483,
              44.8089615142542
            ],
            [
              20.5370703178769,
              44.8089411809145
            ],
            [
              20.5370860514244,
              44.8089372936123
            ],
            [
              20.5372669531011,
              44.8089388297325
            ],
            [
              20.5374169114458,
              44.809111869492
            ],
            [
              20.5374191661996,
              44.8091112394668
            ],
            [
              20.5374710023868,
              44.8090967955911
            ],
            [
              20.5374895130135,
              44.8090916411644
            ],
            [
              20.5375567942452,
              44.8090730116481
            ],
            [
              20.5377071074176,
              44.8089942367695
            ],
            [
              20.5375781065334,
              44.8087436497398
            ],
            [
              20.5375772472299,
              44.8087419898505
            ],
            [
              20.5376266662185,
              44.8087198149053
            ],
            [
              20.5376340881823,
              44.8087164790212
            ],
            [
              20.5377030962309,
              44.8086855170554
            ],
            [
              20.5379739892101,
              44.8085639453506
            ],
            [
              20.5379708449158,
              44.8085508649962
            ],
            [
              20.5379082663521,
              44.8082907165884
            ],
            [
              20.5379088369755,
              44.8082905208483
            ],
            [
              20.5380030924353,
              44.8082578793107
            ],
            [
              20.5381383578427,
              44.8082110008889
            ],
            [
              20.5382843986278,
              44.808160458753
            ],
            [
              20.5384418483364,
              44.8081059295415
            ],
            [
              20.5384473122185,
              44.808104070158
            ],
            [
              20.5386113181934,
              44.8080484608352
            ],
            [
              20.5387919690596,
              44.8079871840774
            ],
            [
              20.538839772851,
              44.8080395027247
            ],
            [
              20.5388958745573,
              44.8081009074959
            ],
            [
              20.5391186563298,
              44.8080176521364
            ],
            [
              20.5393409269659,
              44.8079346652465
            ],
            [
              20.5394409802042,
              44.807897275625
            ],
            [
              20.5395301166383,
              44.8078639739227
            ],
            [
              20.5396459932754,
              44.8078206902447
            ],
            [
              20.5397181340372,
              44.8077943398231
            ],
            [
              20.5399250588575,
              44.8080089693441
            ],
            [
              20.5399257862824,
              44.8080097275615
            ],
            [
              20.5400013415983,
              44.8079863875593
            ],
            [
              20.5401487021961,
              44.8079408715968
            ],
            [
              20.54021398374,
              44.8079234486603
            ],
            [
              20.5402516985821,
              44.8079133847648
            ],
            [
              20.54039141418,
              44.8078785746703
            ],
            [
              20.5404678783494,
              44.8078651107609
            ],
            [
              20.5406169321869,
              44.8078324165794
            ],
            [
              20.540756740975,
              44.8078017465375
            ],
            [
              20.5408132212669,
              44.8077893633223
            ],
            [
              20.541067586002,
              44.8077401614404
            ],
            [
              20.5410872118718,
              44.8077363603449
            ],
            [
              20.5411072163963,
              44.8077324896501
            ],
            [
              20.5411567851454,
              44.8077165064084
            ],
            [
              20.5413319412905,
              44.8076600476518
            ],
            [
              20.5413811040555,
              44.8076442157199
            ],
            [
              20.5413987292769,
              44.8076389850847
            ],
            [
              20.5414115403477,
              44.8076351844746
            ],
            [
              20.5415745968758,
              44.8075868399797
            ],
            [
              20.5417784932368,
              44.8075263827803
            ],
            [
              20.5418118065694,
              44.8075165167621
            ],
            [
              20.5421363711407,
              44.8074139534329
            ],
            [
              20.5422058337384,
              44.8073920098951
            ],
            [
              20.5423108836731,
              44.8073588508283
            ],
            [
              20.5424311530966,
              44.8073208104199
            ],
            [
              20.5424780403398,
              44.8073064173564
            ],
            [
              20.5424759778045,
              44.807295384963
            ],
            [
              20.5424693057593,
              44.8072595833722
            ],
            [
              20.5423756420008,
              44.8069038081522
            ],
            [
              20.5423838871528,
              44.8069018516978
            ],
            [
              20.5425371235982,
              44.8068655717721
            ],
            [
              20.5425354707155,
              44.8068587072521
            ],
            [
              20.5423970592601,
              44.8062848861744
            ],
            [
              20.5423976421378,
              44.806284735472
            ],
            [
              20.5427175420605,
              44.8062021043236
            ],
            [
              20.5427274526771,
              44.8061894004471
            ],
            [
              20.5428737191822,
              44.8060018501643
            ],
            [
              20.5428978984421,
              44.8059653177633
            ],
            [
              20.5429149770158,
              44.805939556015
            ],
            [
              20.5429520120536,
              44.805883724757
            ],
            [
              20.5429557132194,
              44.8058308919661
            ],
            [
              20.5429611222325,
              44.8057536231486
            ],
            [
              20.5430606952314,
              44.8056864310304
            ],
            [
              20.5430801269921,
              44.805673315105
            ],
            [
              20.5431206176993,
              44.8056459905811
            ],
            [
              20.543372711223,
              44.8055641053579
            ],
            [
              20.5434906896351,
              44.8055257854944
            ],
            [
              20.5434817917057,
              44.8054869250977
            ],
            [
              20.5434717438112,
              44.8054430017486
            ],
            [
              20.5434530516456,
              44.8053601289901
            ],
            [
              20.5434330175931,
              44.8052710411226
            ],
            [
              20.5434158835195,
              44.8051828650675
            ],
            [
              20.5434032491335,
              44.8051173863247
            ],
            [
              20.5433926643485,
              44.8050484058037
            ],
            [
              20.5433878312605,
              44.8050053044921
            ],
            [
              20.5433750581617,
              44.8048913787698
            ],
            [
              20.5433725731814,
              44.8048697688749
            ],
            [
              20.5433722222343,
              44.8048661683787
            ],
            [
              20.5433483886323,
              44.8047618551226
            ],
            [
              20.5433291158415,
              44.8046563006846
            ],
            [
              20.543306690443,
              44.8045336338908
            ],
            [
              20.5433021812221,
              44.8043781805821
            ],
            [
              20.543302011082,
              44.8043723392521
            ],
            [
              20.5432951458614,
              44.8043225339431
            ],
            [
              20.5432613436619,
              44.8040771634881
            ],
            [
              20.543261710769,
              44.8040367287178
            ],
            [
              20.5432621879539,
              44.8039855484196
            ],
            [
              20.5432719073429,
              44.8039356383891
            ],
            [
              20.543288397514,
              44.803851015809
            ],
            [
              20.5432803775136,
              44.8038517399239
            ],
            [
              20.5432555950882,
              44.8038539633894
            ],
            [
              20.5431963044897,
              44.8038592887306
            ],
            [
              20.5432049901124,
              44.8037511454113
            ],
            [
              20.5432067046879,
              44.8037242337852
            ],
            [
              20.5432114785689,
              44.8036490238988
            ],
            [
              20.5432301233069,
              44.8034958309093
            ],
            [
              20.5432284763195,
              44.8034316554852
            ],
            [
              20.5432762982946,
              44.8031539765244
            ],
            [
              20.5433080675733,
              44.8029695622258
            ],
            [
              20.5434193760568,
              44.8025895817562
            ],
            [
              20.5435001667387,
              44.8022966883479
            ],
            [
              20.5436572031742,
              44.8019881412916
            ],
            [
              20.5437345903941,
              44.8018361083159
            ],
            [
              20.5437452458231,
              44.8018150910492
            ],
            [
              20.5440890322189,
              44.8011392111469
            ],
            [
              20.5441117684698,
              44.8010944914617
            ],
            [
              20.5442289811688,
              44.800944389639
            ],
            [
              20.5443445082291,
              44.8008011397733
            ],
            [
              20.5446002857242,
              44.800483993818
            ],
            [
              20.5446089481543,
              44.800475478932
            ],
            [
              20.5446413092494,
              44.8004444764195
            ],
            [
              20.5446484284072,
              44.8004376559003
            ],
            [
              20.5447187219469,
              44.8004683547213
            ],
            [
              20.544847241275,
              44.8005245026438
            ],
            [
              20.5448542700146,
              44.8005275725132
            ],
            [
              20.5449196254274,
              44.8004475536795
            ],
            [
              20.5449832966933,
              44.8003695977124
            ],
            [
              20.5451173539064,
              44.8002373459967
            ],
            [
              20.5451994645585,
              44.8001563503749
            ],
            [
              20.5452951850605,
              44.8000482995324
            ],
            [
              20.5455754059808,
              44.7997319697491
            ],
            [
              20.5457945769772,
              44.7995058636054
            ],
            [
              20.5458758099857,
              44.7994220552967
            ],
            [
              20.5459724614695,
              44.7993223427506
            ],
            [
              20.5460491517703,
              44.7992163500343
            ],
            [
              20.5460961473291,
              44.7991513866977
            ],
            [
              20.5461892054185,
              44.7989854391834
            ],
            [
              20.5464209303623,
              44.798493348295
            ],
            [
              20.5465630068866,
              44.7982812452766
            ],
            [
              20.5465992120711,
              44.7982092108278
            ],
            [
              20.546770471774,
              44.7978686164312
            ],
            [
              20.5467813163957,
              44.7978181883838
            ],
            [
              20.5468193850243,
              44.7976411149589
            ],
            [
              20.5468663499229,
              44.7974691351759
            ],
            [
              20.5470040698888,
              44.7971827664634
            ],
            [
              20.5470522449403,
              44.7971153686802
            ],
            [
              20.5473600698463,
              44.7966850475599
            ],
            [
              20.5474963564801,
              44.7964038956371
            ],
            [
              20.5476027877132,
              44.796223693506
            ],
            [
              20.5477059327658,
              44.79597804902
            ],
            [
              20.5477538085754,
              44.7957337690746
            ],
            [
              20.547763835632,
              44.7956826364023
            ],
            [
              20.5477739688724,
              44.7956310180278
            ],
            [
              20.5478262233775,
              44.7953793222193
            ],
            [
              20.5478280172774,
              44.7953680071939
            ],
            [
              20.5479030218724,
              44.7948959795408
            ],
            [
              20.5479348184276,
              44.7946958602714
            ],
            [
              20.5479742403147,
              44.7944477144568
            ],
            [
              20.5479890128321,
              44.7944171760786
            ],
            [
              20.5480787543767,
              44.7942324197617
            ],
            [
              20.5481082046439,
              44.7941717918112
            ],
            [
              20.5481100138958,
              44.7941667595103
            ],
            [
              20.5481988650775,
              44.793922154405
            ],
            [
              20.548201191235,
              44.7939156846875
            ],
            [
              20.5482896364034,
              44.7936744069271
            ],
            [
              20.5483877641503,
              44.7934069798274
            ],
            [
              20.5484926514857,
              44.7932456807971
            ],
            [
              20.5487030136297,
              44.7929451312714
            ],
            [
              20.5489416857119,
              44.7925789082943
            ],
            [
              20.549278774634,
              44.7921844568868
            ],
            [
              20.5492871780861,
              44.7921764807466
            ],
            [
              20.5496366713666,
              44.7918443512017
            ],
            [
              20.5498012895623,
              44.7916558367827
            ],
            [
              20.5499398954734,
              44.7914970971963
            ],
            [
              20.5500070783643,
              44.7913581438627
            ],
            [
              20.5500215793451,
              44.7913281433701
            ],
            [
              20.5500511615416,
              44.7912975910412
            ],
            [
              20.5500878268715,
              44.7912597405736
            ],
            [
              20.5501802138346,
              44.7910956882089
            ],
            [
              20.5501834302984,
              44.791088321729
            ],
            [
              20.5502237293705,
              44.7909939072534
            ],
            [
              20.5502434094391,
              44.7909478094893
            ],
            [
              20.5502501328851,
              44.7909461264389
            ],
            [
              20.550312421016,
              44.7909305331507
            ],
            [
              20.5505350887447,
              44.7909001835775
            ],
            [
              20.5506571769447,
              44.7908834759973
            ],
            [
              20.5508176812895,
              44.7908509907976
            ],
            [
              20.550840958869,
              44.7908462769451
            ],
            [
              20.5508821238409,
              44.790837943408
            ],
            [
              20.5509079325132,
              44.7908327173647
            ],
            [
              20.5508287085876,
              44.7906761419435
            ],
            [
              20.5508276378916,
              44.7906740132
            ],
            [
              20.5509292477436,
              44.7906413772125
            ],
            [
              20.5512853890615,
              44.7905269666376
            ],
            [
              20.5513002303745,
              44.7905198249443
            ],
            [
              20.552316169749,
              44.7900318215324
            ],
            [
              20.5524266360257,
              44.7899813188378
            ],
            [
              20.5525466195693,
              44.7899420116227
            ],
            [
              20.5528394130666,
              44.7898801633161
            ],
            [
              20.5532821572703,
              44.7898427496773
            ],
            [
              20.5536142710686,
              44.7898282097045
            ],
            [
              20.5538167338828,
              44.7898429768853
            ],
            [
              20.5539036477045,
              44.7898493191188
            ],
            [
              20.5542765784682,
              44.7898847938499
            ],
            [
              20.5542625534153,
              44.7899738515551
            ],
            [
              20.5542623675738,
              44.7899750022184
            ],
            [
              20.5546304504264,
              44.7899834591028
            ],
            [
              20.5550198102972,
              44.7899860571159
            ],
            [
              20.5555971591154,
              44.7899475834936
            ],
            [
              20.555628390193,
              44.7899455003656
            ],
            [
              20.5556347702833,
              44.7899458582739
            ],
            [
              20.5559275058504,
              44.7899623583713
            ],
            [
              20.555930184725,
              44.7899625128239
            ],
            [
              20.5560409023971,
              44.7899780616719
            ],
            [
              20.5560730183807,
              44.7899825778161
            ],
            [
              20.5562548883352,
              44.790008139853
            ],
            [
              20.5567282345131,
              44.7900348143975
            ],
            [
              20.55723795389,
              44.7900481282169
            ],
            [
              20.5576064329076,
              44.7900543237802
            ],
            [
              20.5579695942552,
              44.7900617578886
            ],
            [
              20.55808286039,
              44.7900714559517
            ],
            [
              20.5581435090464,
              44.7900766490599
            ],
            [
              20.5581954930438,
              44.7900861468042
            ],
            [
              20.5583166641901,
              44.7901082767251
            ],
            [
              20.5589205892656,
              44.7902820479693
            ],
            [
              20.5591712687028,
              44.79035708013
            ],
            [
              20.5595127735183,
              44.790488078929
            ],
            [
              20.5595245020387,
              44.7904763618171
            ],
            [
              20.55980577195,
              44.7901954182029
            ],
            [
              20.559833289691,
              44.7901679413498
            ],
            [
              20.560021892801,
              44.7902798108689
            ],
            [
              20.5604268853126,
              44.7905896913824
            ],
            [
              20.560472247672,
              44.7906244238338
            ],
            [
              20.5608135163286,
              44.7908883415375
            ],
            [
              20.5608592317866,
              44.7909265851708
            ],
            [
              20.5609541801371,
              44.7910058748029
            ],
            [
              20.5610648293837,
              44.7910982752707
            ],
            [
              20.5611192108428,
              44.7911437512088
            ],
            [
              20.561520747929,
              44.7913769396122
            ],
            [
              20.5619110386011,
              44.7916270932139
            ],
            [
              20.5622026823749,
              44.7917855223823
            ],
            [
              20.5624811918291,
              44.7918923328724
            ],
            [
              20.5628290676627,
              44.7919949629209
            ],
            [
              20.5628424853355,
              44.7919989194602
            ],
            [
              20.5629042864047,
              44.7920143923231
            ],
            [
              20.5635443773168,
              44.7921746633632
            ],
            [
              20.5635510362409,
              44.7921647350194
            ],
            [
              20.5635968960873,
              44.7920962887897
            ],
            [
              20.5637706028035,
              44.7918370537556
            ],
            [
              20.5637925284741,
              44.7918442294792
            ],
            [
              20.5641038239177,
              44.7919461388757
            ],
            [
              20.5641708350129,
              44.791959443391
            ],
            [
              20.5644248706548,
              44.7920099969771
            ],
            [
              20.5647833322528,
              44.7920396171559
            ],
            [
              20.5648137889787,
              44.7920399132629
            ],
            [
              20.5650440089089,
              44.7920421460416
            ],
            [
              20.5650571899886,
              44.7920422772621
            ],
            [
              20.5651025838968,
              44.7920426922941
            ],
            [
              20.5651403461664,
              44.7920430431403
            ],
            [
              20.5651397451071,
              44.7920370561532
            ],
            [
              20.5651334100366,
              44.7919730899207
            ],
            [
              20.5651385819992,
              44.791972749524
            ],
            [
              20.5652994349061,
              44.7919622009015
            ],
            [
              20.5652925942754,
              44.7919473706567
            ],
            [
              20.5651617516272,
              44.7916636130099
            ],
            [
              20.5650496483217,
              44.7914431485063
            ],
            [
              20.5649008331025,
              44.791163148044
            ],
            [
              20.5648124263265,
              44.7910192693324
            ],
            [
              20.5648065583773,
              44.7910096172592
            ],
            [
              20.5648363388029,
              44.7910123584962
            ],
            [
              20.5655176101568,
              44.7910749524012
            ],
            [
              20.5655286585895,
              44.7910541515113
            ],
            [
              20.5655428741318,
              44.7910274139781
            ],
            [
              20.565551064282,
              44.791011992763
            ],
            [
              20.5655479665765,
              44.7909205459683
            ],
            [
              20.5655386297927,
              44.7906451242376
            ],
            [
              20.5655609478592,
              44.7906486642044
            ],
            [
              20.5665228743325,
              44.7908014840388
            ],
            [
              20.5668280723656,
              44.7908377364392
            ],
            [
              20.5668584483019,
              44.7908489199228
            ],
            [
              20.5673520166006,
              44.7909282714157
            ],
            [
              20.567786299673,
              44.7909924562783
            ],
            [
              20.5685722839126,
              44.7910771344426
            ],
            [
              20.5693220270515,
              44.7911578904861
            ],
            [
              20.5694834820291,
              44.7910843143486
            ],
            [
              20.5695547235146,
              44.7910518506833
            ],
            [
              20.5698440973693,
              44.7908865351889
            ],
            [
              20.5700465491681,
              44.7908026988504
            ],
            [
              20.5701396055878,
              44.7907803697639
            ],
            [
              20.5704427022689,
              44.7907075296599
            ],
            [
              20.5706262269302,
              44.790636571745
            ],
            [
              20.5711352263895,
              44.7904397765809
            ],
            [
              20.5716492857257,
              44.7902420888915
            ],
            [
              20.5717052202858,
              44.7902199433683
            ],
            [
              20.5719740189403,
              44.7901135289774
            ],
            [
              20.5719935482588,
              44.7901046026128
            ],
            [
              20.5721286256518,
              44.7900562391105
            ],
            [
              20.5722165189465,
              44.790008680864
            ],
            [
              20.5722966214158,
              44.7899653406376
            ],
            [
              20.5727808414629,
              44.7896816770511
            ],
            [
              20.5728165832864,
              44.7896571868733
            ],
            [
              20.5728905838367,
              44.7896064883634
            ],
            [
              20.5730052806645,
              44.7895278081129
            ],
            [
              20.5731429664783,
              44.7894334642224
            ],
            [
              20.5732458028082,
              44.7893521305426
            ],
            [
              20.5733740378848,
              44.7892538809842
            ],
            [
              20.5733944241921,
              44.7892380366438
            ],
            [
              20.5735045705485,
              44.7891523999476
            ],
            [
              20.5735550049333,
              44.7891165981527
            ],
            [
              20.573628305979,
              44.7890645732159
            ],
            [
              20.5736834389038,
              44.7890083600791
            ],
            [
              20.5737431558821,
              44.7889474648456
            ],
            [
              20.5737505588447,
              44.7889373226241
            ],
            [
              20.5737876289738,
              44.788886819668
            ],
            [
              20.5737930662339,
              44.7888794157967
            ],
            [
              20.5738137452231,
              44.7888512510807
            ],
            [
              20.573821895973,
              44.7888427320516
            ],
            [
              20.5738472377956,
              44.7888163671768
            ],
            [
              20.5738548616985,
              44.7888107260021
            ],
            [
              20.5739043023463,
              44.7887741821575
            ],
            [
              20.5739201727979,
              44.788762460112
            ],
            [
              20.5739328902979,
              44.7887516175253
            ],
            [
              20.5739447859019,
              44.7887459562719
            ],
            [
              20.5739462054824,
              44.7887452773962
            ],
            [
              20.5739475801331,
              44.7887440042036
            ],
            [
              20.5739532032676,
              44.7887388236757
            ],
            [
              20.5740214945385,
              44.7886804899151
            ],
            [
              20.573125544733,
              44.7881362023627
            ],
            [
              20.573127131299,
              44.7881353350737
            ],
            [
              20.5735351334225,
              44.7879112924297
            ],
            [
              20.5735570714359,
              44.7878992429023
            ],
            [
              20.5736909482046,
              44.7878257450396
            ],
            [
              20.5737252065621,
              44.7878069726692
            ],
            [
              20.5737342162186,
              44.787801965932
            ],
            [
              20.5738146870557,
              44.7877542067889
            ],
            [
              20.5738810187611,
              44.7877148272516
            ],
            [
              20.5738936354941,
              44.7877073412343
            ],
            [
              20.5739073441734,
              44.7876992030248
            ],
            [
              20.5739239591095,
              44.7876737057938
            ],
            [
              20.5739715052335,
              44.7876005354472
            ],
            [
              20.5739844384938,
              44.7875807751173
            ],
            [
              20.5739868407981,
              44.7875771030539
            ],
            [
              20.5740516758558,
              44.78752460604
            ],
            [
              20.5740763392226,
              44.7875046283829
            ],
            [
              20.574114682117,
              44.7874802915261
            ],
            [
              20.5742420266873,
              44.787416775566
            ],
            [
              20.5742488806707,
              44.7874126609775
            ],
            [
              20.5743677309667,
              44.7873528041371
            ],
            [
              20.5744622144003,
              44.7873243552948
            ],
            [
              20.5746461134167,
              44.7872689679846
            ],
            [
              20.5746413715627,
              44.7872087431977
            ],
            [
              20.5746406867417,
              44.7871987148283
            ],
            [
              20.5746356605791,
              44.7871255662346
            ],
            [
              20.5745805972651,
              44.786999368177
            ],
            [
              20.574418390071,
              44.7867492094198
            ],
            [
              20.5743599671615,
              44.7866990993545
            ],
            [
              20.5742808725609,
              44.7866312560657
            ],
            [
              20.5743173215314,
              44.786608244412
            ],
            [
              20.5743211175704,
              44.7866058459548
            ],
            [
              20.5743143345937,
              44.786600313088
            ],
            [
              20.5742851895624,
              44.7865765546053
            ],
            [
              20.5741788321379,
              44.7863967997098
            ],
            [
              20.5741190636962,
              44.7861711385688
            ],
            [
              20.5740951762857,
              44.7859637885754
            ],
            [
              20.5741343937974,
              44.7858196699451
            ],
            [
              20.5741472676113,
              44.7856487253469
            ],
            [
              20.5741980811053,
              44.7855779058516
            ],
            [
              20.5743103119824,
              44.7854947598196
            ],
            [
              20.5743569030916,
              44.7854602387477
            ],
            [
              20.5743898678327,
              44.7854368359852
            ],
            [
              20.5744279127874,
              44.7854098332337
            ],
            [
              20.5745160414569,
              44.7854083413436
            ],
            [
              20.5745998489564,
              44.7854069233124
            ],
            [
              20.5746114255331,
              44.7854067323743
            ],
            [
              20.5746081067821,
              44.7854389922306
            ],
            [
              20.5745853121396,
              44.78566042514
            ],
            [
              20.5746135078623,
              44.7857102973824
            ],
            [
              20.5746521830045,
              44.7857787479102
            ],
            [
              20.5747967538513,
              44.7859864535579
            ],
            [
              20.5748587516073,
              44.7860280803776
            ],
            [
              20.5750326736267,
              44.7861448181792
            ],
            [
              20.5750868895202,
              44.7861964966509
            ],
            [
              20.5751549664261,
              44.786271084307
            ],
            [
              20.5752378665883,
              44.7863578765089
            ],
            [
              20.5752788779664,
              44.786400776281
            ],
            [
              20.5753496977197,
              44.78642839571
            ],
            [
              20.5756223776897,
              44.7865195786609
            ],
            [
              20.5756686436585,
              44.7865351381404
            ],
            [
              20.5756779721692,
              44.7865383226921
            ],
            [
              20.5757743499982,
              44.7866139144477
            ],
            [
              20.5758293441417,
              44.7866475063073
            ],
            [
              20.5758480275243,
              44.7866589140477
            ],
            [
              20.5759274663936,
              44.7867074449756
            ],
            [
              20.575994799414,
              44.7867281220145
            ],
            [
              20.5760756246421,
              44.7867528992149
            ],
            [
              20.5762238306766,
              44.7867569547349
            ],
            [
              20.5763789140245,
              44.786772861845
            ],
            [
              20.5764332022236,
              44.7867784249511
            ],
            [
              20.5764763900221,
              44.7867828143821
            ],
            [
              20.5764934617171,
              44.7867864587903
            ],
            [
              20.5765717420687,
              44.7868031799801
            ],
            [
              20.5766598519556,
              44.7868220080734
            ],
            [
              20.5767327500784,
              44.7868596241574
            ],
            [
              20.5767561926034,
              44.7868700600386
            ],
            [
              20.5768764773197,
              44.786923600193
            ],
            [
              20.5771232379926,
              44.7869998342888
            ],
            [
              20.5774620396401,
              44.7871228447904
            ],
            [
              20.5775527939914,
              44.7871553069011
            ],
            [
              20.5775793686511,
              44.7871677337959
            ],
            [
              20.5776716896745,
              44.787210730652
            ],
            [
              20.577729877776,
              44.7872378535762
            ],
            [
              20.5777700568445,
              44.7872565395875
            ],
            [
              20.5782654021734,
              44.7865636769963
            ],
            [
              20.5783844793601,
              44.7863825815287
            ],
            [
              20.578463586265,
              44.7862622855286
            ],
            [
              20.5785241769639,
              44.7861651856875
            ],
            [
              20.5787063811961,
              44.7858732213877
            ],
            [
              20.5788338847529,
              44.785646716685
            ],
            [
              20.5788265346479,
              44.7856424693175
            ],
            [
              20.5787688226213,
              44.7856091308366
            ],
            [
              20.5787767482311,
              44.785598207014
            ],
            [
              20.5789906661109,
              44.7853031444882
            ],
            [
              20.5791076103809,
              44.7851036910467
            ],
            [
              20.5790908325333,
              44.785087313507
            ],
            [
              20.5790582948769,
              44.785055542519
            ],
            [
              20.5790497469462,
              44.7850141843137
            ],
            [
              20.5790438865233,
              44.7849858595907
            ],
            [
              20.5790431538063,
              44.7849823198999
            ],
            [
              20.579158529705,
              44.7846323859428
            ],
            [
              20.5791802374114,
              44.7845154697848
            ],
            [
              20.5791802770326,
              44.7845152358718
            ],
            [
              20.5792146732701,
              44.7843299339315
            ],
            [
              20.5796276847025,
              44.7842895043535
            ],
            [
              20.5797544540672,
              44.7843548646399
            ],
            [
              20.5797727221503,
              44.784364281614
            ],
            [
              20.5798360377542,
              44.784396830907
            ],
            [
              20.5799309808006,
              44.784445676274
            ],
            [
              20.5800612754725,
              44.7845146392884
            ],
            [
              20.5802018919121,
              44.7845891287764
            ],
            [
              20.58035060708,
              44.7846483313946
            ],
            [
              20.5804453396151,
              44.7846860433566
            ],
            [
              20.5805614367202,
              44.7847664549336
            ],
            [
              20.5806003793677,
              44.7847934337046
            ],
            [
              20.5806816091535,
              44.784849708066
            ],
            [
              20.5807529397769,
              44.7848943367083
            ],
            [
              20.5810965102869,
              44.7851092418994
            ],
            [
              20.5814734685879,
              44.7847846681357
            ],
            [
              20.5815013796354,
              44.7847606335432
            ],
            [
              20.5815955179487,
              44.7846842188509
            ],
            [
              20.5819047003783,
              44.7844332571073
            ],
            [
              20.5820227754551,
              44.7844795846625
            ],
            [
              20.5820590800448,
              44.7844938375817
            ],
            [
              20.5821564767095,
              44.7845320899088
            ],
            [
              20.5822204959468,
              44.7845496651838
            ],
            [
              20.5823182898463,
              44.7845765066532
            ],
            [
              20.5823223625682,
              44.7845689803502
            ],
            [
              20.582324361059,
              44.7845652976303
            ],
            [
              20.5824286825822,
              44.7843726174138
            ],
            [
              20.5824623287444,
              44.7842446750896
            ],
            [
              20.5824698835189,
              44.7842063368506
            ],
            [
              20.5824835735317,
              44.7841368470916
            ],
            [
              20.5824971079089,
              44.7840680760423
            ],
            [
              20.5825098025359,
              44.784003568095
            ],
            [
              20.5825179346559,
              44.7839621090754
            ],
            [
              20.5825061976667,
              44.7838648164802
            ],
            [
              20.5824967033038,
              44.7837860893541
            ],
            [
              20.5824959310773,
              44.783754507478
            ],
            [
              20.5824955309541,
              44.7837381173878
            ],
            [
              20.5824934843832,
              44.783653423777
            ],
            [
              20.5824922141799,
              44.7836014913544
            ],
            [
              20.5824529885498,
              44.7834499748185
            ],
            [
              20.5824473336862,
              44.7834279949118
            ],
            [
              20.5823746347308,
              44.783274647325
            ],
            [
              20.5823397671884,
              44.7832380714333
            ],
            [
              20.5823020145522,
              44.783198426008
            ],
            [
              20.5821195246682,
              44.7830071488901
            ],
            [
              20.5817267578976,
              44.7826053234635
            ],
            [
              20.5817589582595,
              44.7825908622173
            ],
            [
              20.5817901404389,
              44.7825756131359
            ],
            [
              20.581984426588,
              44.7824806285098
            ],
            [
              20.5821211639213,
              44.7824263195005
            ],
            [
              20.5823641415946,
              44.7823305932471
            ],
            [
              20.5823642176929,
              44.7823305575162
            ],
            [
              20.5824819433048,
              44.7822841797652
            ],
            [
              20.5825833978823,
              44.782236995235
            ],
            [
              20.5827697241362,
              44.7821503315792
            ],
            [
              20.5827697875943,
              44.782150295802
            ],
            [
              20.5828115893092,
              44.7821308559704
            ],
            [
              20.5828584066955,
              44.7821043784646
            ],
            [
              20.5830912278827,
              44.7819726701976
            ],
            [
              20.5836276879574,
              44.7817011221259
            ],
            [
              20.5838583528769,
              44.7815752631018
            ],
            [
              20.5838584797905,
              44.7815751915461
            ],
            [
              20.584091859305,
              44.7814478484622
            ],
            [
              20.5841449303836,
              44.7813594845827
            ],
            [
              20.5842372961485,
              44.7812894429222
            ],
            [
              20.5844390619912,
              44.7812039490163
            ],
            [
              20.584471901578,
              44.7811900384661
            ],
            [
              20.5847177431779,
              44.7810920238252
            ],
            [
              20.5851904180766,
              44.7808854848769
            ],
            [
              20.5852471753725,
              44.7808647211217
            ],
            [
              20.5852261004589,
              44.7808483828792
            ],
            [
              20.5852000503087,
              44.7808281924951
            ],
            [
              20.5851874603717,
              44.7808021653101
            ],
            [
              20.5851497406767,
              44.7807241550463
            ],
            [
              20.5849946111643,
              44.7805232359631
            ],
            [
              20.584860767498,
              44.7803498959819
            ],
            [
              20.584535686131,
              44.7799008075481
            ],
            [
              20.5844041110098,
              44.7797109785993
            ],
            [
              20.5843010764009,
              44.7795765102388
            ],
            [
              20.5841873023536,
              44.7794332560718
            ],
            [
              20.5841307600183,
              44.7793620618587
            ],
            [
              20.5841110980889,
              44.7793391676941
            ],
            [
              20.5836331338535,
              44.7787825691452
            ],
            [
              20.5833244069438,
              44.7784167808084
            ],
            [
              20.5832542365804,
              44.7783308132044
            ],
            [
              20.5831828648396,
              44.7782433837028
            ],
            [
              20.5831702222246,
              44.7782355974032
            ],
            [
              20.5831325322907,
              44.778212376199
            ],
            [
              20.583126002781,
              44.7782083481528
            ],
            [
              20.5831034858374,
              44.7781802679802
            ],
            [
              20.5831023333595,
              44.7781788324113
            ],
            [
              20.5830392222873,
              44.7781359357242
            ],
            [
              20.5830296532011,
              44.7781294299512
            ],
            [
              20.5829436814436,
              44.7780481198513
            ],
            [
              20.5828378946146,
              44.7779284902366
            ],
            [
              20.5827685218535,
              44.7778584898774
            ],
            [
              20.5826077197032,
              44.777728398247
            ],
            [
              20.5825369567797,
              44.7776654666532
            ],
            [
              20.5824667227928,
              44.7776029960648
            ],
            [
              20.5824654668966,
              44.7776018841931
            ],
            [
              20.5824184835584,
              44.7775813735679
            ],
            [
              20.5822875596918,
              44.7773905524347
            ],
            [
              20.5821994351302,
              44.7772927642237
            ],
            [
              20.5821394234677,
              44.7771862592763
            ],
            [
              20.5820764170482,
              44.7770744337931
            ],
            [
              20.5820031821526,
              44.7769443907363
            ],
            [
              20.5819110687008,
              44.7767686513729
            ],
            [
              20.5817686754063,
              44.7765567294995
            ],
            [
              20.5817147212521,
              44.7764532793661
            ],
            [
              20.581697758396,
              44.77642075502
            ],
            [
              20.5816615841481,
              44.7763327953855
            ],
            [
              20.5816614847302,
              44.7763325609621
            ],
            [
              20.5816139342693,
              44.7762169667535
            ],
            [
              20.5815538174336,
              44.7760374742137
            ],
            [
              20.581474724788,
              44.775843692097
            ],
            [
              20.5814605277067,
              44.77577983281
            ],
            [
              20.5814241915541,
              44.7755966472799
            ],
            [
              20.5814030378538,
              44.7753580795387
            ],
            [
              20.5814004648382,
              44.7753293609353
            ],
            [
              20.5814152966091,
              44.7753224853421
            ],
            [
              20.5814145434374,
              44.7753165248724
            ],
            [
              20.5814138261647,
              44.7753108436049
            ],
            [
              20.5813910264637,
              44.7751306135987
            ],
            [
              20.5813799913872,
              44.7750839557391
            ],
            [
              20.5813774544897,
              44.7750834783214
            ],
            [
              20.5812870217182,
              44.7750665438949
            ],
            [
              20.5811300298078,
              44.7750371438009
            ],
            [
              20.5809822741145,
              44.7750095157193
            ],
            [
              20.5809323199444,
              44.7750001347965
            ],
            [
              20.580912599003,
              44.7749964363115
            ],
            [
              20.5808747702758,
              44.7749893234218
            ],
            [
              20.5808251987922,
              44.7749777121911
            ],
            [
              20.5808147078227,
              44.7749712118476
            ],
            [
              20.5807517395535,
              44.7749321754752
            ],
            [
              20.5805098360319,
              44.774731411339
            ],
            [
              20.5804499459567,
              44.7744334840855
            ],
            [
              20.5804310318231,
              44.7743930969803
            ],
            [
              20.5804215867722,
              44.7743729034706
            ],
            [
              20.5803958166127,
              44.7743178210517
            ],
            [
              20.5803369945215,
              44.774169922478
            ],
            [
              20.5803154077409,
              44.774114676266
            ],
            [
              20.5802661577011,
              44.7739883210793
            ],
            [
              20.5802066125521,
              44.7738356494629
            ],
            [
              20.5801906061956,
              44.7737950029335
            ],
            [
              20.5801805545653,
              44.773769767694
            ],
            [
              20.580109046219,
              44.7736113824054
            ],
            [
              20.5800649673354,
              44.7735040355498
            ],
            [
              20.5800351791185,
              44.7734123106761
            ],
            [
              20.5800186009697,
              44.7733442212563
            ],
            [
              20.5799805719302,
              44.773188109634
            ],
            [
              20.5799499969699,
              44.7730478730322
            ],
            [
              20.5799481277587,
              44.7730093480844
            ],
            [
              20.5799119679566,
              44.7728375928339
            ],
            [
              20.5799093894751,
              44.7728254338663
            ],
            [
              20.5799001164518,
              44.7727815712342
            ],
            [
              20.5798954483743,
              44.7727788992891
            ],
            [
              20.5798789648881,
              44.7727694438692
            ],
            [
              20.5797571794318,
              44.772699602588
            ],
            [
              20.5795715055355,
              44.7726222467514
            ],
            [
              20.5794487999178,
              44.772520821737
            ],
            [
              20.579418518998,
              44.7724957910012
            ],
            [
              20.5793793462326,
              44.7724634194539
            ],
            [
              20.5792435342674,
              44.7724272926314
            ],
            [
              20.5790802324692,
              44.772383848101
            ],
            [
              20.5790520757214,
              44.7723674105758
            ],
            [
              20.5789931697124,
              44.7723330414703
            ],
            [
              20.5787987806098,
              44.7722556522444
            ],
            [
              20.5786301493522,
              44.7721629674182
            ],
            [
              20.5785010987355,
              44.7720656581181
            ],
            [
              20.5784568386875,
              44.7720188773225
            ],
            [
              20.578350430356,
              44.7719353303957
            ],
            [
              20.5782173897769,
              44.7718307159889
            ],
            [
              20.5781971007056,
              44.7718184294546
            ],
            [
              20.577916372408,
              44.7716484481716
            ],
            [
              20.5779010932417,
              44.7716350989254
            ],
            [
              20.5778298074086,
              44.7715728024786
            ],
            [
              20.5777285285519,
              44.7714843145678
            ],
            [
              20.5776920192325,
              44.7714524204029
            ],
            [
              20.5776751146731,
              44.7714314797891
            ],
            [
              20.577579097429,
              44.7713126455873
            ],
            [
              20.5775446369266,
              44.7712699958184
            ],
            [
              20.5773445287139,
              44.7711457845587
            ],
            [
              20.5772981836253,
              44.7711253650895
            ],
            [
              20.577236676249,
              44.7711050695205
            ],
            [
              20.5770538571777,
              44.7711402154178
            ],
            [
              20.5769765547482,
              44.7711551402751
            ],
            [
              20.5768270120875,
              44.7711834791016
            ],
            [
              20.5761303106251,
              44.7712777483406
            ],
            [
              20.5761143820612,
              44.7712791295869
            ],
            [
              20.575766974521,
              44.7713092566962
            ],
            [
              20.5756063641597,
              44.7712994389287
            ],
            [
              20.5755455458339,
              44.7712957227213
            ],
            [
              20.5755303153521,
              44.7712947928929
            ],
            [
              20.5755102214392,
              44.7712609704349
            ],
            [
              20.5755270994416,
              44.7709212040324
            ],
            [
              20.5755282950508,
              44.7708958292277
            ],
            [
              20.5750688723185,
              44.7708674928801
            ],
            [
              20.5750141911689,
              44.7708641404109
            ],
            [
              20.5745319122607,
              44.7708344664295
            ],
            [
              20.574430758553,
              44.7708282326513
            ],
            [
              20.5742647139107,
              44.7708327477936
            ],
            [
              20.574136414461,
              44.7708361692364
            ],
            [
              20.5741075154576,
              44.7708369346922
            ],
            [
              20.5739638946208,
              44.7708502616354
            ],
            [
              20.5737443744201,
              44.7708419778197
            ],
            [
              20.5736528026502,
              44.7708384888038
            ],
            [
              20.5735050822177,
              44.7708423501643
            ],
            [
              20.5733828157313,
              44.7708432195362
            ],
            [
              20.5732302767403,
              44.7708443087415
            ],
            [
              20.573222568667,
              44.770844361858
            ],
            [
              20.573031482705,
              44.7708351197552
            ],
            [
              20.5729115641627,
              44.7708293195038
            ],
            [
              20.572861866803,
              44.7708269118772
            ],
            [
              20.5727324792652,
              44.7708289512235
            ],
            [
              20.5725109773846,
              44.7708325370415
            ],
            [
              20.5723539485513,
              44.7708479723198
            ],
            [
              20.5722411699399,
              44.7708591710127
            ],
            [
              20.5721376226747,
              44.770869395923
            ],
            [
              20.572130070781,
              44.7708707179731
            ],
            [
              20.5719043511769,
              44.7709101060139
            ],
            [
              20.5718893033037,
              44.7709118500637
            ],
            [
              20.571836674557,
              44.7709180885021
            ],
            [
              20.5718348038402,
              44.7709183065458
            ],
            [
              20.5718286975054,
              44.7709170863482
            ],
            [
              20.5717924026838,
              44.7709098411617
            ],
            [
              20.5716714319103,
              44.7708856763981
            ],
            [
              20.5716449392632,
              44.7708804295259
            ],
            [
              20.5714181104954,
              44.7708351252274
            ],
            [
              20.5711415790599,
              44.770779824955
            ],
            [
              20.5710724326663,
              44.7705962426925
            ],
            [
              20.5710785662639,
              44.7705936019518
            ],
            [
              20.5711295926185,
              44.7705716173447
            ],
            [
              20.571156553118,
              44.770322686491
            ],
            [
              20.5711633446372,
              44.7702599930506
            ],
            [
              20.5711572533892,
              44.770026706479
            ],
            [
              20.5711545708945,
              44.7699241810422
            ],
            [
              20.5711522598534,
              44.7699017629664
            ],
            [
              20.5711373535718,
              44.7697573516863
            ],
            [
              20.5711279576911,
              44.7696263709039
            ],
            [
              20.5711074600018,
              44.7694760889278
            ],
            [
              20.5711034706088,
              44.769446519429
            ],
            [
              20.5711020684124,
              44.7694362002398
            ],
            [
              20.5708817467238,
              44.7694174688549
            ],
            [
              20.5707857897193,
              44.7694093707946
            ],
            [
              20.5706184215156,
              44.7694054153106
            ],
            [
              20.570475178331,
              44.7694020895549
            ],
            [
              20.5702380308765,
              44.7693865335692
            ],
            [
              20.5700199843179,
              44.769367809083
            ],
            [
              20.5699158207871,
              44.7693588691879
            ],
            [
              20.5697466633883,
              44.7693235876224
            ],
            [
              20.5696635344467,
              44.7693061772658
            ],
            [
              20.5694389298164,
              44.7692688867422
            ],
            [
              20.5694400357819,
              44.7692576326481
            ],
            [
              20.5694477778017,
              44.7691791573662
            ],
            [
              20.5694505355813,
              44.7691512156524
            ],
            [
              20.5694642479907,
              44.7690565002387
            ],
            [
              20.5694693892535,
              44.7690256507671
            ],
            [
              20.569476542902,
              44.7689824793446
            ],
            [
              20.5694811671734,
              44.7689550478932
            ],
            [
              20.5694815125689,
              44.7689476790202
            ],
            [
              20.5694862749753,
              44.768845001544
            ],
            [
              20.569533404606,
              44.7686557358916
            ],
            [
              20.5695792220919,
              44.768644298325
            ],
            [
              20.5695635669517,
              44.7686086010531
            ],
            [
              20.569553857804,
              44.7685735563501
            ],
            [
              20.5695202503166,
              44.768452294848
            ],
            [
              20.5695113864465,
              44.7684378622719
            ],
            [
              20.5694373529457,
              44.7683181596879
            ],
            [
              20.5694249675445,
              44.7682982332332
            ],
            [
              20.5693910338895,
              44.768243379462
            ],
            [
              20.5693446366596,
              44.7681622991179
            ],
            [
              20.5693083410536,
              44.7680988059171
            ],
            [
              20.569304943865,
              44.7680935825791
            ],
            [
              20.5692066573951,
              44.7679425513193
            ],
            [
              20.5690743694785,
              44.7677394736601
            ],
            [
              20.5690023473298,
              44.7676554166442
            ],
            [
              20.5687983309639,
              44.7677049594388
            ],
            [
              20.5684935281335,
              44.7677506228161
            ],
            [
              20.5684812604279,
              44.767752457943
            ],
            [
              20.5681776709839,
              44.7677876761011
            ],
            [
              20.5679604631118,
              44.7678100787211
            ],
            [
              20.567872731568,
              44.7678191622952
            ],
            [
              20.5677328868597,
              44.7678336119819
            ],
            [
              20.5674459650115,
              44.7678528717013
            ],
            [
              20.5674471977776,
              44.7675671382114
            ],
            [
              20.5674289886122,
              44.7675011931662
            ],
            [
              20.5673639790981,
              44.7674089722894
            ],
            [
              20.5673614779964,
              44.7674054528206
            ],
            [
              20.5673361727401,
              44.7673783590789
            ],
            [
              20.567330519953,
              44.7673723079276
            ],
            [
              20.5673102138571,
              44.7673506317943
            ],
            [
              20.5672812603232,
              44.7673196541322
            ],
            [
              20.5672486730648,
              44.767284703485
            ],
            [
              20.5672222250578,
              44.7672600441085
            ],
            [
              20.5672066171966,
              44.7672455047735
            ],
            [
              20.5671800437346,
              44.7672207278818
            ],
            [
              20.5671394888151,
              44.7671699074717
            ],
            [
              20.5670280595467,
              44.7670305688904
            ],
            [
              20.5669211879561,
              44.7668969360297
            ],
            [
              20.5669047372595,
              44.7668325270512
            ],
            [
              20.5668810469307,
              44.766739382299
            ],
            [
              20.5668848692191,
              44.7666839588687
            ],
            [
              20.5668803148225,
              44.7666677419685
            ],
            [
              20.5670979811941,
              44.7665269260598
            ],
            [
              20.5670980572137,
              44.766526899341
            ],
            [
              20.567182815269,
              44.7664720599328
            ],
            [
              20.5672438194272,
              44.7664262740837
            ],
            [
              20.567258263139,
              44.7664154396389
            ],
            [
              20.5672811423241,
              44.7663982734324
            ],
            [
              20.5670723855485,
              44.7662697829232
            ],
            [
              20.567060021213,
              44.7662641204206
            ],
            [
              20.5669405638789,
              44.7662094385853
            ],
            [
              20.566830901872,
              44.7661592580157
            ],
            [
              20.5667916200972,
              44.766141290775
            ],
            [
              20.5666959706823,
              44.7660925117713
            ],
            [
              20.5665154676026,
              44.7660042659636
            ],
            [
              20.5664694034605,
              44.7659809633142
            ],
            [
              20.5664427213396,
              44.7659674531055
            ],
            [
              20.5664174392048,
              44.7659559908264
            ],
            [
              20.5662839533606,
              44.7658954872706
            ],
            [
              20.5661951264571,
              44.765846643732
            ],
            [
              20.5659311646062,
              44.7657015284315
            ],
            [
              20.5659139273914,
              44.765692049215
            ],
            [
              20.5658844870617,
              44.7656758295033
            ],
            [
              20.5658691374599,
              44.7656674017214
            ],
            [
              20.5656995575569,
              44.7655715450886
            ],
            [
              20.5656772916952,
              44.7655589517238
            ],
            [
              20.5656490012253,
              44.7655392164263
            ],
            [
              20.5654545914153,
              44.7654035873715
            ],
            [
              20.5651569496183,
              44.7651842217093
            ],
            [
              20.5649559621572,
              44.7650482876813
            ],
            [
              20.564771693218,
              44.7649236653804
            ],
            [
              20.5646725444697,
              44.764887201782
            ],
            [
              20.5646346479534,
              44.7648734332458
            ],
            [
              20.56457692107,
              44.7648524610743
            ],
            [
              20.5644234770372,
              44.7647956331951
            ],
            [
              20.5643989109131,
              44.7647865399016
            ],
            [
              20.5643591199759,
              44.7647692900617
            ],
            [
              20.5643343140034,
              44.7647584863031
            ],
            [
              20.5642790220622,
              44.7647345273048
            ],
            [
              20.5642301763975,
              44.7647133637838
            ],
            [
              20.5642010890555,
              44.7647007441006
            ],
            [
              20.5641494488741,
              44.7646783284644
            ],
            [
              20.5639401501644,
              44.7648963978513
            ],
            [
              20.5634795649032,
              44.7650298275977
            ],
            [
              20.5631628545888,
              44.7651143940946
            ],
            [
              20.5627659172635,
              44.7652336634211
            ],
            [
              20.5626897123161,
              44.7652542533714
            ],
            [
              20.5625051306419,
              44.7653065609504
            ],
            [
              20.5624985394266,
              44.7653094155352
            ],
            [
              20.5623500006132,
              44.7653735594151
            ],
            [
              20.5622251602624,
              44.7654274422052
            ],
            [
              20.5621843501497,
              44.7654451067081
            ],
            [
              20.5620144538478,
              44.7655184379361
            ],
            [
              20.5619844797235,
              44.7655313736071
            ],
            [
              20.5619134153995,
              44.765573762008
            ],
            [
              20.5614753602881,
              44.7658350648605
            ],
            [
              20.5614158331485,
              44.7658720067495
            ],
            [
              20.5611536080624,
              44.7660349816252
            ],
            [
              20.5609182457817,
              44.7661702492874
            ],
            [
              20.5608201664915,
              44.7662266631377
            ],
            [
              20.5607405901622,
              44.7662636545029
            ],
            [
              20.5604698859022,
              44.7663894814254
            ],
            [
              20.560412504574,
              44.7663912599827
            ],
            [
              20.5603972409035,
              44.7663917422681
            ],
            [
              20.5603950795541,
              44.7663918059669
            ],
            [
              20.560390974108,
              44.7663934456858
            ],
            [
              20.5603068860436,
              44.7664270984342
            ],
            [
              20.5601919565966,
              44.7664731077327
            ],
            [
              20.5598386902671,
              44.7666629113585
            ],
            [
              20.5596143298653,
              44.7667709498725
            ],
            [
              20.5594240750023,
              44.7668625589005
            ],
            [
              20.5594121714826,
              44.7668696680019
            ],
            [
              20.55916980797,
              44.7670144807697
            ],
            [
              20.5589675960496,
              44.7671353012314
            ],
            [
              20.5588881459566,
              44.7670831600831
            ],
            [
              20.5585008577904,
              44.7673103577955
            ],
            [
              20.558145546813,
              44.7675455063015
            ],
            [
              20.5581190982965,
              44.7675630088534
            ],
            [
              20.558073351827,
              44.7675932883982
            ],
            [
              20.5580144789169,
              44.7676300869975
            ],
            [
              20.557905797495,
              44.7676980315452
            ],
            [
              20.557751020586,
              44.7677619292126
            ],
            [
              20.557686552352,
              44.7677885360848
            ],
            [
              20.5576213053228,
              44.7678295858819
            ],
            [
              20.5573433565611,
              44.768004488398
            ],
            [
              20.5573295969739,
              44.7680131474832
            ],
            [
              20.5571493135762,
              44.7681802080481
            ],
            [
              20.5569410184639,
              44.7683757797393
            ],
            [
              20.556867253459,
              44.7684403838583
            ],
            [
              20.5566735462312,
              44.7685947928663
            ],
            [
              20.5565318244965,
              44.7687242924282
            ],
            [
              20.5564808093027,
              44.7687708945282
            ],
            [
              20.5562080537703,
              44.7690197646324
            ],
            [
              20.5558620175532,
              44.7693353990663
            ],
            [
              20.5554098221629,
              44.7697210882334
            ],
            [
              20.5551186075225,
              44.7699534132452
            ],
            [
              20.554820729943,
              44.7701315339609
            ],
            [
              20.554712542243,
              44.7702212917088
            ],
            [
              20.5545880552972,
              44.7703245747388
            ],
            [
              20.5544822301325,
              44.7704159708937
            ],
            [
              20.5543105502622,
              44.7705642402856
            ],
            [
              20.5542964236441,
              44.7705545923173
            ],
            [
              20.5542663086893,
              44.7705340107844
            ],
            [
              20.5541014884727,
              44.770626158464
            ],
            [
              20.5540169173167,
              44.7706838686838
            ],
            [
              20.5539564511572,
              44.7707251312854
            ],
            [
              20.5539359173046,
              44.7707338715269
            ],
            [
              20.5536759463639,
              44.7708443689645
            ],
            [
              20.5536486178817,
              44.7708559714338
            ],
            [
              20.553501407202,
              44.7709184795173
            ],
            [
              20.5534281488765,
              44.7709488836783
            ],
            [
              20.5532360058849,
              44.7710285946274
            ],
            [
              20.5531495659649,
              44.7710644375373
            ],
            [
              20.5530474669951,
              44.7710994097939
            ],
            [
              20.5529973032413,
              44.7711165842746
            ],
            [
              20.5528922139966,
              44.7711527050826
            ],
            [
              20.5528616343804,
              44.7711632152607
            ],
            [
              20.5528532775403,
              44.7711656122586
            ],
            [
              20.5528148494751,
              44.7711765058001
            ],
            [
              20.5527778132925,
              44.7711870086785
            ],
            [
              20.5525740846284,
              44.7712449839318
            ],
            [
              20.5521545988105,
              44.771397066367
            ],
            [
              20.5519458734669,
              44.7714804901713
            ],
            [
              20.5517314328522,
              44.7715674911741
            ],
            [
              20.5513242887738,
              44.7717622844258
            ],
            [
              20.5512821497964,
              44.7717824505294
            ],
            [
              20.5510170902566,
              44.7719292794301
            ],
            [
              20.5508300922127,
              44.7720291653612
            ],
            [
              20.5508160333142,
              44.7720352658292
            ],
            [
              20.5506646617604,
              44.7721009658926
            ],
            [
              20.5506267178027,
              44.7721177462946
            ],
            [
              20.5504444528542,
              44.7721983817236
            ],
            [
              20.5501855601781,
              44.7723478427208
            ],
            [
              20.5498453446993,
              44.7725737504921
            ],
            [
              20.5496402278926,
              44.7727290000108
            ],
            [
              20.5494562781499,
              44.7728918018587
            ],
            [
              20.5491729208273,
              44.773100291024
            ],
            [
              20.5488599717791,
              44.7733282560564
            ],
            [
              20.5488362112867,
              44.7733455591059
            ],
            [
              20.5488656151275,
              44.7732436289788
            ],
            [
              20.5488729500148,
              44.7732181796905
            ],
            [
              20.5488750268355,
              44.7732109887682
            ],
            [
              20.5488751721283,
              44.7732085596259
            ],
            [
              20.5488765360977,
              44.7731791365491
            ],
            [
              20.5488831565438,
              44.7730415600952
            ],
            [
              20.5489144557191,
              44.7728329837781
            ],
            [
              20.5489289826394,
              44.7727924615596
            ],
            [
              20.5489769518132,
              44.7726586376079
            ],
            [
              20.5490109119463,
              44.772563736404
            ],
            [
              20.5490196754215,
              44.7725414516463
            ],
            [
              20.5490634977223,
              44.7724292194607
            ],
            [
              20.549129488159,
              44.7722602865624
            ],
            [
              20.5491796259012,
              44.7721318805474
            ],
            [
              20.5491872560715,
              44.7721090511644
            ],
            [
              20.5492723667326,
              44.7718527184395
            ],
            [
              20.5493236964217,
              44.7717498745455
            ],
            [
              20.5494222120611,
              44.7715408412889
            ],
            [
              20.5494369577399,
              44.7715127304114
            ],
            [
              20.5494561944868,
              44.7714757276868
            ],
            [
              20.5494978322825,
              44.7713960470648
            ],
            [
              20.5495189005723,
              44.7713557396125
            ],
            [
              20.5494565619877,
              44.7713460467018
            ],
            [
              20.5493472066295,
              44.7712402344725
            ],
            [
              20.5493466785225,
              44.7712398903018
            ],
            [
              20.5491962239681,
              44.771142277965
            ],
            [
              20.5491911955881,
              44.771139009191
            ],
            [
              20.5491905077499,
              44.7711380792404
            ],
            [
              20.5490005260474,
              44.7708791669714
            ],
            [
              20.5488179954646,
              44.7707274398393
            ],
            [
              20.5487250962636,
              44.7706718104492
            ],
            [
              20.5487136142234,
              44.7706649350425
            ],
            [
              20.5485489071698,
              44.7705939131944
            ],
            [
              20.5485212055121,
              44.7705819251682
            ],
            [
              20.5484944146887,
              44.7705662506985
            ],
            [
              20.5483553350547,
              44.7704849529474
            ],
            [
              20.5483490210104,
              44.7704812658465
            ],
            [
              20.5483469271728,
              44.7704807534378
            ],
            [
              20.5483132076876,
              44.7704724856132
            ],
            [
              20.547598073376,
              44.7702967093255
            ],
            [
              20.5475887546442,
              44.7702944227389
            ],
            [
              20.5475859615743,
              44.7702929893129
            ],
            [
              20.547539676625,
              44.7702692109524
            ],
            [
              20.5474524681747,
              44.7702245012383
            ],
            [
              20.5474274257735,
              44.7702117132776
            ],
            [
              20.5473506622728,
              44.7701723544258
            ],
            [
              20.5473095129236,
              44.770151223194
            ],
            [
              20.5472188452414,
              44.7701290881304
            ],
            [
              20.5470976617381,
              44.7700995437297
            ],
            [
              20.546939530278,
              44.770060943966
            ],
            [
              20.5468636738373,
              44.7700677548198
            ],
            [
              20.5467890812219,
              44.770074391493
            ],
            [
              20.5467117068916,
              44.7700813762679
            ],
            [
              20.5466645754012,
              44.7700823612876
            ],
            [
              20.5463672476366,
              44.7700888407076
            ],
            [
              20.5462919354713,
              44.7700905238396
            ],
            [
              20.5462467674169,
              44.7700989856856
            ],
            [
              20.5461465475589,
              44.7701176786059
            ],
            [
              20.54608431181,
              44.7701293034801
            ],
            [
              20.5460721167808,
              44.7701329990611
            ],
            [
              20.5459128439268,
              44.7701812753233
            ],
            [
              20.5458354827712,
              44.7701702603819
            ],
            [
              20.5457450815855,
              44.7701628844596
            ],
            [
              20.5455681323376,
              44.7701234886646
            ],
            [
              20.5454160933452,
              44.7700813110189
            ],
            [
              20.5453627668608,
              44.770066521339
            ],
            [
              20.5453138581592,
              44.7700520913097
            ],
            [
              20.5452480607149,
              44.7700326805626
            ],
            [
              20.545169720302,
              44.7699931879325
            ],
            [
              20.5449353315523,
              44.7698750345206
            ],
            [
              20.5447368163786,
              44.76968463083
            ],
            [
              20.5445134228133,
              44.7695417361741
            ],
            [
              20.544459743816,
              44.7695074159993
            ],
            [
              20.5442902190864,
              44.769374839031
            ],
            [
              20.5442810527976,
              44.7693676654395
            ],
            [
              20.5442659704641,
              44.76935268486
            ],
            [
              20.5442366596811,
              44.7693235805197
            ],
            [
              20.5441635828736,
              44.7692510157838
            ],
            [
              20.5440746724785,
              44.7690525825914
            ],
            [
              20.5440574931657,
              44.7690084432969
            ],
            [
              20.5439962715098,
              44.7688511305073
            ],
            [
              20.5439349617452,
              44.7687747515204
            ],
            [
              20.5439325279564,
              44.7687678298428
            ],
            [
              20.5438950404464,
              44.7686612883644
            ],
            [
              20.5437939635702,
              44.7685004251155
            ],
            [
              20.5436919039218,
              44.768400574474
            ],
            [
              20.5435419188259,
              44.7681933491204
            ],
            [
              20.5434156684953,
              44.7680691943763
            ],
            [
              20.5433206797474,
              44.7679814860483
            ],
            [
              20.5433020280851,
              44.7679642584966
            ],
            [
              20.5431634402027,
              44.7678573970463
            ],
            [
              20.543139655389,
              44.7678390605572
            ],
            [
              20.5429204462088,
              44.7677121063339
            ],
            [
              20.5427210301614,
              44.7676227587963
            ],
            [
              20.5425020617973,
              44.7674491872586
            ],
            [
              20.5422980299365,
              44.7672009228202
            ],
            [
              20.5422977045104,
              44.7672005263153
            ],
            [
              20.5422735801706,
              44.7671191632305
            ],
            [
              20.5422627478196,
              44.767082852277
            ],
            [
              20.5421844271843,
              44.7669691454547
            ],
            [
              20.5421344752972,
              44.7668869244068
            ],
            [
              20.5420930036651,
              44.7668186692873
            ],
            [
              20.5420436379587,
              44.766750255565
            ],
            [
              20.5420421770239,
              44.7667464336345
            ],
            [
              20.5420031606491,
              44.7666439895128
            ],
            [
              20.5418637054604,
              44.7663356480421
            ],
            [
              20.5418297168918,
              44.7662766375872
            ],
            [
              20.5418270256502,
              44.7662719564001
            ],
            [
              20.5418259411719,
              44.7662700705698
            ],
            [
              20.541815346772,
              44.7662516696873
            ],
            [
              20.541747061943,
              44.7660683907687
            ],
            [
              20.5417202872464,
              44.7659965125369
            ],
            [
              20.5416214656235,
              44.7657312603264
            ],
            [
              20.5415497624634,
              44.7654668370661
            ],
            [
              20.54146701723,
              44.765225228045
            ],
            [
              20.5414557689198,
              44.7651936847493
            ],
            [
              20.54127849135,
              44.7649409895532
            ],
            [
              20.5412775159996,
              44.7649396902051
            ],
            [
              20.5412772283654,
              44.7649393109533
            ],
            [
              20.5412554871936,
              44.7649102992461
            ],
            [
              20.541206539488,
              44.7648372974476
            ],
            [
              20.5411859937812,
              44.7648073281836
            ],
            [
              20.5411430911721,
              44.764744736592
            ],
            [
              20.5411414672494,
              44.7647423624634
            ],
            [
              20.5410721599717,
              44.7646689196099
            ],
            [
              20.5410158062348,
              44.764609207764
            ],
            [
              20.5409533852413,
              44.7644615100582
            ],
            [
              20.5409511897509,
              44.7644563177108
            ],
            [
              20.5408867533678,
              44.7644736095679
            ],
            [
              20.54075857746,
              44.7643615314503
            ],
            [
              20.5407098474478,
              44.7643189220632
            ],
            [
              20.5407080303625,
              44.7643154137622
            ],
            [
              20.5407027547045,
              44.7643052136476
            ],
            [
              20.5406915541861,
              44.7642836603132
            ],
            [
              20.5406847220065,
              44.7642689635918
            ],
            [
              20.5406593046287,
              44.7642400639149
            ],
            [
              20.540654455569,
              44.7642350319323
            ],
            [
              20.5405881311076,
              44.7641662801701
            ],
            [
              20.5405422685026,
              44.7641187318813
            ],
            [
              20.5404161700797,
              44.7640576624481
            ],
            [
              20.5403271618555,
              44.7639707309289
            ],
            [
              20.5402630824649,
              44.7639266471058
            ],
            [
              20.5401991979892,
              44.7638095769994
            ],
            [
              20.5401991414445,
              44.7638087404582
            ],
            [
              20.540191585809,
              44.763701282013
            ],
            [
              20.5401780460571,
              44.7636833093243
            ],
            [
              20.5401085719975,
              44.7635910648012
            ],
            [
              20.5400801368562,
              44.763480256229
            ],
            [
              20.5400557878981,
              44.7633317561751
            ],
            [
              20.540047711712,
              44.7633146246827
            ],
            [
              20.5400240405967,
              44.7632644828661
            ],
            [
              20.5400003706356,
              44.7632143599537
            ],
            [
              20.5399937814721,
              44.7632009235887
            ],
            [
              20.5399614542511,
              44.7631833352147
            ],
            [
              20.5399348403425,
              44.7631621707281
            ],
            [
              20.5398501969792,
              44.7630665358798
            ],
            [
              20.5397837122279,
              44.7629912041105
            ],
            [
              20.5397767503835,
              44.7629833377537
            ],
            [
              20.5396514906628,
              44.7628417326713
            ],
            [
              20.5396372179499,
              44.7628255664236
            ],
            [
              20.5395592872661,
              44.7627439884972
            ],
            [
              20.5395319722227,
              44.7627155310259
            ],
            [
              20.5393901435156,
              44.7625671908402
            ],
            [
              20.5393664407063,
              44.7625453168756
            ],
            [
              20.5393014766879,
              44.7624854794099
            ],
            [
              20.5392638938255,
              44.7624616607486
            ],
            [
              20.5391537610057,
              44.7623917969497
            ],
            [
              20.5391346811527,
              44.7623796973839
            ],
            [
              20.5391115530405,
              44.7623650257247
            ],
            [
              20.5390925234603,
              44.7623529623639
            ],
            [
              20.5390832714673,
              44.7623470933342
            ],
            [
              20.5388636825989,
              44.7622078892439
            ],
            [
              20.5388174443075,
              44.7622068221088
            ],
            [
              20.5387881550002,
              44.7622061465866
            ],
            [
              20.5386142385157,
              44.7622021186501
            ],
            [
              20.5385714225705,
              44.76220113726
            ],
            [
              20.5385034777536,
              44.7621862132748
            ],
            [
              20.538441660752,
              44.7621726274505
            ],
            [
              20.5383915971588,
              44.7621616268484
            ],
            [
              20.5382587082713,
              44.7621611832676
            ],
            [
              20.5382242225543,
              44.7621610627382
            ],
            [
              20.5381114189185,
              44.762160681292
            ],
            [
              20.538073607862,
              44.7621497301037
            ],
            [
              20.5379574113363,
              44.7621183047517
            ],
            [
              20.5378628461471,
              44.7620927255877
            ],
            [
              20.5378329518261,
              44.7620871159119
            ],
            [
              20.5377189257019,
              44.7620655980301
            ],
            [
              20.5375533789704,
              44.7620415335277
            ],
            [
              20.5373522514168,
              44.7620122590571
            ],
            [
              20.5373479614983,
              44.7620116385242
            ],
            [
              20.5373212585065,
              44.7620034048687
            ],
            [
              20.5371938442128,
              44.7619641300974
            ],
            [
              20.5371764537128,
              44.7619587509657
            ],
            [
              20.537162000269,
              44.7619542560573
            ],
            [
              20.537154779277,
              44.7619520032242
            ],
            [
              20.5371344904056,
              44.7619458021325
            ],
            [
              20.53700098706,
              44.7618953171079
            ],
            [
              20.5369399593404,
              44.7618651028189
            ],
            [
              20.5367939976638,
              44.7617927877696
            ],
            [
              20.5367161478361,
              44.7617174180042
            ],
            [
              20.5365616869225,
              44.7615698584497
            ],
            [
              20.5364262834869,
              44.7614405021758
            ],
            [
              20.5362374751033,
              44.7613075368172
            ],
            [
              20.5361858435608,
              44.7612712405127
            ],
            [
              20.5360431601311,
              44.7611839984897
            ],
            [
              20.5360332291878,
              44.7611779284029
            ],
            [
              20.5356732301176,
              44.7610865332113
            ],
            [
              20.5355761078465,
              44.7610618779923
            ],
            [
              20.535348972008,
              44.761023305571
            ],
            [
              20.5353144698287,
              44.7610174424276
            ],
            [
              20.5352662411123,
              44.7610126036935
            ],
            [
              20.5352444170213,
              44.7610104101444
            ],
            [
              20.5350276459634,
              44.7609886001392
            ],
            [
              20.5349601689074,
              44.7609818113282
            ],
            [
              20.5348919271587,
              44.760969385722
            ],
            [
              20.5348896841821,
              44.7609623214829
            ],
            [
              20.5348793576436,
              44.7609298270262
            ],
            [
              20.5348896871619,
              44.7609096643266
            ],
            [
              20.5349337628421,
              44.7608235801553
            ],
            [
              20.5349821265147,
              44.7607304493185
            ],
            [
              20.5350058074576,
              44.7606594473515
            ],
            [
              20.5350148661472,
              44.7606323053812
            ],
            [
              20.5350290921501,
              44.7606272869028
            ],
            [
              20.5350592662158,
              44.7606166366926
            ],
            [
              20.5350685770271,
              44.7606133536479
            ],
            [
              20.5350756702993,
              44.7606108618797
            ],
            [
              20.5350748018181,
              44.7605771996331
            ],
            [
              20.5350647265135,
              44.7605097511706
            ],
            [
              20.5350633257978,
              44.7604953462842
            ],
            [
              20.5350523569332,
              44.7603814557998
            ],
            [
              20.5350504147421,
              44.7603715480597
            ],
            [
              20.5350496985077,
              44.7603679010113
            ],
            [
              20.5350483512491,
              44.7603610105647
            ],
            [
              20.5350461915871,
              44.7603498605215
            ],
            [
              20.5350226264624,
              44.7602284315326
            ],
            [
              20.5350211895447,
              44.7602248436656
            ],
            [
              20.5349618069993,
              44.7600769911023
            ],
            [
              20.5348339814703,
              44.7598693914298
            ],
            [
              20.5347036166806,
              44.7597270290643
            ],
            [
              20.5347020689604,
              44.7597150532945
            ],
            [
              20.5347013450431,
              44.7597092186522
            ],
            [
              20.5346942197051,
              44.7596522752519
            ],
            [
              20.5346770111717,
              44.7595146193144
            ],
            [
              20.5346557704555,
              44.7594535151459
            ],
            [
              20.5346182317773,
              44.7593451868857
            ],
            [
              20.5345746066343,
              44.7592192667083
            ],
            [
              20.5345658760721,
              44.7591940507797
            ],
            [
              20.5345269577817,
              44.7591798539696
            ],
            [
              20.5344421918999,
              44.7591488213936
            ],
            [
              20.5344944153287,
              44.7587152752749
            ],
            [
              20.5344948079614,
              44.7587120099384
            ],
            [
              20.5344410587361,
              44.758702576981
            ],
            [
              20.5344355210855,
              44.7587016010623
            ],
            [
              20.5344871445405,
              44.7585274683341
            ],
            [
              20.5344886105801,
              44.7585225419462
            ],
            [
              20.534489280376,
              44.7585193767647
            ],
            [
              20.5345209030375,
              44.7583694084011
            ],
            [
              20.5345701903321,
              44.7582077937136
            ],
            [
              20.5346937874902,
              44.7579621517728
            ],
            [
              20.5348451142755,
              44.7578190391855
            ],
            [
              20.5350556030444,
              44.7572889086814
            ],
            [
              20.5351284939747,
              44.7571131697668
            ],
            [
              20.5352877683891,
              44.7567484259682
            ],
            [
              20.5352909339281,
              44.7567491410292
            ],
            [
              20.5353669511634,
              44.7567662954447
            ],
            [
              20.5353787981265,
              44.7567378144245
            ],
            [
              20.5354321419799,
              44.7565898048079
            ],
            [
              20.5354353696516,
              44.7565808723426
            ],
            [
              20.5354354213421,
              44.7565807285159
            ],
            [
              20.5354592637485,
              44.7565146765299
            ],
            [
              20.5354999637606,
              44.7564015354044
            ],
            [
              20.5355021459573,
              44.7563955145328
            ],
            [
              20.5355069259986,
              44.7563822141568
            ],
            [
              20.5355632373713,
              44.7562261162606
            ],
            [
              20.5355984857761,
              44.7561138531551
            ],
            [
              20.535726147554,
              44.7557067718934
            ],
            [
              20.5357381870913,
              44.7556683917722
            ],
            [
              20.5357593132129,
              44.7556055514981
            ],
            [
              20.5358562975739,
              44.7553170705323
            ],
            [
              20.5360991807313,
              44.7552706215017
            ],
            [
              20.5361829285564,
              44.7552399018792
            ],
            [
              20.5361853222107,
              44.7552390203716
            ],
            [
              20.5363341585646,
              44.7550903150949
            ],
            [
              20.5364627681289,
              44.7549435080339
            ],
            [
              20.5366665865095,
              44.754742016249
            ],
            [
              20.5370763353207,
              44.7543906071762
            ],
            [
              20.537161662977,
              44.7543179631619
            ],
            [
              20.5372447032755,
              44.7542471093769
            ],
            [
              20.5374252120573,
              44.7541014999461
            ],
            [
              20.5374265708138,
              44.7541006322252
            ],
            [
              20.5374475550952,
              44.7540872623599
            ],
            [
              20.5376353098404,
              44.7539676185058
            ],
            [
              20.5377363284424,
              44.7538927960049
            ],
            [
              20.5378408798391,
              44.7538153599346
            ],
            [
              20.5380419560302,
              44.7537040307374
            ],
            [
              20.5386312879188,
              44.7535138913656
            ],
            [
              20.5386643073226,
              44.7534910742533
            ],
            [
              20.5388654713761,
              44.7534339675951
            ],
            [
              20.5389187522819,
              44.7534188364735
            ],
            [
              20.5389433106062,
              44.7534119147153
            ],
            [
              20.5390097072051,
              44.7533930564278
            ],
            [
              20.5391523073773,
              44.753352543582
            ],
            [
              20.5394007102052,
              44.7532627393346
            ],
            [
              20.5395428148388,
              44.7532113699107
            ],
            [
              20.5396770556067,
              44.7531673667154
            ],
            [
              20.5397940490303,
              44.7531290364394
            ],
            [
              20.5401031420834,
              44.7529968951541
            ],
            [
              20.5401291458712,
              44.7529811503907
            ],
            [
              20.5403462727873,
              44.752849505009
            ],
            [
              20.5404025179726,
              44.7528153956401
            ],
            [
              20.5404033431243,
              44.7528148957313
            ],
            [
              20.5405435144928,
              44.7527298306133
            ],
            [
              20.5405468141128,
              44.7527279543018
            ],
            [
              20.5407180896278,
              44.7526305404888
            ],
            [
              20.5409036886056,
              44.7525249837879
            ],
            [
              20.5409078881025,
              44.7525225799467
            ],
            [
              20.5412207390222,
              44.7523781301584
            ],
            [
              20.5412472324303,
              44.7523658962084
            ],
            [
              20.5412900153898,
              44.752341227965
            ],
            [
              20.5415294074214,
              44.752203224987
            ],
            [
              20.5416382446104,
              44.7521322095703
            ],
            [
              20.5416616934075,
              44.7521169043169
            ],
            [
              20.5417592670972,
              44.7520117256996
            ],
            [
              20.5417601537203,
              44.7520098387706
            ],
            [
              20.541866258589,
              44.7517818297684
            ],
            [
              20.5419122776314,
              44.7516829438643
            ],
            [
              20.542030919535,
              44.7513398066297
            ],
            [
              20.5422492571702,
              44.7509811086791
            ],
            [
              20.5424289771549,
              44.7506858488511
            ],
            [
              20.5424989084037,
              44.750610258371
            ],
            [
              20.5425694906078,
              44.7505339601713
            ],
            [
              20.5425726619552,
              44.7505305438903
            ],
            [
              20.5426901145395,
              44.7503848463086
            ],
            [
              20.5426945913076,
              44.7503792926994
            ],
            [
              20.5428319033893,
              44.7501990335629
            ],
            [
              20.5429235310448,
              44.7500625119427
            ],
            [
              20.5429674562732,
              44.7499950262976
            ],
            [
              20.5429766993707,
              44.7499808252176
            ],
            [
              20.5430398650112,
              44.7498837890023
            ],
            [
              20.543079756979,
              44.7498409022179
            ],
            [
              20.5430798079351,
              44.7498408484078
            ],
            [
              20.5431715160932,
              44.7497422329721
            ],
            [
              20.5431733509962,
              44.7497402336947
            ],
            [
              20.5431770443854,
              44.7497362883476
            ],
            [
              20.5436867644494,
              44.7492855246741
            ],
            [
              20.5437015303309,
              44.7492724519854
            ],
            [
              20.543834936342,
              44.7491049475943
            ],
            [
              20.5439817593159,
              44.7489206838809
            ],
            [
              20.5439858414805,
              44.7489154797345
            ],
            [
              20.5441594176873,
              44.7486840649184
            ],
            [
              20.5441775267931,
              44.7486599542604
            ],
            [
              20.5441954073588,
              44.7486361487662
            ],
            [
              20.5442835356738,
              44.7485508379648
            ],
            [
              20.5445023576018,
              44.7483390229589
            ],
            [
              20.5447906996915,
              44.7480793519264
            ],
            [
              20.5448521039785,
              44.7480261363655
            ],
            [
              20.5449771876497,
              44.7479177345967
            ],
            [
              20.5451412572446,
              44.7477755483099
            ],
            [
              20.5453789215026,
              44.7475697733793
            ],
            [
              20.5453960758022,
              44.7475547123594
            ],
            [
              20.5453976148052,
              44.7475533771393
            ],
            [
              20.5456926628755,
              44.7472589022948
            ],
            [
              20.5457324864406,
              44.7472181370397
            ],
            [
              20.5457754285555,
              44.747174190149
            ],
            [
              20.5458073323379,
              44.7471415395712
            ],
            [
              20.5460751035175,
              44.7468674841358
            ],
            [
              20.5461456186641,
              44.7467971141404
            ],
            [
              20.546181772099,
              44.7467603581793
            ],
            [
              20.5463878115035,
              44.7466236545136
            ],
            [
              20.5465582204156,
              44.7465325291209
            ],
            [
              20.5466314211424,
              44.7464933895489
            ],
            [
              20.5466663096506,
              44.746474726686
            ],
            [
              20.5467573270951,
              44.7464197101345
            ],
            [
              20.5469686866739,
              44.7462919640353
            ],
            [
              20.5471255580237,
              44.7462087943584
            ],
            [
              20.5471289653431,
              44.7462074485187
            ],
            [
              20.5475968095599,
              44.7460218329149
            ],
            [
              20.5478706376508,
              44.7458222149403
            ],
            [
              20.5479426646598,
              44.7457679594709
            ],
            [
              20.5481378283194,
              44.745620149315
            ],
            [
              20.5481930494775,
              44.7455783287223
            ],
            [
              20.5481959703389,
              44.745576179719
            ],
            [
              20.5483915630636,
              44.7454315027314
            ],
            [
              20.5485918917005,
              44.7452832711007
            ],
            [
              20.548595053998,
              44.7452809348927
            ],
            [
              20.5486998136748,
              44.7451907179831
            ],
            [
              20.5487542269811,
              44.745143844518
            ],
            [
              20.5487986101524,
              44.7451056078434
            ],
            [
              20.54880152113,
              44.7451030995925
            ],
            [
              20.5490843686071,
              44.7448450063777
            ],
            [
              20.5490907398965,
              44.7448391908228
            ],
            [
              20.5492619064735,
              44.7446875408048
            ],
            [
              20.5493891786949,
              44.7445747775476
            ],
            [
              20.549428595671,
              44.7445399230094
            ],
            [
              20.5498621601707,
              44.7441931669707
            ],
            [
              20.5498772934891,
              44.7441810680716
            ],
            [
              20.5499161640258,
              44.7441499813845
            ],
            [
              20.5501889991081,
              44.7438968962376
            ],
            [
              20.5503615812022,
              44.7438048725511
            ],
            [
              20.5503679201562,
              44.7438015675463
            ],
            [
              20.5506523939754,
              44.7436108043174
            ],
            [
              20.5507087274967,
              44.7435765551288
            ],
            [
              20.550943960798,
              44.7434332980879
            ],
            [
              20.5509374626165,
              44.74340643569
            ],
            [
              20.5509317229215,
              44.7433827612985
            ],
            [
              20.5509097605035,
              44.7432783154219
            ],
            [
              20.550908336449,
              44.7432715238653
            ],
            [
              20.5509071160016,
              44.7432578490272
            ],
            [
              20.5508902111739,
              44.7430676101146
            ],
            [
              20.550891315598,
              44.7429083200112
            ],
            [
              20.5508799748394,
              44.7426109248079
            ],
            [
              20.5508448417335,
              44.7423038980475
            ],
            [
              20.5508339192017,
              44.7421321410046
            ],
            [
              20.550823435639,
              44.741969115244
            ],
            [
              20.5508124254674,
              44.7416615522499
            ],
            [
              20.5508100592071,
              44.7416082653352
            ],
            [
              20.5507971063755,
              44.741323553405
            ],
            [
              20.5507918988251,
              44.7412293964189
            ],
            [
              20.5507749313281,
              44.7409248698427
            ],
            [
              20.5507695224455,
              44.7408567207014
            ],
            [
              20.5507550049506,
              44.7405946830567
            ],
            [
              20.5507357525069,
              44.7401282422515
            ],
            [
              20.5506745828848,
              44.7397755745631
            ],
            [
              20.550648083774,
              44.7394299723381
            ],
            [
              20.550640929396,
              44.7389996684924
            ],
            [
              20.5506373622599,
              44.7389056070387
            ],
            [
              20.5506347359308,
              44.7388386391192
            ],
            [
              20.5506293680221,
              44.7386982229417
            ],
            [
              20.5506081421277,
              44.7384236482341
            ],
            [
              20.5505770218475,
              44.7380210591269
            ],
            [
              20.5505550133565,
              44.7376010467046
            ],
            [
              20.5505171276453,
              44.7372421696677
            ],
            [
              20.5504832832337,
              44.736883398526
            ],
            [
              20.5504450550727,
              44.7365199297786
            ],
            [
              20.55041301317,
              44.7361403765584
            ],
            [
              20.5504057761463,
              44.7360474700076
            ],
            [
              20.5503843966736,
              44.7357748714413
            ],
            [
              20.5503762679291,
              44.7356994214153
            ],
            [
              20.5503743852847,
              44.7356815938664
            ],
            [
              20.5503603637221,
              44.735551671769
            ],
            [
              20.5503597860194,
              44.7355463599128
            ],
            [
              20.5503492891052,
              44.7354487610964
            ],
            [
              20.5503480065134,
              44.7354367856313
            ],
            [
              20.5503439301092,
              44.7353989075278
            ],
            [
              20.5503436355026,
              44.7353961795582
            ],
            [
              20.5503455418537,
              44.7353781877794
            ],
            [
              20.5503457188735,
              44.7353765320453
            ],
            [
              20.5503488032181,
              44.7353483209435
            ],
            [
              20.5503614481314,
              44.7352316427468
            ],
            [
              20.5503581005857,
              44.7352219457466
            ],
            [
              20.5503535436764,
              44.7352087519759
            ],
            [
              20.5503394847703,
              44.7351653179316
            ],
            [
              20.5503192595885,
              44.7351028700627
            ],
            [
              20.550158471284,
              44.7350933209305
            ],
            [
              20.5500142154257,
              44.7350847549522
            ],
            [
              20.5495871477763,
              44.7350568008111
            ],
            [
              20.5494090040143,
              44.7350382824578
            ],
            [
              20.549314922914,
              44.7350285712969
            ],
            [
              20.5492287140655,
              44.7350196653321
            ],
            [
              20.5491434270588,
              44.735010780046
            ],
            [
              20.5490435061846,
              44.7350003983388
            ],
            [
              20.5490168854095,
              44.7349975934171
            ],
            [
              20.5490119646979,
              44.7349971238686
            ],
            [
              20.549001881798,
              44.7349915043992
            ],
            [
              20.548983814827,
              44.7349814350485
            ],
            [
              20.548957301067,
              44.7349666520172
            ],
            [
              20.5489077405378,
              44.7349390261317
            ],
            [
              20.5488720602867,
              44.7349159364209
            ],
            [
              20.5488110150642,
              44.7348763577264
            ],
            [
              20.5487113750333,
              44.7348117170112
            ],
            [
              20.5486934103704,
              44.734800036599
            ],
            [
              20.5485501188518,
              44.7346835551832
            ],
            [
              20.5484597152924,
              44.7346100222324
            ],
            [
              20.5483957879343,
              44.7345580302891
            ],
            [
              20.5486125762214,
              44.7342662094092
            ],
            [
              20.5487776205752,
              44.7340198129625
            ],
            [
              20.5487920518519,
              44.7338196236121
            ],
            [
              20.5491039509378,
              44.7338646779651
            ],
            [
              20.5493060487747,
              44.7339200100969
            ],
            [
              20.5498579465775,
              44.7340340435761
            ],
            [
              20.5500499112077,
              44.7341264142081
            ],
            [
              20.5502305650589,
              44.7339832152215
            ],
            [
              20.550618443291,
              44.7339672739695
            ],
            [
              20.5509453247838,
              44.7340018531021
            ],
            [
              20.5510751060869,
              44.7340859690049
            ],
            [
              20.5510779760168,
              44.7340790502809
            ],
            [
              20.5510839447838,
              44.7340646825941
            ],
            [
              20.551171596383,
              44.7338536106222
            ],
            [
              20.5511853947089,
              44.7337345071035
            ],
            [
              20.5511956953577,
              44.7336463308978
            ],
            [
              20.5511959385498,
              44.7336442802189
            ],
            [
              20.5512813181426,
              44.7334281678075
            ],
            [
              20.5514002019346,
              44.7332059771148
            ],
            [
              20.551445325961,
              44.7331178647402
            ],
            [
              20.5514390048748,
              44.7330713112851
            ],
            [
              20.551397173817,
              44.7327635340868
            ],
            [
              20.551442045711,
              44.7325769629441
            ],
            [
              20.5514102158702,
              44.7325131202089
            ],
            [
              20.5513631241516,
              44.7323652490141
            ],
            [
              20.5513534214558,
              44.7323496863497
            ],
            [
              20.5512917866236,
              44.7322507622702
            ],
            [
              20.5512719583586,
              44.7321892433395
            ],
            [
              20.5512677169853,
              44.7321760778451
            ],
            [
              20.5512642884373,
              44.7321654262991
            ],
            [
              20.5512373045319,
              44.7321182794015
            ],
            [
              20.551169981552,
              44.7320006314227
            ],
            [
              20.5510778014792,
              44.7318548334776
            ],
            [
              20.5510549592433,
              44.7318158112299
            ],
            [
              20.5509947937648,
              44.7317130316496
            ],
            [
              20.5509767379729,
              44.7316821816305
            ],
            [
              20.5509409519918,
              44.7316401025828
            ],
            [
              20.5509330323572,
              44.7316307927215
            ],
            [
              20.5508513642011,
              44.7315348144067
            ],
            [
              20.5507267404261,
              44.7313885293735
            ],
            [
              20.5509818837929,
              44.7313097890846
            ],
            [
              20.5511210321834,
              44.7311936053189
            ],
            [
              20.5512119257049,
              44.7309987546829
            ],
            [
              20.5512487910171,
              44.7309694969695
            ],
            [
              20.5513596661029,
              44.7308815250015
            ],
            [
              20.5513809873654,
              44.7308508288217
            ],
            [
              20.5513579421842,
              44.7308135783933
            ],
            [
              20.5513565452522,
              44.730811314216
            ],
            [
              20.5512430513919,
              44.7306789325681
            ],
            [
              20.5511113002467,
              44.7305893644427
            ],
            [
              20.5511081607506,
              44.7305872374507
            ],
            [
              20.5510540794269,
              44.7305764056958
            ],
            [
              20.5510151579237,
              44.7305580472342
            ],
            [
              20.5507139222943,
              44.7304159577768
            ],
            [
              20.550695188329,
              44.7304058950673
            ],
            [
              20.5501831931226,
              44.7301320950669
            ],
            [
              20.550076662226,
              44.7300304295851
            ],
            [
              20.5500677389613,
              44.7300235634466
            ],
            [
              20.5499609434374,
              44.7299414175116
            ],
            [
              20.5494114000063,
              44.7297729448169
            ],
            [
              20.5491557231852,
              44.7297419714532
            ],
            [
              20.5489920347469,
              44.7296361200664
            ],
            [
              20.5488802294403,
              44.7295311926844
            ],
            [
              20.5487851674492,
              44.7293999616527
            ],
            [
              20.5487145889246,
              44.7293026662312
            ],
            [
              20.5486911178281,
              44.7292540643059
            ],
            [
              20.5486165509295,
              44.729099694348
            ],
            [
              20.5486153755821,
              44.7290868199389
            ],
            [
              20.5486086399689,
              44.7290127246581
            ],
            [
              20.5486880850292,
              44.7288457299001
            ],
            [
              20.5487557230504,
              44.7287036186485
            ],
            [
              20.5487568779028,
              44.7287011034527
            ],
            [
              20.5486808236657,
              44.7285612169335
            ],
            [
              20.5486791946172,
              44.7285595909724
            ],
            [
              20.5485865562857,
              44.7284727473346
            ],
            [
              20.5485598715701,
              44.7284477035361
            ],
            [
              20.5485573089125,
              44.7284427169051
            ],
            [
              20.548493206065,
              44.7283182040043
            ],
            [
              20.5484883875649,
              44.7283079159692
            ],
            [
              20.5484537370683,
              44.7282340082825
            ],
            [
              20.5484061455168,
              44.7281324643994
            ],
            [
              20.5483761030859,
              44.7280993168634
            ],
            [
              20.5483645178452,
              44.7281067862147
            ],
            [
              20.5483389256877,
              44.7281232907486
            ],
            [
              20.5482274540371,
              44.7282101231699
            ],
            [
              20.5481271843695,
              44.7282882342117
            ],
            [
              20.5479413373097,
              44.7284645642275
            ],
            [
              20.5478575702347,
              44.7285440537931
            ],
            [
              20.5478562725694,
              44.7285452819781
            ],
            [
              20.5478201688584,
              44.7285934690726
            ],
            [
              20.5475624564977,
              44.7288754076813
            ],
            [
              20.5475472904331,
              44.7288919983508
            ],
            [
              20.5474438326363,
              44.729045397234
            ],
            [
              20.5472988953838,
              44.7292072729645
            ],
            [
              20.5472809212535,
              44.7292310606505
            ],
            [
              20.5472729983582,
              44.7292415502927
            ],
            [
              20.5470567712374,
              44.7294004180735
            ],
            [
              20.5469569367483,
              44.7294737594507
            ],
            [
              20.5466376407578,
              44.729653936595
            ],
            [
              20.5465744614062,
              44.7296895961563
            ],
            [
              20.5465493250989,
              44.7296991630815
            ],
            [
              20.5464775867806,
              44.7297264731332
            ],
            [
              20.5463338118563,
              44.7298095321454
            ],
            [
              20.546315117826,
              44.7298203300246
            ],
            [
              20.5460452799893,
              44.7299463682724
            ],
            [
              20.5460422886519,
              44.7299477697513
            ],
            [
              20.5460087059922,
              44.7299799465978
            ],
            [
              20.5460533648053,
              44.730016932031
            ],
            [
              20.5462022505331,
              44.7302192070014
            ],
            [
              20.5462185291085,
              44.7302413211417
            ],
            [
              20.5462574062521,
              44.7306151469813
            ],
            [
              20.5462374442351,
              44.7309778515767
            ],
            [
              20.5462371059282,
              44.73098397003
            ],
            [
              20.5462592343303,
              44.7312711527797
            ],
            [
              20.5462231169019,
              44.7313853076066
            ],
            [
              20.5461366701094,
              44.7317035599219
            ],
            [
              20.545940301367,
              44.7322091146458
            ],
            [
              20.5457455824591,
              44.7326483471559
            ],
            [
              20.5456102060489,
              44.7329421061395
            ],
            [
              20.5455711321303,
              44.7330627288527
            ],
            [
              20.5455684411841,
              44.7331599254825
            ],
            [
              20.5455665259443,
              44.7332288659319
            ],
            [
              20.5455662098157,
              44.7332403660716
            ],
            [
              20.5456739278775,
              44.7335133973812
            ],
            [
              20.5456777644468,
              44.7336689299661
            ],
            [
              20.5457872048022,
              44.7339626670922
            ],
            [
              20.5458538786846,
              44.7341414865555
            ],
            [
              20.5458991432844,
              44.7342631630892
            ],
            [
              20.5459038479062,
              44.7343172165685
            ],
            [
              20.5459108930671,
              44.7343981891614
            ],
            [
              20.5459110668739,
              44.7344001874726
            ],
            [
              20.5459122360834,
              44.7344137820607
            ],
            [
              20.5459375839922,
              44.7344518529306
            ],
            [
              20.5459614093327,
              44.7344875951368
            ],
            [
              20.5460216618233,
              44.7345040595872
            ],
            [
              20.5460259203208,
              44.7345052198128
            ],
            [
              20.5458992226322,
              44.7346574462819
            ],
            [
              20.545620625618,
              44.7349061802423
            ],
            [
              20.5452872307318,
              44.7352995934601
            ],
            [
              20.5452123449825,
              44.7353620443071
            ],
            [
              20.5451145045354,
              44.73544362728
            ],
            [
              20.5446606399727,
              44.7359340306908
            ],
            [
              20.5445830618354,
              44.7361660087855
            ],
            [
              20.5445088438132,
              44.7363881894678
            ],
            [
              20.5444786211495,
              44.7365537372095
            ],
            [
              20.544477710698,
              44.7365587010699
            ],
            [
              20.5443941819637,
              44.736566650029
            ],
            [
              20.5443506473783,
              44.736559700284
            ],
            [
              20.5443357914772,
              44.7365573292108
            ],
            [
              20.5443382790493,
              44.7365783082888
            ],
            [
              20.5443513074214,
              44.7366884273902
            ],
            [
              20.5443528232567,
              44.7367012662748
            ],
            [
              20.5443545054396,
              44.7367154390697
            ],
            [
              20.5443216449755,
              44.7368160162469
            ],
            [
              20.5443092237506,
              44.7368542158304
            ],
            [
              20.5443048248503,
              44.7368676981882
            ],
            [
              20.5442938289291,
              44.7369013140637
            ],
            [
              20.544287515984,
              44.7369206565087
            ],
            [
              20.5442440208607,
              44.7370538427123
            ],
            [
              20.5442216366889,
              44.73712260238
            ],
            [
              20.5441896782388,
              44.7372208425034
            ],
            [
              20.5441714380302,
              44.7372765689064
            ],
            [
              20.5441455394605,
              44.7373572840404
            ],
            [
              20.544102077078,
              44.7374926488766
            ],
            [
              20.5440629763313,
              44.7376144402741
            ],
            [
              20.5440489718165,
              44.7376579889947
            ],
            [
              20.5440443254023,
              44.7376724146978
            ],
            [
              20.5439655204345,
              44.7379171662242
            ],
            [
              20.543952440197,
              44.7379589631653
            ],
            [
              20.5438772004913,
              44.7381821286444
            ],
            [
              20.5438270693028,
              44.7383594059148
            ],
            [
              20.5437196511132,
              44.7385796538146
            ],
            [
              20.5436929139078,
              44.7386125135505
            ],
            [
              20.5434655337448,
              44.7388920168412
            ],
            [
              20.543250456924,
              44.7391693452944
            ],
            [
              20.5431702365316,
              44.7392412321795
            ],
            [
              20.543027906503,
              44.7393687966201
            ],
            [
              20.5427384600288,
              44.7395189583608
            ],
            [
              20.5426636259948,
              44.7395577828658
            ],
            [
              20.5423054685536,
              44.7396181139905
            ],
            [
              20.5419323886728,
              44.7396809588078
            ],
            [
              20.5418444365592,
              44.7397001374745
            ],
            [
              20.541212881036,
              44.7398378360194
            ],
            [
              20.5408574618946,
              44.7398707956964
            ],
            [
              20.5407151047777,
              44.7398839968603
            ],
            [
              20.5404666473685,
              44.7399084740122
            ],
            [
              20.5402352685637,
              44.7399449879844
            ],
            [
              20.5396875073563,
              44.7400680724163
            ],
            [
              20.5394324761869,
              44.7400612917196
            ],
            [
              20.5387648720345,
              44.739977255953
            ],
            [
              20.5382620739482,
              44.7399557071603
            ],
            [
              20.5377080730641,
              44.7399210161463
            ],
            [
              20.5375863128312,
              44.7399133897577
            ],
            [
              20.5375442441146,
              44.739910736571
            ],
            [
              20.5371506166775,
              44.7398858952331
            ],
            [
              20.5367952242996,
              44.7398278539679
            ],
            [
              20.5367176656904,
              44.7398308711368
            ],
            [
              20.5363474304553,
              44.7398450372169
            ],
            [
              20.5362798076537,
              44.7398228770826
            ],
            [
              20.5362643022393,
              44.7398177926204
            ],
            [
              20.5358495254397,
              44.739732509258
            ],
            [
              20.5355491371068,
              44.7396846127217
            ],
            [
              20.5355101411915,
              44.739678398255
            ],
            [
              20.5352743527412,
              44.7396501754515
            ],
            [
              20.5349343547187,
              44.739641401405
            ],
            [
              20.5346087504835,
              44.7396329910818
            ],
            [
              20.5344386388012,
              44.739666500319
            ],
            [
              20.5343744189516,
              44.739680154318
            ],
            [
              20.5341162083858,
              44.7397350318917
            ],
            [
              20.5337650215689,
              44.7397990358169
            ],
            [
              20.533594767191,
              44.7398185940943
            ],
            [
              20.533355345003,
              44.7398657704572
            ],
            [
              20.5330967235495,
              44.7398503204997
            ],
            [
              20.5329929620161,
              44.7398374874271
            ],
            [
              20.5329619916274,
              44.7398336626197
            ],
            [
              20.5327945082335,
              44.7399612653646
            ],
            [
              20.5326357156135,
              44.7400822606033
            ],
            [
              20.5323590855787,
              44.740307794407
            ],
            [
              20.5323495903324,
              44.7403155407454
            ],
            [
              20.5323985492079,
              44.7403517397495
            ],
            [
              20.5321877589843,
              44.7404970384049
            ],
            [
              20.5320217409042,
              44.7406808583801
            ],
            [
              20.5318394573567,
              44.7408771210757
            ],
            [
              20.5316533765281,
              44.7410477733662
            ],
            [
              20.5316247139416,
              44.7410740614651
            ],
            [
              20.5315107645431,
              44.7411895144325
            ],
            [
              20.5314313889786,
              44.741311507099
            ],
            [
              20.5313716520771,
              44.7414033225522
            ],
            [
              20.5310005848651,
              44.7418178700403
            ],
            [
              20.5309699376406,
              44.7421159356352
            ],
            [
              20.5309697598348,
              44.7421176174408
            ],
            [
              20.5304237362533,
              44.7424632984902
            ],
            [
              20.530399849003,
              44.7424784277147
            ],
            [
              20.530340969036,
              44.7425295754006
            ],
            [
              20.5300894181385,
              44.7428739555889
            ],
            [
              20.5300536641638,
              44.7429073781614
            ],
            [
              20.5299859393723,
              44.7430060089672
            ],
            [
              20.5298635641625,
              44.7432888203069
            ],
            [
              20.5296556943359,
              44.7438376745681
            ],
            [
              20.5296226275086,
              44.7438664286558
            ],
            [
              20.5293080226375,
              44.7441517792209
            ],
            [
              20.5289969443482,
              44.7443908849844
            ],
            [
              20.5287522683638,
              44.7444922060017
            ],
            [
              20.5283951995982,
              44.7446404029709
            ],
            [
              20.5282536093506,
              44.7447215386264
            ],
            [
              20.5279289920983,
              44.7449324172472
            ],
            [
              20.5279109656717,
              44.7449441321812
            ],
            [
              20.5276832133,
              44.7450918711368
            ],
            [
              20.5273728005244,
              44.7453576157744
            ],
            [
              20.5271322740035,
              44.7455230308374
            ],
            [
              20.5266423059459,
              44.7458161126342
            ],
            [
              20.526379426233,
              44.7459858976997
            ],
            [
              20.526344349783,
              44.7460085587212
            ],
            [
              20.5262398580327,
              44.7460771551381
            ],
            [
              20.5262030850303,
              44.746095632899
            ],
            [
              20.525946050523,
              44.7462248884321
            ],
            [
              20.5257545600458,
              44.7462761151528
            ],
            [
              20.5256540806288,
              44.7463029776072
            ],
            [
              20.5253706923805,
              44.7463787439909
            ],
            [
              20.525357318633,
              44.7463833687186
            ],
            [
              20.5251438716887,
              44.7464571827173
            ],
            [
              20.5250463540171,
              44.7464909788386
            ],
            [
              20.5249510752817,
              44.7465338009184
            ],
            [
              20.5249098431973,
              44.7465523317319
            ],
            [
              20.524557127467,
              44.7467110404667
            ],
            [
              20.5245451748685,
              44.7467164173081
            ],
            [
              20.5244376996436,
              44.7467477408249
            ],
            [
              20.524337314637,
              44.7467769341137
            ],
            [
              20.5240847317711,
              44.746839424739
            ],
            [
              20.5238013979852,
              44.7469095267862
            ],
            [
              20.5237045614002,
              44.7469309581058
            ],
            [
              20.5234277899395,
              44.746992213002
            ],
            [
              20.5232709068238,
              44.7470269301616
            ],
            [
              20.5230267587542,
              44.7470925135432
            ],
            [
              20.5228366133745,
              44.7471639917086
            ],
            [
              20.5227818792149,
              44.7471749240906
            ],
            [
              20.5225120233536,
              44.7472287895474
            ],
            [
              20.5224754023684,
              44.7472360885541
            ],
            [
              20.5224576296159,
              44.747239633174
            ],
            [
              20.5223847198678,
              44.7472801529212
            ],
            [
              20.5223028580176,
              44.7473256557731
            ],
            [
              20.5222802609931,
              44.7474796396226
            ],
            [
              20.5222734915451,
              44.7474952438407
            ],
            [
              20.5222721568308,
              44.7474977850148
            ],
            [
              20.5222720798519,
              44.7474979287299
            ],
            [
              20.5222718617696,
              44.7474983329223
            ],
            [
              20.5222526599904,
              44.74753487315
            ],
            [
              20.5221769074702,
              44.747671984802
            ],
            [
              20.5220547687177,
              44.7478140318084
            ],
            [
              20.52192893169,
              44.7479603825139
            ],
            [
              20.5216511138521,
              44.7481605462528
            ],
            [
              20.5215283609504,
              44.7482383297344
            ],
            [
              20.521400503553,
              44.7483535323498
            ],
            [
              20.521397536041,
              44.7483613501336
            ],
            [
              20.5213271707044,
              44.7484569938765
            ],
            [
              20.5212361487558,
              44.7486388607409
            ],
            [
              20.5211540854927,
              44.7488061840299
            ],
            [
              20.5211129229656,
              44.748959910618
            ],
            [
              20.5211171730954,
              44.7491353368652
            ],
            [
              20.5211655979596,
              44.7494220081579
            ],
            [
              20.5211834902952,
              44.7495815619806
            ],
            [
              20.5211336279689,
              44.7497489311054
            ],
            [
              20.5210792847665,
              44.7499237524381
            ],
            [
              20.5210504644958,
              44.7501341391152
            ],
            [
              20.5210492824302,
              44.7501428105933
            ],
            [
              20.5210482609528,
              44.7501502404248
            ],
            [
              20.5209771330867,
              44.7503236400559
            ],
            [
              20.520919507332,
              44.7502972979115
            ],
            [
              20.5205776896724,
              44.7505231999636
            ],
            [
              20.5204701910538,
              44.7505573076449
            ],
            [
              20.5202724620297,
              44.7506619907148
            ],
            [
              20.5201572539864,
              44.7507229934512
            ],
            [
              20.520152966447,
              44.7507252620255
            ],
            [
              20.5201501818,
              44.7507260596338
            ],
            [
              20.5201371445455,
              44.7507296949054
            ],
            [
              20.5201092984609,
              44.7507373180926
            ],
            [
              20.5200260108258,
              44.7507602768895
            ],
            [
              20.5199175350877,
              44.7507902406765
            ],
            [
              20.5196788742259,
              44.7508332450037
            ],
            [
              20.5195248024353,
              44.7507404365742
            ],
            [
              20.5193355433714,
              44.7508577181877
            ],
            [
              20.5189205846066,
              44.7511772663891
            ],
            [
              20.5189054614787,
              44.7511888120721
            ],
            [
              20.5188032874087,
              44.7512633511134
            ],
            [
              20.5188022070383,
              44.7512641387652
            ],
            [
              20.5187885739402,
              44.7512740891983
            ],
            [
              20.5187185763352,
              44.7512934219895
            ],
            [
              20.5186512377159,
              44.751312028655
            ],
            [
              20.5185283301479,
              44.7513459795339
            ],
            [
              20.5184109155927,
              44.7513723041748
            ],
            [
              20.5183384425773,
              44.7513855875396
            ],
            [
              20.5182841376708,
              44.7514008379794
            ],
            [
              20.5180913177718,
              44.7514437631624
            ],
            [
              20.5179918712026,
              44.7514658429777
            ],
            [
              20.5178121900766,
              44.751477413156
            ],
            [
              20.5177922251035,
              44.7514786792072
            ],
            [
              20.517686147131,
              44.7514978680193
            ],
            [
              20.5176838329697,
              44.7514982903573
            ],
            [
              20.5179067859538,
              44.751732007337
            ],
            [
              20.5179162267082,
              44.7517419119276
            ],
            [
              20.5178262313732,
              44.7517973310623
            ],
            [
              20.5175630117647,
              44.7519233870693
            ],
            [
              20.5174080112812,
              44.7520050808839
            ],
            [
              20.5173852737282,
              44.7520501368181
            ],
            [
              20.517354988138,
              44.7521101560069
            ],
            [
              20.5173560789733,
              44.752192510204
            ],
            [
              20.5173788107588,
              44.7522232960646
            ],
            [
              20.5173865748804,
              44.7522467285949
            ],
            [
              20.5173892006952,
              44.7523266595513
            ],
            [
              20.5173901072718,
              44.7523546524825
            ],
            [
              20.5173912185637,
              44.7523884077608
            ],
            [
              20.5173148012902,
              44.7524969831222
            ],
            [
              20.5172984454972,
              44.7525202416939
            ],
            [
              20.5172013250736,
              44.7526584119048
            ],
            [
              20.5171111350162,
              44.7527539520624
            ],
            [
              20.5169629508656,
              44.7529109271336
            ],
            [
              20.5169027257923,
              44.753001027726
            ],
            [
              20.5168062622842,
              44.7531512724718
            ],
            [
              20.5167695466617,
              44.7532083538401
            ],
            [
              20.5167512513581,
              44.7532368947841
            ],
            [
              20.5167324439508,
              44.7532662437664
            ],
            [
              20.5166882808811,
              44.7533349578913
            ],
            [
              20.5166402035686,
              44.7534097563001
            ],
            [
              20.5166353258958,
              44.753419275408
            ],
            [
              20.5166054911927,
              44.7535302034773
            ],
            [
              20.5165825218351,
              44.7536201924079
            ],
            [
              20.5165252299391,
              44.7538292797821
            ],
            [
              20.5165174155536,
              44.753857955078
            ],
            [
              20.5164974332823,
              44.7539057393834
            ],
            [
              20.5164401144834,
              44.7540428386936
            ],
            [
              20.5164359932327,
              44.754052541041
            ],
            [
              20.5164224654442,
              44.7540848821858
            ],
            [
              20.5163310342443,
              44.7542679063258
            ],
            [
              20.5160855936245,
              44.7545185838604
            ],
            [
              20.5157941717621,
              44.754892539824
            ],
            [
              20.5157843117889,
              44.7549241942588
            ],
            [
              20.5157775650837,
              44.7549458369184
            ],
            [
              20.5157406725112,
              44.7550852640322
            ],
            [
              20.5157379141326,
              44.7550859095047
            ],
            [
              20.5156150154428,
              44.7551146089149
            ],
            [
              20.5154649358276,
              44.7551496106238
            ],
            [
              20.5153364760077,
              44.7551820031941
            ],
            [
              20.5152196583695,
              44.7552113851538
            ],
            [
              20.5148690874595,
              44.7552989014523
            ],
            [
              20.5145955515169,
              44.7553412959533
            ],
            [
              20.5144993136618,
              44.7553562763242
            ],
            [
              20.5143326091954,
              44.755390151697
            ],
            [
              20.5142746279272,
              44.7554019376001
            ],
            [
              20.5140553488374,
              44.7554352927742
            ],
            [
              20.5138055228224,
              44.7554981260868
            ],
            [
              20.5137192965076,
              44.7555276466422
            ],
            [
              20.5134430377937,
              44.7556222167832
            ],
            [
              20.5132646041808,
              44.7556651941733
            ],
            [
              20.5131291981822,
              44.7556977355995
            ],
            [
              20.5127347455516,
              44.7558385166752
            ],
            [
              20.5125077136844,
              44.7559177430776
            ],
            [
              20.5124871185761,
              44.7559249362323
            ],
            [
              20.5127701016825,
              44.756264888186
            ],
            [
              20.512898024449,
              44.7564189943639
            ],
            [
              20.5130644234031,
              44.7566194769056
            ],
            [
              20.513075590562,
              44.7566329244556
            ],
            [
              20.5134137299522,
              44.7564148659438
            ],
            [
              20.5137712155085,
              44.7566662169873
            ],
            [
              20.5142388700866,
              44.7570211713972
            ],
            [
              20.514037320477,
              44.7572921908544
            ],
            [
              20.513957093038,
              44.7573976751742
            ],
            [
              20.5138840923291,
              44.7574936693561
            ],
            [
              20.5138425473624,
              44.7575430358112
            ],
            [
              20.5137400552006,
              44.7576648309982
            ],
            [
              20.5137345956789,
              44.7576713146204
            ],
            [
              20.5133273552797,
              44.7576434543347
            ],
            [
              20.513312360144,
              44.7576424280867
            ],
            [
              20.5133069287404,
              44.7576423959381
            ],
            [
              20.5132112354245,
              44.7576418350539
            ],
            [
              20.5129190791123,
              44.7576401212674
            ],
            [
              20.5128360859398,
              44.7576493700345
            ],
            [
              20.5124709284489,
              44.757690047022
            ],
            [
              20.5123172134415,
              44.7577060485937
            ],
            [
              20.512259468834,
              44.7577120567984
            ],
            [
              20.5121447268767,
              44.7577240042939
            ],
            [
              20.5120573138594,
              44.7577330985797
            ],
            [
              20.5119612419307,
              44.7577431271452
            ],
            [
              20.5116192045317,
              44.7577751436625
            ],
            [
              20.5115177067762,
              44.7577846094137
            ],
            [
              20.511535294068,
              44.7578807734634
            ],
            [
              20.5115816437566,
              44.7581342110891
            ],
            [
              20.5115828164238,
              44.7581406419507
            ],
            [
              20.5113863783577,
              44.7581603206366
            ],
            [
              20.5112528449163,
              44.7581641585789
            ],
            [
              20.5110299945827,
              44.758170674772
            ],
            [
              20.5109059353751,
              44.7581742837034
            ],
            [
              20.5104408370891,
              44.7582412278859
            ],
            [
              20.5104362850188,
              44.7582434400443
            ],
            [
              20.5104322137686,
              44.7582454202037
            ],
            [
              20.5104433033318,
              44.7582952540969
            ],
            [
              20.5104638633903,
              44.75838765998
            ],
            [
              20.5104981225093,
              44.7584746529738
            ],
            [
              20.5105724884337,
              44.7586139249889
            ],
            [
              20.5105779551846,
              44.7586247475829
            ],
            [
              20.5106803433261,
              44.7588265976057
            ],
            [
              20.5107604945829,
              44.7589462395443
            ],
            [
              20.5108239293392,
              44.7590409526581
            ],
            [
              20.5108818870203,
              44.7591124505394
            ],
            [
              20.5109898272521,
              44.7592455941494
            ],
            [
              20.5112270493041,
              44.759560964735
            ],
            [
              20.5112301205629,
              44.759565352099
            ],
            [
              20.5112774886696,
              44.759633078398
            ],
            [
              20.5112808458636,
              44.7596378711877
            ],
            [
              20.510898954869,
              44.7597065236043
            ],
            [
              20.5105385109477,
              44.7597629371076
            ],
            [
              20.5103988823552,
              44.7598004345488
            ],
            [
              20.5103887550133,
              44.759803153939
            ],
            [
              20.510417522031,
              44.7599126219478
            ],
            [
              20.510444081917,
              44.7600141431549
            ],
            [
              20.5104455508247,
              44.760019747084
            ],
            [
              20.5103477073911,
              44.7600447069171
            ],
            [
              20.5102687543853,
              44.7600611972854
            ],
            [
              20.5100153423628,
              44.7601413768207
            ],
            [
              20.5099640302724,
              44.7601602361414
            ],
            [
              20.5098761945599,
              44.7601816384899
            ],
            [
              20.5096904510894,
              44.7602353789517
            ],
            [
              20.5096866579028,
              44.7602207465269
            ],
            [
              20.5096401632898,
              44.7600414010632
            ],
            [
              20.5095705002601,
              44.7598233118951
            ],
            [
              20.5095034477394,
              44.7597308682453
            ],
            [
              20.509305184303,
              44.7598169527042
            ],
            [
              20.5092106022207,
              44.7598579901879
            ],
            [
              20.5092025023115,
              44.7598615094883
            ],
            [
              20.5090537066622,
              44.7598938273729
            ],
            [
              20.508954489215,
              44.7599153772353
            ],
            [
              20.5089461383482,
              44.7599171958034
            ],
            [
              20.5087736697805,
              44.7596383666247
            ],
            [
              20.5087114886038,
              44.7595376901473
            ],
            [
              20.508710242139,
              44.7595356781716
            ],
            [
              20.5086852851388,
              44.7595400080438
            ],
            [
              20.5086181568895,
              44.7595516616918
            ],
            [
              20.5086526857216,
              44.7596423635306
            ],
            [
              20.5087034272023,
              44.75977566829
            ],
            [
              20.5087469847097,
              44.7598892684871
            ],
            [
              20.5088156572105,
              44.7600683676187
            ],
            [
              20.5088876451569,
              44.7604004021846
            ],
            [
              20.508705907665,
              44.7604282397391
            ],
            [
              20.5085606423316,
              44.7604415728045
            ],
            [
              20.5084951895643,
              44.7604475819423
            ],
            [
              20.5084487654548,
              44.7604573359829
            ],
            [
              20.5084280014895,
              44.7604616919476
            ],
            [
              20.5083509027559,
              44.7604662024037
            ],
            [
              20.5082216383481,
              44.7604737632261
            ],
            [
              20.5081947208614,
              44.7604754477738
            ],
            [
              20.5081218734673,
              44.7602161251797
            ],
            [
              20.5080846014927,
              44.7600763452188
            ],
            [
              20.5080582010689,
              44.7599773619007
            ],
            [
              20.508029667368,
              44.7597958074553
            ],
            [
              20.5079939937264,
              44.7596221415646
            ],
            [
              20.5079695916898,
              44.7594943765576
            ],
            [
              20.5079439090293,
              44.7593598569971
            ],
            [
              20.5079385865976,
              44.759360365201
            ],
            [
              20.5078826017772,
              44.7593657126023
            ],
            [
              20.5074330988626,
              44.7594086836696
            ],
            [
              20.5074535383798,
              44.7595462856258
            ],
            [
              20.5074658522715,
              44.7596288646571
            ],
            [
              20.5074717053419,
              44.7596686683814
            ],
            [
              20.5074868490234,
              44.759815859246
            ],
            [
              20.5074915429838,
              44.7598613726317
            ],
            [
              20.5074933050386,
              44.7598785422226
            ],
            [
              20.5073210264018,
              44.759893098558
            ],
            [
              20.5070433415453,
              44.7599305984913
            ],
            [
              20.5069939045736,
              44.7599352454331
            ],
            [
              20.5069764730013,
              44.7599368797195
            ],
            [
              20.5070584951389,
              44.7600628321213
            ],
            [
              20.5070667506783,
              44.7600755033876
            ],
            [
              20.5069852804655,
              44.7600907211986
            ],
            [
              20.506971883448,
              44.76009322812
            ],
            [
              20.5068939427774,
              44.7601077859302
            ],
            [
              20.5067145238074,
              44.7601271609607
            ],
            [
              20.5067144226523,
              44.7601271695261
            ],
            [
              20.5066845014005,
              44.7600058161635
            ],
            [
              20.5066791220566,
              44.7599846438149
            ],
            [
              20.5066625090351,
              44.7599028554399
            ],
            [
              20.5066399526701,
              44.7597917929009
            ],
            [
              20.5066320746128,
              44.7597539338869
            ],
            [
              20.5065943130852,
              44.7595723662182
            ],
            [
              20.5065497962136,
              44.7594145003184
            ],
            [
              20.50652649609,
              44.7593317836918
            ],
            [
              20.5065148468189,
              44.7592903353566
            ],
            [
              20.5065128465518,
              44.7592835227713
            ],
            [
              20.5064927842335,
              44.7592152823295
            ],
            [
              20.5064923788622,
              44.7592139212298
            ],
            [
              20.5064753345687,
              44.7592160972518
            ],
            [
              20.5063377404336,
              44.7592336818234
            ],
            [
              20.5061952744642,
              44.7592629454597
            ],
            [
              20.5061029535754,
              44.7592844596504
            ],
            [
              20.5060944104719,
              44.7592864482226
            ],
            [
              20.5060593866766,
              44.7593028285808
            ],
            [
              20.5059565719122,
              44.7593509188814
            ],
            [
              20.5058743533562,
              44.7594085119138
            ],
            [
              20.5058699833287,
              44.759411570894
            ],
            [
              20.5058579753435,
              44.7594199694016
            ],
            [
              20.5058930138744,
              44.7596230617499
            ],
            [
              20.5058930983277,
              44.7596235302351
            ],
            [
              20.505895544443,
              44.759637471884
            ],
            [
              20.5058634396124,
              44.7596403028387
            ],
            [
              20.505821853602,
              44.7596439929889
            ],
            [
              20.5057807729747,
              44.759647685311
            ],
            [
              20.5056528263352,
              44.7596324631973
            ],
            [
              20.505527196189,
              44.7598389570141
            ],
            [
              20.5055223035375,
              44.7598469910917
            ],
            [
              20.5056425889286,
              44.759857138898
            ],
            [
              20.505763632433,
              44.7598672916587
            ],
            [
              20.505920520253,
              44.7598804792057
            ],
            [
              20.5062464143029,
              44.7598776584617
            ],
            [
              20.506255180254,
              44.7599898587634
            ],
            [
              20.5062694398528,
              44.7601724052061
            ],
            [
              20.5062785888801,
              44.7603154481468
            ],
            [
              20.5062852804378,
              44.7604205024439
            ],
            [
              20.5062952338737,
              44.7605280005613
            ],
            [
              20.5063058820529,
              44.760643241859
            ],
            [
              20.5063133619497,
              44.7607446095125
            ],
            [
              20.5063197094256,
              44.7608305828328
            ],
            [
              20.5063323879756,
              44.7609146939354
            ],
            [
              20.5061891508866,
              44.7609148848879
            ],
            [
              20.5060735763369,
              44.7609151052794
            ],
            [
              20.5059967795926,
              44.7609152232285
            ],
            [
              20.5059960963476,
              44.7609273427733
            ],
            [
              20.5059951453376,
              44.7609441945702
            ],
            [
              20.5059911389616,
              44.7610147345833
            ],
            [
              20.5059942732756,
              44.7611071738755
            ],
            [
              20.5059945208387,
              44.761113708817
            ],
            [
              20.505994685886,
              44.7611180648447
            ],
            [
              20.5059944752736,
              44.7611295832791
            ],
            [
              20.5059943093723,
              44.7611386721857
            ],
            [
              20.5059928386228,
              44.7612196271247
            ],
            [
              20.5059927794494,
              44.7612228640965
            ],
            [
              20.5059911457355,
              44.7613127108029
            ],
            [
              20.505976539425,
              44.761396883956
            ],
            [
              20.5059676415502,
              44.7614483224255
            ],
            [
              20.5059545771554,
              44.7615607613677
            ],
            [
              20.5059483926197,
              44.7616140660459
            ],
            [
              20.5059388952487,
              44.761695956702
            ],
            [
              20.5059234464354,
              44.7617677696398
            ],
            [
              20.5059170708508,
              44.7617973776317
            ],
            [
              20.5058918323554,
              44.7619139031482
            ],
            [
              20.5058714554628,
              44.7620084012573
            ],
            [
              20.5058466050462,
              44.7621238481626
            ],
            [
              20.5058204329447,
              44.7622449139782
            ],
            [
              20.5058183427247,
              44.7622545797054
            ],
            [
              20.5058029549904,
              44.7622519033524
            ],
            [
              20.5054298663385,
              44.7621871155372
            ],
            [
              20.5054100757282,
              44.7621837718986
            ],
            [
              20.5053888732317,
              44.762180188082
            ],
            [
              20.5053217428723,
              44.7624106478814
            ],
            [
              20.5053045876068,
              44.7624525116859
            ],
            [
              20.5052361859122,
              44.762624288929
            ],
            [
              20.5051486943305,
              44.7628426000167
            ],
            [
              20.5051301955147,
              44.7628924682159
            ],
            [
              20.5051118521346,
              44.7629418869702
            ],
            [
              20.5049176775337,
              44.7633592579675
            ],
            [
              20.5049119132781,
              44.7633716525498
            ],
            [
              20.5052884471616,
              44.7633738189769
            ],
            [
              20.505404526892,
              44.7633744999978
            ],
            [
              20.5055127879123,
              44.7633751299428
            ],
            [
              20.50552540686,
              44.7633752016844
            ],
            [
              20.505330096448,
              44.7635718095845
            ],
            [
              20.5053229616174,
              44.7635789787182
            ],
            [
              20.5052680511705,
              44.7636342688347
            ],
            [
              20.5052561978765,
              44.7636466370561
            ],
            [
              20.5051714244857,
              44.7637347902741
            ],
            [
              20.5046811804612,
              44.7642445222045
            ],
            [
              20.5046750633241,
              44.7642508765017
            ],
            [
              20.5044403565319,
              44.7641769648972
            ],
            [
              20.5042914493066,
              44.7641297029628
            ],
            [
              20.5041444433432,
              44.7640816388822
            ],
            [
              20.5040073836617,
              44.7640373978738
            ],
            [
              20.5038027664896,
              44.7639755841865
            ],
            [
              20.5037601805263,
              44.7639627104125
            ],
            [
              20.503638973803,
              44.7639260970732
            ],
            [
              20.5035177659701,
              44.7638894836002
            ],
            [
              20.5033688070418,
              44.7638484300206
            ],
            [
              20.5032902843054,
              44.7638265532325
            ],
            [
              20.5032775686076,
              44.7638230149385
            ],
            [
              20.5032034235617,
              44.7639265483328
            ],
            [
              20.5031767050828,
              44.7639637808343
            ],
            [
              20.5029289399571,
              44.7642964997897
            ],
            [
              20.50290340375,
              44.7643372833752
            ],
            [
              20.5027740990815,
              44.7645437751022
            ],
            [
              20.5026725578499,
              44.7647059468451
            ],
            [
              20.5026115178041,
              44.7648143873438
            ],
            [
              20.5025864943141,
              44.764858836122
            ],
            [
              20.5025780194243,
              44.7648704355774
            ],
            [
              20.502552752087,
              44.7649050095675
            ],
            [
              20.5023364922207,
              44.7652009027827
            ],
            [
              20.5021101428388,
              44.7654695367489
            ],
            [
              20.5021070417879,
              44.7654732222724
            ],
            [
              20.5020483024426,
              44.7655323633157
            ],
            [
              20.5020336467157,
              44.7655475087905
            ],
            [
              20.501813938281,
              44.7658472290251
            ],
            [
              20.5015387764829,
              44.766220323059
            ],
            [
              20.5014989001872,
              44.7662744166338
            ],
            [
              20.5012579428666,
              44.766177611706
            ],
            [
              20.5011298138574,
              44.7661228762774
            ],
            [
              20.5011512115222,
              44.7660934962346
            ],
            [
              20.5011561450104,
              44.7660867228526
            ],
            [
              20.501165991841,
              44.7660727267855
            ],
            [
              20.5013568525936,
              44.7658084310183
            ],
            [
              20.5013990189476,
              44.7657523678822
            ],
            [
              20.5014303516426,
              44.7657075058024
            ],
            [
              20.5015728756813,
              44.7655115313
            ],
            [
              20.5016054713124,
              44.7654667205938
            ],
            [
              20.5016220883016,
              44.7654439335823
            ],
            [
              20.5016835708382,
              44.7653594254564
            ],
            [
              20.501691877894,
              44.7653481224118
            ],
            [
              20.5015428559678,
              44.7652994160354
            ],
            [
              20.5015154225161,
              44.7653314254877
            ],
            [
              20.5013989159018,
              44.765468791546
            ],
            [
              20.5013511916779,
              44.7655249204407
            ],
            [
              20.5012997662427,
              44.765585443377
            ],
            [
              20.5012285618932,
              44.7656691895514
            ],
            [
              20.5011497012896,
              44.765761990954
            ],
            [
              20.5008911160953,
              44.7656735685996
            ],
            [
              20.5008621334016,
              44.7656636960484
            ],
            [
              20.5008566047599,
              44.7656618093102
            ],
            [
              20.5006913228762,
              44.7659185650332
            ],
            [
              20.5006602140257,
              44.7659668469586
            ],
            [
              20.5006533008057,
              44.7659775267609
            ],
            [
              20.500456007873,
              44.7662843605551
            ],
            [
              20.500434093992,
              44.7663208032086
            ],
            [
              20.5003995404049,
              44.7663801752205
            ],
            [
              20.5003979258529,
              44.7663829129568
            ],
            [
              20.5003878114604,
              44.7664000675914
            ],
            [
              20.5004498514899,
              44.7664278760977
            ],
            [
              20.5005559344816,
              44.7664755868105
            ],
            [
              20.5007354794454,
              44.7665597060928
            ],
            [
              20.5007543527397,
              44.7665686072456
            ],
            [
              20.5007655502159,
              44.7665738757245
            ],
            [
              20.5007904623372,
              44.7665855939802
            ],
            [
              20.5010483897767,
              44.7667071322111
            ],
            [
              20.5014239659314,
              44.766881748818
            ],
            [
              20.5014286469405,
              44.7668839108989
            ],
            [
              20.501436687176,
              44.7668876450412
            ],
            [
              20.501466632368,
              44.7669002934521
            ],
            [
              20.5014923221417,
              44.7669111057171
            ],
            [
              20.5016121391736,
              44.7669617642295
            ],
            [
              20.5017644565975,
              44.7670261344643
            ],
            [
              20.5017978128064,
              44.7670402290336
            ],
            [
              20.5018180616568,
              44.767049235936
            ],
            [
              20.5018378447495,
              44.7670580337504
            ],
            [
              20.502027411276,
              44.7671423648505
            ],
            [
              20.5022717593588,
              44.7672510803461
            ],
            [
              20.5023258910101,
              44.7672730945961
            ],
            [
              20.5023495460138,
              44.7672842668946
            ],
            [
              20.5024018882651,
              44.7673087930527
            ],
            [
              20.5024309405303,
              44.7673224635806
            ],
            [
              20.5024476749529,
              44.7673303297726
            ],
            [
              20.5024695056031,
              44.7673405767644
            ],
            [
              20.502471469081,
              44.7673414936496
            ],
            [
              20.5024688769637,
              44.767343147781
            ],
            [
              20.5024647498016,
              44.7673457935793
            ],
            [
              20.502430326526,
              44.7673677829449
            ],
            [
              20.5023640223515,
              44.7674101523103
            ],
            [
              20.5023547380176,
              44.7674160425642
            ],
            [
              20.5023284706262,
              44.7674328659135
            ],
            [
              20.5022603745966,
              44.7674763887055
            ],
            [
              20.5022405470715,
              44.7674890729403
            ],
            [
              20.5021918194431,
              44.7675249489382
            ],
            [
              20.5021476050947,
              44.7675575065403
            ],
            [
              20.502140880361,
              44.7675624356871
            ],
            [
              20.502100417171,
              44.7675950726393
            ],
            [
              20.5020784104097,
              44.7676128228368
            ],
            [
              20.5020622689,
              44.7676258111844
            ],
            [
              20.5020560331826,
              44.7676311835706
            ],
            [
              20.5020486658599,
              44.7676373612288
            ],
            [
              20.5020123872639,
              44.7676681619228
            ],
            [
              20.5019009141242,
              44.7677628921273
            ],
            [
              20.5018153514945,
              44.7678414456057
            ],
            [
              20.5017603024285,
              44.767897003458
            ],
            [
              20.5017190236088,
              44.7679364127392
            ],
            [
              20.5016428713439,
              44.7680090764343
            ],
            [
              20.5016228727122,
              44.7680282486653
            ],
            [
              20.5015081490606,
              44.7679712315818
            ],
            [
              20.5014540954417,
              44.7679443668529
            ],
            [
              20.5014434903682,
              44.7679390920265
            ],
            [
              20.5014204706867,
              44.7679276522465
            ],
            [
              20.5014202144718,
              44.767928056231
            ],
            [
              20.5013815374325,
              44.7679894891507
            ],
            [
              20.5013785539679,
              44.7679941744205
            ],
            [
              20.5013778377584,
              44.7679953136842
            ],
            [
              20.5013757753279,
              44.7679985536064
            ],
            [
              20.5013436752514,
              44.7680296423983
            ],
            [
              20.5013081892275,
              44.7680223063209
            ],
            [
              20.5013072305557,
              44.7680221040843
            ],
            [
              20.5012989069117,
              44.7680204482253
            ],
            [
              20.5012382997402,
              44.768007980948
            ],
            [
              20.5010186975796,
              44.7679627997206
            ],
            [
              20.5010111897111,
              44.7679706061121
            ],
            [
              20.5009928231195,
              44.7679896854383
            ],
            [
              20.5007124000355,
              44.76828166802
            ],
            [
              20.5006999087425,
              44.7682946721316
            ],
            [
              20.5007379392804,
              44.7684533291185
            ],
            [
              20.5007621144594,
              44.7685542109393
            ],
            [
              20.5007684592056,
              44.7685744965283
            ],
            [
              20.5007863389747,
              44.7686316230986
            ],
            [
              20.5008050313132,
              44.7686911010145
            ],
            [
              20.50084524703,
              44.7688043113446
            ],
            [
              20.5008863049965,
              44.7689045557406
            ],
            [
              20.5009060921475,
              44.7689528530773
            ],
            [
              20.5009073793193,
              44.7689559996012
            ],
            [
              20.5009109179165,
              44.7689646365581
            ],
            [
              20.5009207316757,
              44.7689885904263
            ],
            [
              20.5009306308458,
              44.7690127526196
            ],
            [
              20.5009709141863,
              44.7691031937044
            ],
            [
              20.5009846161326,
              44.7691274805366
            ],
            [
              20.500987963172,
              44.7691334168673
            ],
            [
              20.501042997742,
              44.7692318326902
            ],
            [
              20.5010819067411,
              44.7693013977214
            ],
            [
              20.5011449903329,
              44.7694143468415
            ],
            [
              20.5012285826051,
              44.7695372132934
            ],
            [
              20.5012307152903,
              44.7695403545038
            ],
            [
              20.5013282810429,
              44.7696837828176
            ],
            [
              20.5013293917831,
              44.7696854080795
            ],
            [
              20.5013398726016,
              44.7697007532323
            ],
            [
              20.5014388158305,
              44.7698204466279
            ],
            [
              20.5014479060492,
              44.7698314474971
            ],
            [
              20.5016049561944,
              44.7700215726289
            ],
            [
              20.5016095826157,
              44.7700271733371
            ],
            [
              20.5016533722048,
              44.77006381199
            ],
            [
              20.5016669068984,
              44.7700751293107
            ],
            [
              20.5016823227984,
              44.770087976225
            ],
            [
              20.5017002231095,
              44.7701028946008
            ],
            [
              20.5017024064711,
              44.7701047036846
            ],
            [
              20.5017051570988,
              44.7701080006209
            ],
            [
              20.5017352955288,
              44.770144085453
            ],
            [
              20.5017515894797,
              44.7701607873673
            ],
            [
              20.5017582137438,
              44.7701675832869
            ],
            [
              20.5018290981964,
              44.7702402493003
            ],
            [
              20.5020854415596,
              44.7703972373125
            ],
            [
              20.502087363709,
              44.7703984159901
            ],
            [
              20.5021131774761,
              44.7703758670733
            ],
            [
              20.5021133157875,
              44.7703759486968
            ],
            [
              20.5023578691899,
              44.7705141572359
            ],
            [
              20.5025939016357,
              44.7706577367101
            ],
            [
              20.5027626953317,
              44.7707602552049
            ],
            [
              20.5027785304331,
              44.7707699538948
            ],
            [
              20.5028483114626,
              44.7708241642777
            ],
            [
              20.5031319511083,
              44.7710445368156
            ],
            [
              20.5032632387589,
              44.7711144120324
            ],
            [
              20.5034398271133,
              44.7712084058483
            ],
            [
              20.5035074513127,
              44.7712444092257
            ],
            [
              20.5036812989081,
              44.7713369773921
            ],
            [
              20.5037778262292,
              44.771368957061
            ],
            [
              20.5037795514138,
              44.7713695317009
            ],
            [
              20.5038488547512,
              44.7713924933579
            ],
            [
              20.5039628675582,
              44.7714302634839
            ],
            [
              20.5040204285093,
              44.7714493318584
            ],
            [
              20.5040929442765,
              44.7714733596854
            ],
            [
              20.5041791786298,
              44.7715019382668
            ],
            [
              20.5042118095135,
              44.7715126990259
            ],
            [
              20.5043546590822,
              44.7715542299665
            ],
            [
              20.5046894471497,
              44.7716515612913
            ],
            [
              20.5047566446262,
              44.7716830807379
            ],
            [
              20.5048517754612,
              44.7717277700695
            ],
            [
              20.5048742013294,
              44.7717351564479
            ],
            [
              20.5049426135126,
              44.7717575023211
            ],
            [
              20.5050903959926,
              44.7718059287681
            ],
            [
              20.5051906124707,
              44.7718469507188
            ],
            [
              20.5053209475255,
              44.7718956793676
            ],
            [
              20.505414405651,
              44.7719306241121
            ],
            [
              20.5054160593044,
              44.7719308473284
            ],
            [
              20.5054493620084,
              44.7719353558549
            ],
            [
              20.5054494882286,
              44.7719353744061
            ],
            [
              20.5054586998189,
              44.7719365755903
            ],
            [
              20.5054589517984,
              44.7719366667043
            ],
            [
              20.5058513534148,
              44.7720713758106
            ],
            [
              20.5059221677113,
              44.7720965212973
            ],
            [
              20.5062374806033,
              44.7722084888555
            ],
            [
              20.5063655185477,
              44.7722539493511
            ],
            [
              20.5066328048828,
              44.7723488793457
            ],
            [
              20.506946918598,
              44.7724253536562
            ],
            [
              20.5069786398778,
              44.7724330777266
            ],
            [
              20.5071501072849,
              44.7724658461503
            ],
            [
              20.5072754353309,
              44.7724897946744
            ],
            [
              20.5076668836997,
              44.7725644940955
            ],
            [
              20.5076677164763,
              44.7725646507244
            ],
            [
              20.5075937650453,
              44.7727495439842
            ],
            [
              20.5075713070472,
              44.7728057852428
            ],
            [
              20.5075502182338,
              44.7728646412621
            ],
            [
              20.5075482782391,
              44.7728698524207
            ],
            [
              20.5075438924563,
              44.7728820910182
            ],
            [
              20.5075295187096,
              44.7729221495133
            ],
            [
              20.5075080978465,
              44.7729767928236
            ],
            [
              20.5074823907685,
              44.7730423608203
            ],
            [
              20.5074362469168,
              44.7731670585863
            ],
            [
              20.5076836496998,
              44.7732072006761
            ],
            [
              20.5077908864916,
              44.7732267234394
            ],
            [
              20.5078187269493,
              44.7732317928806
            ],
            [
              20.5078813973376,
              44.7732432041762
            ],
            [
              20.5079134890232,
              44.7732490481049
            ],
            [
              20.5079845877079,
              44.7732661292882
            ],
            [
              20.5081396852128,
              44.7733033889527
            ],
            [
              20.5081815018168,
              44.7733141701307
            ],
            [
              20.5084403552583,
              44.7733809085234
            ],
            [
              20.5085259555596,
              44.7734028761096
            ],
            [
              20.5086391633989,
              44.7734320715179
            ],
            [
              20.5087081605936,
              44.7733777758127
            ],
            [
              20.5087887305599,
              44.7733143691193
            ],
            [
              20.5087916473953,
              44.773316164117
            ],
            [
              20.5091705768876,
              44.7735495489771
            ],
            [
              20.5092926911145,
              44.7735955028538
            ],
            [
              20.5093715323885,
              44.7736251710231
            ],
            [
              20.5095152841343,
              44.773679271957
            ],
            [
              20.5095119317096,
              44.7737684971817
            ],
            [
              20.5095063384464,
              44.7739170027096
            ],
            [
              20.5101630410511,
              44.7733924423759
            ],
            [
              20.5101877191929,
              44.7734054989046
            ],
            [
              20.5102837922837,
              44.7734563164935
            ],
            [
              20.5103159430726,
              44.7734792868429
            ],
            [
              20.5103262416614,
              44.7734866471556
            ],
            [
              20.5103926786342,
              44.7735339995314
            ],
            [
              20.5105739637699,
              44.7736714798354
            ],
            [
              20.5107633832998,
              44.7738184434906
            ],
            [
              20.5107790779938,
              44.7738302100891
            ],
            [
              20.5108657950031,
              44.773909165148
            ],
            [
              20.5109202744091,
              44.7739587795853
            ],
            [
              20.5109351956384,
              44.7739723514082
            ],
            [
              20.5109506060278,
              44.7739863664356
            ],
            [
              20.5110644174806,
              44.7740782079995
            ],
            [
              20.5111331141047,
              44.7741336608644
            ],
            [
              20.5112634655678,
              44.7742388829011
            ],
            [
              20.5112726062388,
              44.7742472014163
            ],
            [
              20.5112836534477,
              44.7742572385228
            ],
            [
              20.511319497002,
              44.774269388343
            ],
            [
              20.511343257499,
              44.7742774363253
            ],
            [
              20.5114436553355,
              44.7743114695778
            ],
            [
              20.5114543949779,
              44.7743401526773
            ],
            [
              20.5114904936339,
              44.7744365837908
            ],
            [
              20.5115217109191,
              44.7745200352294
            ],
            [
              20.5115265315376,
              44.7745328894998
            ],
            [
              20.5115276919927,
              44.7745360083522
            ],
            [
              20.5115957598365,
              44.774615495235
            ],
            [
              20.5117143755053,
              44.7747540560173
            ],
            [
              20.5117845155131,
              44.774822868638
            ],
            [
              20.5117923235126,
              44.7748305251474
            ],
            [
              20.5118630841026,
              44.7749959690475
            ],
            [
              20.5119265912187,
              44.7751223246085
            ],
            [
              20.5119298438249,
              44.7751277920902
            ],
            [
              20.5119429141527,
              44.7751497531953
            ],
            [
              20.5119653148106,
              44.7751815540528
            ],
            [
              20.5120420563994,
              44.7752904791719
            ],
            [
              20.5120288307733,
              44.7753780427502
            ],
            [
              20.5120213271528,
              44.7754277248771
            ],
            [
              20.5120190606865,
              44.775442024316
            ],
            [
              20.5118983608854,
              44.7755375619383
            ],
            [
              20.5118099656462,
              44.7756075342208
            ],
            [
              20.5117884426957,
              44.7756188535037
            ],
            [
              20.5117858542372,
              44.7756202107847
            ],
            [
              20.5118157262891,
              44.7756499919888
            ],
            [
              20.5118160020619,
              44.7756502623358
            ],
            [
              20.5118355492146,
              44.7756697404015
            ],
            [
              20.5118622891836,
              44.775696403319
            ],
            [
              20.5118722833445,
              44.7757159656777
            ],
            [
              20.5119629841536,
              44.7758934020305
            ],
            [
              20.5119647248564,
              44.7758968114303
            ],
            [
              20.5120283316234,
              44.7758752139906
            ],
            [
              20.5120906927086,
              44.7759407532519
            ],
            [
              20.5121327887543,
              44.7759850046441
            ],
            [
              20.5121589653484,
              44.7760125644117
            ],
            [
              20.5121807338719,
              44.7760354349623
            ],
            [
              20.512290728047,
              44.7761509997748
            ],
            [
              20.512306760406,
              44.7761678079763
            ],
            [
              20.5124322596656,
              44.7762998266082
            ],
            [
              20.5125368431927,
              44.7764097974692
            ],
            [
              20.5126867691228,
              44.7765673893187
            ],
            [
              20.5127039276156,
              44.7765854256781
            ],
            [
              20.5127780767052,
              44.7766633533749
            ],
            [
              20.5127872205217,
              44.7766730221205
            ],
            [
              20.5124190731606,
              44.7768659343567
            ],
            [
              20.5123984982987,
              44.7768770417451
            ],
            [
              20.512217648534,
              44.7769746895502
            ],
            [
              20.5118334432652,
              44.7771700060274
            ],
            [
              20.511831691562,
              44.7771708987674
            ],
            [
              20.5118203602295,
              44.777176654999
            ],
            [
              20.5115359851337,
              44.7773080038763
            ],
            [
              20.5114264445089,
              44.7773542526211
            ],
            [
              20.5113621456002,
              44.7773814182673
            ],
            [
              20.5111823021298,
              44.7774473357056
            ],
            [
              20.5109790233286,
              44.777505414156
            ],
            [
              20.5108837706075,
              44.7775245357839
            ],
            [
              20.5108534714481,
              44.7775306157843
            ],
            [
              20.5107852542674,
              44.7775442735114
            ],
            [
              20.5107228265701,
              44.7775560385166
            ],
            [
              20.5106083351334,
              44.7775776251341
            ],
            [
              20.510590365715,
              44.7775809680944
            ],
            [
              20.5104027126368,
              44.7776136432393
            ],
            [
              20.5103899336614,
              44.7776158381236
            ],
            [
              20.5102384073082,
              44.7776421610279
            ],
            [
              20.5100000769111,
              44.777683554731
            ],
            [
              20.5093162743291,
              44.7778023871761
            ],
            [
              20.5092654822148,
              44.7778909322726
            ],
            [
              20.5092330515768,
              44.7779474631387
            ],
            [
              20.5090711489296,
              44.7782381745358
            ],
            [
              20.5090690954673,
              44.7782418548409
            ],
            [
              20.5090108771815,
              44.7783584198828
            ],
            [
              20.5089991043646,
              44.7783820560538
            ],
            [
              20.5089662778162,
              44.7784479538044
            ],
            [
              20.5089515842489,
              44.7784824494592
            ],
            [
              20.5089389462026,
              44.7785127237815
            ],
            [
              20.508932863178,
              44.7785149292891
            ],
            [
              20.5087876183789,
              44.7785676008249
            ],
            [
              20.5087424976035,
              44.7785839664277
            ],
            [
              20.508748370974,
              44.7785917309476
            ],
            [
              20.5087042663573,
              44.7786076507926
            ],
            [
              20.5086132673413,
              44.7786405587007
            ],
            [
              20.5083966688629,
              44.7787187340233
            ],
            [
              20.5083250610093,
              44.7787446142741
            ],
            [
              20.5082103687419,
              44.7787851591083
            ],
            [
              20.5080752721172,
              44.7788329059805
            ],
            [
              20.5078253560782,
              44.7789211965911
            ],
            [
              20.5073182479996,
              44.7790913549648
            ],
            [
              20.5068101881574,
              44.7792540377849
            ],
            [
              20.5062974105777,
              44.7794065280773
            ],
            [
              20.5057580843673,
              44.7795602524127
            ],
            [
              20.505195507795,
              44.7796692347944
            ],
            [
              20.5049691233701,
              44.7797381824848
            ],
            [
              20.5046804095914,
              44.7798261188735
            ],
            [
              20.5042859427761,
              44.7799279955838
            ],
            [
              20.5037731545358,
              44.7800505968356
            ],
            [
              20.5032149819495,
              44.7801607597819
            ],
            [
              20.5030234752775,
              44.7801991665761
            ],
            [
              20.5027533625338,
              44.7802538895282
            ],
            [
              20.5024494525797,
              44.7803154665693
            ],
            [
              20.5023103932233,
              44.7803379901851
            ],
            [
              20.5023133241834,
              44.7803646415799
            ],
            [
              20.5023191204852,
              44.78044044346
            ],
            [
              20.5023205608507,
              44.7804774382698
            ],
            [
              20.5023205814892,
              44.780477978496
            ],
            [
              20.5023209682217,
              44.7804875468951
            ],
            [
              20.5023223515461,
              44.7805223539041
            ],
            [
              20.5023235958514,
              44.780552597956
            ],
            [
              20.5023236730174,
              44.7806323350096
            ],
            [
              20.5023213649795,
              44.7806807427668
            ],
            [
              20.5023203021298,
              44.7807016171024
            ],
            [
              20.5023173663618,
              44.7807642412105
            ],
            [
              20.5023165476969,
              44.7807712576138
            ],
            [
              20.5023133467604,
              44.7808353209287
            ],
            [
              20.502313345987,
              44.7808354109481
            ],
            [
              20.5023128799383,
              44.780845667905
            ],
            [
              20.5023127257116,
              44.7808489071502
            ],
            [
              20.5023193706924,
              44.7808844842749
            ],
            [
              20.5023204770324,
              44.7808866496412
            ],
            [
              20.502329438745,
              44.7809041476981
            ],
            [
              20.5023329185103,
              44.7809109127645
            ],
            [
              20.5023500396651,
              44.7809332157789
            ],
            [
              20.5023713547927,
              44.7809525681165
            ],
            [
              20.5023736120975,
              44.7809546475743
            ],
            [
              20.5023895689944,
              44.7809637256751
            ],
            [
              20.5024015273319,
              44.7809705177793
            ],
            [
              20.5024063004197,
              44.7809738685159
            ],
            [
              20.5024281556587,
              44.7809893531199
            ],
            [
              20.5024605444484,
              44.7809993031028
            ],
            [
              20.5024954169262,
              44.7809995450448
            ],
            [
              20.5024626240761,
              44.7810058820199
            ],
            [
              20.5023141717485,
              44.7810345753825
            ],
            [
              20.5023219679239,
              44.7810687180597
            ],
            [
              20.5023265956712,
              44.7810889870333
            ],
            [
              20.5023276434642,
              44.78109355395
            ],
            [
              20.5023379398665,
              44.7811381375515
            ],
            [
              20.5023380375789,
              44.7811385340772
            ],
            [
              20.502350722333,
              44.7811934869972
            ],
            [
              20.5023545013893,
              44.7812097030499
            ],
            [
              20.5022848879398,
              44.7812380188051
            ],
            [
              20.5022523662931,
              44.7812716166759
            ],
            [
              20.5022522642496,
              44.7812717242585
            ],
            [
              20.5022476610091,
              44.7812765546188
            ],
            [
              20.5022394623906,
              44.7813783948752
            ],
            [
              20.502220441839,
              44.781463124158
            ],
            [
              20.5022198896401,
              44.7814656054774
            ],
            [
              20.5021975617157,
              44.7815646843607
            ],
            [
              20.5021963821221,
              44.7815697186896
            ],
            [
              20.5021891108867,
              44.7815924555354
            ],
            [
              20.502170551079,
              44.7815907551242
            ],
            [
              20.5021529598243,
              44.7816382869435
            ],
            [
              20.5021349762183,
              44.7816873456347
            ],
            [
              20.5021193019974,
              44.7817322760472
            ],
            [
              20.5021467851439,
              44.7817397750188
            ],
            [
              20.5021105549978,
              44.7818539125865
            ],
            [
              20.5020893879336,
              44.7819206873589
            ],
            [
              20.5020473747736,
              44.7820164395623
            ],
            [
              20.502040275063,
              44.7820325901844
            ],
            [
              20.5020400173189,
              44.7820331652058
            ],
            [
              20.5020075550669,
              44.7821069826979
            ],
            [
              20.5019901255061,
              44.7821503750495
            ],
            [
              20.5019541163585,
              44.7822534434333
            ],
            [
              20.5019245815866,
              44.7823381087961
            ],
            [
              20.5019242574683,
              44.7823390526207
            ],
            [
              20.5018425848677,
              44.782573163174
            ],
            [
              20.5018301501099,
              44.7826086570893
            ],
            [
              20.5017938842346,
              44.7827106449225
            ],
            [
              20.5017635987541,
              44.7827958290935
            ],
            [
              20.5017311715832,
              44.7828656235368
            ],
            [
              20.5017173832908,
              44.7828953437797
            ],
            [
              20.501707599711,
              44.7829163600973
            ],
            [
              20.5016698666571,
              44.7830286904907
            ],
            [
              20.5016727189695,
              44.7830646111809
            ],
            [
              20.5016834831443,
              44.7830913867815
            ],
            [
              20.5016874868488,
              44.7830961745526
            ],
            [
              20.5017096300508,
              44.7831221895967
            ],
            [
              20.5017000333465,
              44.7831657060946
            ],
            [
              20.501667551965,
              44.7833140576617
            ],
            [
              20.501655835817,
              44.7833675178125
            ],
            [
              20.5016557304385,
              44.7833680124774
            ],
            [
              20.5016416479808,
              44.7834321993041
            ],
            [
              20.5016262590892,
              44.7835027792383
            ],
            [
              20.5016208140748,
              44.7835041949393
            ],
            [
              20.5015669862431,
              44.783518450074
            ],
            [
              20.5015610988008,
              44.7835242740515
            ],
            [
              20.5015160095621,
              44.7835688959372
            ],
            [
              20.5014904047744,
              44.7836075722391
            ],
            [
              20.501471313223,
              44.7836678770051
            ],
            [
              20.5014533920283,
              44.7836651890163
            ],
            [
              20.5014275401265,
              44.7837181733271
            ],
            [
              20.501412492151,
              44.7837636455963
            ],
            [
              20.501425863478,
              44.7837664037511
            ],
            [
              20.5014183597631,
              44.7837867107127
            ],
            [
              20.5014094343822,
              44.7838107906184
            ],
            [
              20.5014085299351,
              44.7838132163814
            ],
            [
              20.5013764499253,
              44.7838998329612
            ],
            [
              20.5013411974251,
              44.7839878751408
            ],
            [
              20.501316984105,
              44.7840412275691
            ],
            [
              20.5012772758462,
              44.7841332103668
            ],
            [
              20.5012739230597,
              44.7841410520026
            ],
            [
              20.5012703125109,
              44.7841494686576
            ],
            [
              20.5012529236246,
              44.7841894681049
            ],
            [
              20.5012469807601,
              44.7842031850099
            ],
            [
              20.5011834985641,
              44.7843266528936
            ],
            [
              20.5011796148081,
              44.7843374350477
            ],
            [
              20.5011770260529,
              44.7843446237524
            ],
            [
              20.5011179249802,
              44.7845084282769
            ],
            [
              20.5011068697957,
              44.7845390687052
            ],
            [
              20.5011027267188,
              44.78455074995
            ],
            [
              20.5010971614438,
              44.7845661150102
            ],
            [
              20.5009782167961,
              44.7848929023783
            ],
            [
              20.5009718898064,
              44.7849102536035
            ],
            [
              20.5009379636794,
              44.7850055914723
            ],
            [
              20.5009367978649,
              44.7850090054378
            ],
            [
              20.5009265677425,
              44.7850377598762
            ],
            [
              20.5008426606577,
              44.7852735432619
            ],
            [
              20.5008392955654,
              44.785282798185
            ],
            [
              20.5008019676758,
              44.7852884846981
            ],
            [
              20.5007195066655,
              44.7854144799968
            ],
            [
              20.500742246682,
              44.7854299678794
            ],
            [
              20.5007115667236,
              44.7854856315841
            ],
            [
              20.5006657420562,
              44.7855686778654
            ],
            [
              20.5005868945929,
              44.7857889137494
            ],
            [
              20.5005446879972,
              44.785906624609
            ],
            [
              20.5005345947901,
              44.7859341192897
            ],
            [
              20.5004271772016,
              44.7862290172912
            ],
            [
              20.5004243315821,
              44.7862366540656
            ],
            [
              20.5004251276475,
              44.78630586514
            ],
            [
              20.500432742658,
              44.7863463060051
            ],
            [
              20.5004448912074,
              44.7863575273528
            ],
            [
              20.5004575913638,
              44.7863692822454
            ],
            [
              20.5004642115957,
              44.7863754219384
            ],
            [
              20.5004556294701,
              44.786402113916
            ],
            [
              20.5004509804601,
              44.7864165827214
            ],
            [
              20.5004448655177,
              44.786435545345
            ],
            [
              20.5004421369784,
              44.7864442629032
            ],
            [
              20.5003964354997,
              44.7865861672894
            ],
            [
              20.5003894542444,
              44.786604585984
            ],
            [
              20.5002173164855,
              44.7870629040217
            ],
            [
              20.5001328170934,
              44.7872931055091
            ],
            [
              20.5000374596813,
              44.7875661866692
            ],
            [
              20.4999392750592,
              44.7878417219765
            ],
            [
              20.4999384719034,
              44.7878439681244
            ],
            [
              20.4999095154118,
              44.7879252523659
            ],
            [
              20.4998406093949,
              44.7881201529065
            ],
            [
              20.499790869025,
              44.7882611390943
            ],
            [
              20.4997857136486,
              44.7882727258273
            ],
            [
              20.4997521178081,
              44.7882557498491
            ],
            [
              20.4997258989058,
              44.7882935777214
            ],
            [
              20.4997242091585,
              44.7882960180336
            ],
            [
              20.4997185921881,
              44.7883041116654
            ],
            [
              20.4996993968715,
              44.7883318364555
            ],
            [
              20.4996793114014,
              44.7883749467042
            ],
            [
              20.499643903343,
              44.7884511091286
            ],
            [
              20.4996067053633,
              44.7885310518489
            ],
            [
              20.4995621429277,
              44.7886268737774
            ],
            [
              20.4994659294251,
              44.7888056546906
            ],
            [
              20.4994292178875,
              44.788873871338
            ],
            [
              20.4992792250831,
              44.7891362741844
            ],
            [
              20.4991740777128,
              44.7893139795056
            ],
            [
              20.4991729758001,
              44.7893158291383
            ],
            [
              20.4990740346654,
              44.7894830316379
            ],
            [
              20.4990354528517,
              44.7895607094213
            ],
            [
              20.4989667215036,
              44.7896759635774
            ],
            [
              20.4989191459123,
              44.7897558524255
            ],
            [
              20.4988501331977,
              44.7898891043848
            ],
            [
              20.4987816328846,
              44.7900067891456
            ],
            [
              20.4987704712678,
              44.7900260896089
            ],
            [
              20.498736734031,
              44.7900840799065
            ],
            [
              20.4987099264574,
              44.7901297162073
            ],
            [
              20.4986949206973,
              44.790155263559
            ],
            [
              20.4986308897329,
              44.79026449942
            ],
            [
              20.4986298888281,
              44.7902662135566
            ],
            [
              20.4985878182104,
              44.790338026196
            ],
            [
              20.4984280592268,
              44.7906181149201
            ],
            [
              20.4983974405099,
              44.7906661290049
            ],
            [
              20.4983964796208,
              44.7906676002542
            ],
            [
              20.4983148352484,
              44.7907923909818
            ],
            [
              20.4982952613112,
              44.790821473201
            ],
            [
              20.4982275243734,
              44.7909221431009
            ],
            [
              20.4982217644395,
              44.7909304871901
            ],
            [
              20.4981610927719,
              44.791019497763
            ],
            [
              20.4981422851804,
              44.7910460545889
            ],
            [
              20.4981406207244,
              44.7910484769832
            ],
            [
              20.4981092812669,
              44.7910920776153
            ],
            [
              20.4981086406073,
              44.7910930650478
            ],
            [
              20.4980774337588,
              44.7911359460732
            ],
            [
              20.4980606783835,
              44.7911590919481
            ],
            [
              20.4980290901718,
              44.7912020613062
            ],
            [
              20.4980190431917,
              44.7912239763448
            ],
            [
              20.4980184834053,
              44.7912303636845
            ],
            [
              20.4980172200696,
              44.7912448472601
            ],
            [
              20.4980195744216,
              44.7912649272346
            ],
            [
              20.4979941281994,
              44.7912993741381
            ],
            [
              20.4979804439909,
              44.7913179432509
            ],
            [
              20.4979303151959,
              44.7913859401656
            ],
            [
              20.4977506307663,
              44.7913676938148
            ],
            [
              20.4977498350475,
              44.7913676092951
            ],
            [
              20.4977412863882,
              44.7913667434918
            ],
            [
              20.4977311853947,
              44.7913657187226
            ],
            [
              20.4977006908986,
              44.7913991531098
            ],
            [
              20.4976828451662,
              44.7914168045577
            ],
            [
              20.4976817995813,
              44.7914178343178
            ],
            [
              20.497674546261,
              44.7914250384263
            ],
            [
              20.4976122248442,
              44.7914867817179
            ],
            [
              20.4976010071862,
              44.7914978915646
            ],
            [
              20.4975574111041,
              44.7915409889101
            ],
            [
              20.4975563911885,
              44.7915419737706
            ],
            [
              20.4974640335967,
              44.7916265252747
            ],
            [
              20.4973785870824,
              44.7917156064457
            ],
            [
              20.4972995036391,
              44.7917996760987
            ],
            [
              20.4972802433448,
              44.7918202001767
            ],
            [
              20.4972365185011,
              44.7918636569205
            ],
            [
              20.4970969306588,
              44.7920022684736
            ],
            [
              20.4970555674015,
              44.792025458871
            ],
            [
              20.4970042225489,
              44.7920542389012
            ],
            [
              20.496882681871,
              44.7921666502957
            ],
            [
              20.4968815221615,
              44.7921677164548
            ],
            [
              20.4967740125885,
              44.7922666096452
            ],
            [
              20.49677287801,
              44.7922676930182
            ],
            [
              20.4967143717146,
              44.7923235849531
            ],
            [
              20.4965803667809,
              44.7924303614949
            ],
            [
              20.4965069733262,
              44.7924992463646
            ],
            [
              20.4964879888289,
              44.7925170717468
            ],
            [
              20.4963939843711,
              44.792601795155
            ],
            [
              20.4962432188765,
              44.7927465670095
            ],
            [
              20.4961442251337,
              44.7928527772812
            ],
            [
              20.4960990458409,
              44.7928888471186
            ],
            [
              20.4960215430092,
              44.7929506935831
            ],
            [
              20.4959987186239,
              44.792973902388
            ],
            [
              20.495899291243,
              44.793057071067
            ],
            [
              20.4958670731802,
              44.7930850986962
            ],
            [
              20.4958654333698,
              44.7930862698523
            ],
            [
              20.4958018296118,
              44.7931322390336
            ],
            [
              20.4958004441984,
              44.793133232167
            ],
            [
              20.4957606224996,
              44.7931620264965
            ],
            [
              20.4957580969532,
              44.7931632846629
            ],
            [
              20.495636861506,
              44.7932238493912
            ],
            [
              20.4956349586275,
              44.7932247412126
            ],
            [
              20.4955073360552,
              44.7932800670917
            ],
            [
              20.4955053180521,
              44.7932809674046
            ],
            [
              20.4953783045806,
              44.7933374562198
            ],
            [
              20.4953762740099,
              44.7933383474726
            ],
            [
              20.4952496826995,
              44.7933913379343
            ],
            [
              20.495247526184,
              44.7933923186507
            ],
            [
              20.4952004753951,
              44.7934123693542
            ],
            [
              20.4951194014222,
              44.7934470117175
            ],
            [
              20.4951172449024,
              44.7934479924314
            ],
            [
              20.4949897540481,
              44.7935025981321
            ],
            [
              20.4949875836963,
              44.7935035697801
            ],
            [
              20.49484385267,
              44.7935669329093
            ],
            [
              20.494841822083,
              44.7935678241525
            ],
            [
              20.4947776634818,
              44.7935960873792
            ],
            [
              20.494666867782,
              44.7936448989068
            ],
            [
              20.4946650782537,
              44.7936456921887
            ],
            [
              20.4946251273649,
              44.79366325434
            ],
            [
              20.4946059694806,
              44.7936717198987
            ],
            [
              20.4945065016897,
              44.793715559044
            ],
            [
              20.4945042187284,
              44.7937165391866
            ],
            [
              20.4943722670766,
              44.7937752645855
            ],
            [
              20.4943700979685,
              44.7937762362273
            ],
            [
              20.4942381578228,
              44.7938350605463
            ],
            [
              20.4942360000095,
              44.7938360412378
            ],
            [
              20.4941034264092,
              44.7938936833004
            ],
            [
              20.494101269378,
              44.7938945739703
            ],
            [
              20.4939680571085,
              44.793952933226
            ],
            [
              20.4939659118498,
              44.7939539229702
            ],
            [
              20.4939461048586,
              44.7939630066968
            ],
            [
              20.4937076812415,
              44.7940728378744
            ],
            [
              20.4936980250556,
              44.7940772862885
            ],
            [
              20.4936957287158,
              44.7940783473758
            ],
            [
              20.4936379909308,
              44.7941049378999
            ],
            [
              20.4935822967469,
              44.7941305931208
            ],
            [
              20.4935116612211,
              44.7941579996056
            ],
            [
              20.4935091241172,
              44.7941589786011
            ],
            [
              20.4934771676949,
              44.7941713463972
            ],
            [
              20.4934272021594,
              44.7941907451801
            ],
            [
              20.4934250589344,
              44.7941916449006
            ],
            [
              20.4933980265143,
              44.7942030352661
            ],
            [
              20.4934028950887,
              44.7942099867946
            ],
            [
              20.4933293319767,
              44.7942396307421
            ],
            [
              20.4933257831845,
              44.7942407843899
            ],
            [
              20.4933167834241,
              44.7942438952488
            ],
            [
              20.4933085425158,
              44.7942468285286
            ],
            [
              20.4932661935389,
              44.794262390966
            ],
            [
              20.4932631488578,
              44.7942637268936
            ],
            [
              20.4932318160827,
              44.7942769075905
            ],
            [
              20.4932292920086,
              44.7942779856624
            ],
            [
              20.4931072364387,
              44.7943307147973
            ],
            [
              20.4930742758533,
              44.7943420886761
            ],
            [
              20.4930411645758,
              44.7943534888832
            ],
            [
              20.4930162172685,
              44.7943620815125
            ],
            [
              20.49298667904,
              44.7943723002663
            ],
            [
              20.4928096416022,
              44.7944412644923
            ],
            [
              20.492797643612,
              44.7944258218621
            ],
            [
              20.4926284895833,
              44.7944893303463
            ],
            [
              20.4925884122286,
              44.7945051726911
            ],
            [
              20.4925480039456,
              44.7945214096505
            ],
            [
              20.4925026741869,
              44.7945396223246
            ],
            [
              20.4923531564111,
              44.7945976380632
            ],
            [
              20.4922088346332,
              44.794654056304
            ],
            [
              20.4920799677837,
              44.7947062238193
            ],
            [
              20.4920294874244,
              44.7947266990687
            ],
            [
              20.4918505411502,
              44.7947968236053
            ],
            [
              20.4918428049934,
              44.7947998490475
            ],
            [
              20.4917644315039,
              44.7948301547505
            ],
            [
              20.4917210597194,
              44.7948469174626
            ],
            [
              20.4917063474926,
              44.7948527925669
            ],
            [
              20.4916930298817,
              44.7948582228639
            ],
            [
              20.4914704322535,
              44.7949480420763
            ],
            [
              20.4914676427067,
              44.7949491099248
            ],
            [
              20.4913187454745,
              44.7950082073377
            ],
            [
              20.4911703583822,
              44.7950667666938
            ],
            [
              20.4911581827543,
              44.7950715727592
            ],
            [
              20.4911141599974,
              44.7950889985059
            ],
            [
              20.4910700370226,
              44.7951064597981
            ],
            [
              20.4909206317031,
              44.795165734471
            ],
            [
              20.4907380026526,
              44.7952375512693
            ],
            [
              20.4906556464588,
              44.7952750735558
            ],
            [
              20.490630140266,
              44.7952867500407
            ],
            [
              20.490616182413,
              44.7952930775809
            ],
            [
              20.4906138972679,
              44.7952941476582
            ],
            [
              20.4905689435702,
              44.7953183369318
            ],
            [
              20.4905309739213,
              44.7953387773002
            ],
            [
              20.4904931314625,
              44.7953591282007
            ],
            [
              20.4904998921927,
              44.7953665384056
            ],
            [
              20.4904697963098,
              44.7953826937017
            ],
            [
              20.4904097317028,
              44.7954149157153
            ],
            [
              20.4903797617146,
              44.7954309824271
            ],
            [
              20.4903024540871,
              44.7954694272108
            ],
            [
              20.4902556116741,
              44.7954927077061
            ],
            [
              20.490158562954,
              44.7955482549687
            ],
            [
              20.4901568878395,
              44.7955663366068
            ],
            [
              20.4901209810546,
              44.7955992865681
            ],
            [
              20.4900913950134,
              44.7956264330837
            ],
            [
              20.4900607253998,
              44.7956359267472
            ],
            [
              20.4900210390577,
              44.795693617781
            ],
            [
              20.4899981224043,
              44.7957269047794
            ],
            [
              20.4899788890961,
              44.7957726277229
            ],
            [
              20.4899565593827,
              44.7958255368313
            ],
            [
              20.4899475242283,
              44.7958468255033
            ],
            [
              20.4899415542531,
              44.7958791079052
            ],
            [
              20.4898354260629,
              44.7960328900674
            ],
            [
              20.4898123015119,
              44.7960610466176
            ],
            [
              20.4897599218518,
              44.7961248014778
            ],
            [
              20.4897618498321,
              44.7961354291418
            ],
            [
              20.4897344243238,
              44.7961784696792
            ],
            [
              20.489705076832,
              44.7962245434809
            ],
            [
              20.4896811777203,
              44.7962544960918
            ],
            [
              20.4896507616322,
              44.7962926998411
            ],
            [
              20.4896479897664,
              44.7962916071848
            ],
            [
              20.4896410906813,
              44.7963000366652
            ],
            [
              20.4896439881885,
              44.7963012190055
            ],
            [
              20.4896315905599,
              44.7963168230097
            ],
            [
              20.4895697336363,
              44.7963945753295
            ],
            [
              20.4895372723541,
              44.7964352896355
            ],
            [
              20.4894121093448,
              44.7965113194291
            ],
            [
              20.489298530775,
              44.7965777711863
            ],
            [
              20.4892704531103,
              44.7965942061557
            ],
            [
              20.4892657527481,
              44.7965968849087
            ],
            [
              20.4890236814049,
              44.7967440321575
            ],
            [
              20.4889728539824,
              44.7967748552774
            ],
            [
              20.4889168329108,
              44.7967924713435
            ],
            [
              20.4888693037815,
              44.7968074247152
            ],
            [
              20.48887868959,
              44.7968180866711
            ],
            [
              20.4886447825029,
              44.7969277446901
            ],
            [
              20.4885605078246,
              44.796967329181
            ],
            [
              20.4884956533937,
              44.7969977300797
            ],
            [
              20.488455780382,
              44.7970188823068
            ],
            [
              20.4883738741871,
              44.7970622564108
            ],
            [
              20.4883686640547,
              44.7970653829552
            ],
            [
              20.4883309262401,
              44.7970879850633
            ],
            [
              20.4882581185869,
              44.7971315798926
            ],
            [
              20.488208479016,
              44.7971608154958
            ],
            [
              20.4882084154038,
              44.7971608602219
            ],
            [
              20.4881836661294,
              44.7971754373712
            ],
            [
              20.4881455417306,
              44.7971988469869
            ],
            [
              20.4881321996996,
              44.7972067973855
            ],
            [
              20.4880235359035,
              44.7972603129635
            ],
            [
              20.4878815650051,
              44.7973354591162
            ],
            [
              20.4878358479404,
              44.7973597348046
            ],
            [
              20.4877241003868,
              44.7974189058803
            ],
            [
              20.4876931152622,
              44.7974353274175
            ],
            [
              20.4876071307812,
              44.7974823726935
            ],
            [
              20.487573093429,
              44.7975009410423
            ],
            [
              20.4875548083403,
              44.7975106723433
            ],
            [
              20.4875291540837,
              44.7975243243593
            ],
            [
              20.4875165836782,
              44.7975309287117
            ],
            [
              20.4874652725963,
              44.797558231809
            ],
            [
              20.4874620929584,
              44.7975599243647
            ],
            [
              20.4874040566966,
              44.7975908062518
            ],
            [
              20.4873880684994,
              44.7975992938227
            ],
            [
              20.4873448264731,
              44.7976282966986
            ],
            [
              20.4872947429541,
              44.7976618761926
            ],
            [
              20.4872014647263,
              44.7977333682191
            ],
            [
              20.487160487156,
              44.7977647748891
            ],
            [
              20.4871165754809,
              44.7977994082749
            ],
            [
              20.4870204775468,
              44.7978752967877
            ],
            [
              20.4869973145593,
              44.7978932836513
            ],
            [
              20.4869569717837,
              44.7979245121537
            ],
            [
              20.4869521360017,
              44.7979281804494
            ],
            [
              20.4868279250779,
              44.7980242839702
            ],
            [
              20.4868064191321,
              44.7980407478592
            ],
            [
              20.4868050363764,
              44.7980398414212
            ],
            [
              20.4867620231914,
              44.7980727682802
            ],
            [
              20.4867634059472,
              44.7980736747187
            ],
            [
              20.4867251012964,
              44.7981030227267
            ],
            [
              20.4866239008873,
              44.7981840183476
            ],
            [
              20.4865766826855,
              44.7982208863201
            ],
            [
              20.4865043911006,
              44.7982772619271
            ],
            [
              20.4864679515167,
              44.7983101282083
            ],
            [
              20.4864301099696,
              44.7983442484872
            ],
            [
              20.4864102325646,
              44.7983622491051
            ],
            [
              20.4863978747988,
              44.7983733536107
            ],
            [
              20.4863154372684,
              44.7984478634972
            ],
            [
              20.4862787350294,
              44.7984818079045
            ],
            [
              20.4862073696223,
              44.7985477271638
            ],
            [
              20.4861117986928,
              44.7986350474203
            ],
            [
              20.4860759916184,
              44.7986678263981
            ],
            [
              20.4859223104417,
              44.7988086148639
            ],
            [
              20.4858485344818,
              44.7988755132909
            ],
            [
              20.4858132392345,
              44.7989075743098
            ],
            [
              20.4856856920846,
              44.7990231000919
            ],
            [
              20.4856777918309,
              44.7990302645062
            ],
            [
              20.4856035055829,
              44.7990976096861
            ],
            [
              20.4855982807206,
              44.7991023564402
            ],
            [
              20.4855102377709,
              44.7992088344548
            ],
            [
              20.4854329511084,
              44.7993023103149
            ],
            [
              20.4854340746131,
              44.7993039348803
            ],
            [
              20.4849815714659,
              44.7996599178878
            ],
            [
              20.4848822502556,
              44.799738022596
            ],
            [
              20.4848517393291,
              44.7997620226805
            ],
            [
              20.4848220812463,
              44.7997853793429
            ],
            [
              20.4847966233848,
              44.7998053340944
            ],
            [
              20.4841477059823,
              44.8003157683759
            ],
            [
              20.484130776908,
              44.8003291016436
            ],
            [
              20.4840500169498,
              44.8003463965087
            ],
            [
              20.4839714612463,
              44.8003632160559
            ],
            [
              20.4838838172472,
              44.8004469423345
            ],
            [
              20.4838430864735,
              44.8004858450793
            ],
            [
              20.4838147847027,
              44.8005129876475
            ],
            [
              20.4837868649701,
              44.8005396809233
            ],
            [
              20.4837530803196,
              44.8005721082136
            ],
            [
              20.4837188397189,
              44.8006047584884
            ],
            [
              20.4836935444837,
              44.8006290789122
            ],
            [
              20.4836634564169,
              44.8006580129142
            ],
            [
              20.483628640534,
              44.8006927751866
            ],
            [
              20.4835963753493,
              44.8007249392327
            ],
            [
              20.4835738013984,
              44.800747517398
            ],
            [
              20.4835457180708,
              44.8007783500037
            ],
            [
              20.4835293799537,
              44.8007962760955
            ],
            [
              20.4834859221854,
              44.8008362187398
            ],
            [
              20.4834497116118,
              44.8008712447159
            ],
            [
              20.4834349223394,
              44.8008854877815
            ],
            [
              20.4834030490942,
              44.8009162140867
            ],
            [
              20.4833952715224,
              44.8009237389852
            ],
            [
              20.4833608135199,
              44.8009536424843
            ],
            [
              20.4833225351785,
              44.8009868595175
            ],
            [
              20.4833091474382,
              44.8009997585715
            ],
            [
              20.4832701157959,
              44.8010394519903
            ],
            [
              20.4832646593598,
              44.8010560769426
            ],
            [
              20.4832324053625,
              44.8010868005762
            ],
            [
              20.483194524401,
              44.8011250588171
            ],
            [
              20.4831820071943,
              44.8011395821982
            ],
            [
              20.4831461912812,
              44.8011729903595
            ],
            [
              20.4830900820441,
              44.8012282658199
            ],
            [
              20.4830589481178,
              44.8012609740655
            ],
            [
              20.4830237642457,
              44.8012943850485
            ],
            [
              20.4830019629448,
              44.8013153461932
            ],
            [
              20.4829689287897,
              44.801348586846
            ],
            [
              20.4829231364628,
              44.8013949985141
            ],
            [
              20.4828320508501,
              44.801487276718
            ],
            [
              20.482825316191,
              44.8014941041251
            ],
            [
              20.4827849964908,
              44.8015349519301
            ],
            [
              20.482732074084,
              44.801588541121
            ],
            [
              20.4826926473558,
              44.8016284936137
            ],
            [
              20.4826233043931,
              44.8017077385684
            ],
            [
              20.4825920169617,
              44.8017434158267
            ],
            [
              20.4825608644283,
              44.8017782843863
            ],
            [
              20.4825231995869,
              44.801820413441
            ],
            [
              20.4824782626348,
              44.8018700687081
            ],
            [
              20.4824559221742,
              44.8018947173203
            ],
            [
              20.4824358736826,
              44.8019175767678
            ],
            [
              20.4824276878003,
              44.801926899296
            ],
            [
              20.4824173698383,
              44.8019386517671
            ],
            [
              20.4824050974114,
              44.8019526261336
            ],
            [
              20.4823749617907,
              44.8019868699936
            ],
            [
              20.4823521058328,
              44.8020125956168
            ],
            [
              20.4823152049562,
              44.8020540979074
            ],
            [
              20.4822392314984,
              44.8021397023546
            ],
            [
              20.4822205901186,
              44.8021605876506
            ],
            [
              20.4819549010796,
              44.8024567392415
            ],
            [
              20.4818350959275,
              44.8025075516837
            ],
            [
              20.481779164185,
              44.8025312744533
            ],
            [
              20.4819441542002,
              44.8026935699406
            ],
            [
              20.4820909252747,
              44.8028379455338
            ],
            [
              20.4820088353381,
              44.8028721346142
            ],
            [
              20.481975848042,
              44.8028858457324
            ],
            [
              20.481918244068,
              44.8029098850638
            ],
            [
              20.4818347603116,
              44.8029445178074
            ],
            [
              20.481801898924,
              44.8029581385239
            ],
            [
              20.4817448042451,
              44.8029819109116
            ],
            [
              20.4816794606855,
              44.8030091549044
            ],
            [
              20.4816469806111,
              44.8030226881845
            ],
            [
              20.4816115810942,
              44.8030374676164
            ],
            [
              20.4816208707443,
              44.8030447097714
            ],
            [
              20.4815161397409,
              44.8030944551135
            ],
            [
              20.4814006983312,
              44.8031405526299
            ],
            [
              20.4813509545538,
              44.8031621076412
            ],
            [
              20.4813132652156,
              44.8031784069613
            ],
            [
              20.4813064124817,
              44.8031814356973
            ],
            [
              20.4812622513102,
              44.8032005863217
            ],
            [
              20.4812779434005,
              44.8032127160919
            ],
            [
              20.4813143497775,
              44.8032409594191
            ],
            [
              20.4813058291028,
              44.8032466803501
            ],
            [
              20.48125953801,
              44.8032778806939
            ],
            [
              20.4811897207495,
              44.8033248135782
            ],
            [
              20.4811463531776,
              44.8033682656955
            ],
            [
              20.4811341227331,
              44.8033804504683
            ],
            [
              20.4810872991035,
              44.8034273068099
            ],
            [
              20.4809723017459,
              44.8033825913601
            ],
            [
              20.4808639554204,
              44.803340442858
            ],
            [
              20.4806385299188,
              44.8034298714765
            ],
            [
              20.4805327856395,
              44.8034711798119
            ],
            [
              20.4804306182229,
              44.8035110999735
            ],
            [
              20.4802821873922,
              44.8035707269618
            ],
            [
              20.4802206380809,
              44.8036018124333
            ],
            [
              20.4801877109293,
              44.803618448133
            ],
            [
              20.4801781769416,
              44.8036230759971
            ],
            [
              20.4800601148179,
              44.80368041932
            ],
            [
              20.4799526218744,
              44.8037278109673
            ],
            [
              20.4798325912472,
              44.8037777560558
            ],
            [
              20.4796593592081,
              44.8038498606915
            ],
            [
              20.4796005239508,
              44.8038743532538
            ],
            [
              20.4794804927181,
              44.8039242979681
            ],
            [
              20.4794770096146,
              44.8039321113359
            ],
            [
              20.4794510582995,
              44.8039362241009
            ],
            [
              20.4794356771232,
              44.8039457845815
            ],
            [
              20.4793711423123,
              44.8039714384399
            ],
            [
              20.4792606079675,
              44.8040153686127
            ],
            [
              20.4792377682981,
              44.8040249850798
            ],
            [
              20.4782252047955,
              44.8044493197973
            ],
            [
              20.4782197491216,
              44.804451635452
            ],
            [
              20.4781762214427,
              44.8044704267833
            ],
            [
              20.4781708909529,
              44.8044727421073
            ],
            [
              20.4781536698363,
              44.8044801703802
            ],
            [
              20.477715053596,
              44.8046695662905
            ],
            [
              20.4777117543085,
              44.804670990659
            ],
            [
              20.477667465187,
              44.8046900492805
            ],
            [
              20.4776641658971,
              44.8046914736476
            ],
            [
              20.4776176085008,
              44.8047098016965
            ],
            [
              20.4775828370701,
              44.8047246736706
            ],
            [
              20.4775890573369,
              44.8047358612927
            ],
            [
              20.4775558667675,
              44.8047578495534
            ],
            [
              20.477519309808,
              44.8047885518684
            ],
            [
              20.4774969474249,
              44.8048152690107
            ],
            [
              20.4774862355838,
              44.8048256607912
            ],
            [
              20.47747965764,
              44.8048260808067
            ],
            [
              20.4774728346719,
              44.804881937251
            ],
            [
              20.4774889975454,
              44.8048839007702
            ],
            [
              20.4774959331406,
              44.804913900935
            ],
            [
              20.4775101077199,
              44.8049401541809
            ],
            [
              20.4775360192609,
              44.8049685307336
            ],
            [
              20.4775511857673,
              44.8049828182433
            ],
            [
              20.4775426547147,
              44.8049896191122
            ],
            [
              20.4776175683353,
              44.8050372073187
            ],
            [
              20.477655653132,
              44.8050614093762
            ],
            [
              20.4785856659853,
              44.8056516820842
            ],
            [
              20.4786302882864,
              44.805680052888
            ],
            [
              20.4787651336924,
              44.8057643783637
            ],
            [
              20.4787656366438,
              44.8057646957374
            ],
            [
              20.4789161451529,
              44.8058588203313
            ],
            [
              20.4789316056318,
              44.8058686096817
            ],
            [
              20.4791406429444,
              44.8060008607913
            ],
            [
              20.4791584930451,
              44.8060121013662
            ],
            [
              20.4792664695909,
              44.8060804462731
            ],
            [
              20.4792946271919,
              44.8060981236087
            ],
            [
              20.4793332175695,
              44.8061225065519
            ],
            [
              20.4793617521262,
              44.8061404556562
            ],
            [
              20.4793684133003,
              44.8061447152715
            ],
            [
              20.4793924241882,
              44.8061597630317
            ],
            [
              20.479398834082,
              44.8061638423552
            ],
            [
              20.4794271174107,
              44.8061816093531
            ],
            [
              20.4794658335303,
              44.8062060837469
            ],
            [
              20.4794931109815,
              44.8062232159874
            ],
            [
              20.4794912017608,
              44.8062247376649
            ],
            [
              20.4794932127969,
              44.806226096265
            ],
            [
              20.4794905379637,
              44.806228243709
            ],
            [
              20.4795146724746,
              44.8062434729516
            ],
            [
              20.4795241009705,
              44.8062493646711
            ],
            [
              20.4795292557603,
              44.8062525380441
            ],
            [
              20.4795316756227,
              44.8062504794595
            ],
            [
              20.4795393448158,
              44.8062552837925
            ],
            [
              20.4795539260343,
              44.8062644388947
            ],
            [
              20.4795605880382,
              44.8062686093803
            ],
            [
              20.4795580417278,
              44.8062706673892
            ],
            [
              20.4795753894372,
              44.8062815455198
            ],
            [
              20.4795967595811,
              44.8062949617015
            ],
            [
              20.4795993058913,
              44.8062929036917
            ],
            [
              20.4796011921027,
              44.8062940816765
            ],
            [
              20.4796028468073,
              44.806292738882
            ],
            [
              20.4796465754665,
              44.8063207550267
            ],
            [
              20.479691711204,
              44.8063496588835
            ],
            [
              20.4796964874757,
              44.8063527405021
            ],
            [
              20.4797075480541,
              44.8063598099319
            ],
            [
              20.4797286645513,
              44.8063733149556
            ],
            [
              20.4797636199078,
              44.806395710604
            ],
            [
              20.4797917620221,
              44.8064137379322
            ],
            [
              20.4798622746581,
              44.8064589649281
            ],
            [
              20.4799430954652,
              44.8065107177267
            ],
            [
              20.4799503881521,
              44.806515071106
            ],
            [
              20.4799630877747,
              44.8065226881084
            ],
            [
              20.4799762899609,
              44.806530667487
            ],
            [
              20.4800016884143,
              44.8065459915033
            ],
            [
              20.480011621988,
              44.8065519764045
            ],
            [
              20.4800343795889,
              44.8065656679877
            ],
            [
              20.4801104276095,
              44.8066139798896
            ],
            [
              20.4801273977958,
              44.8066246761724
            ],
            [
              20.4801804422186,
              44.8066583942195
            ],
            [
              20.4803031169516,
              44.8067372449254
            ],
            [
              20.4803782810844,
              44.8067854626029
            ],
            [
              20.4804288749569,
              44.806817648007
            ],
            [
              20.4804299688452,
              44.8068183461553
            ],
            [
              20.480489398218,
              44.8068561612137
            ],
            [
              20.4805212001952,
              44.8068764636688
            ],
            [
              20.4805172597138,
              44.8068788754465
            ],
            [
              20.4805563588856,
              44.8069029010985
            ],
            [
              20.4805591609685,
              44.8069006641862
            ],
            [
              20.4806203757653,
              44.8069396386819
            ],
            [
              20.4806475274547,
              44.8069567700725
            ],
            [
              20.4807743653516,
              44.8070367194681
            ],
            [
              20.4808125800437,
              44.8070608310328
            ],
            [
              20.4808361023873,
              44.8070738957756
            ],
            [
              20.4808907987458,
              44.8071068116995
            ],
            [
              20.4809291456342,
              44.8071302936697
            ],
            [
              20.4809550451036,
              44.807146069861
            ],
            [
              20.4809512270354,
              44.8071489323213
            ],
            [
              20.4810227425918,
              44.8071953325427
            ],
            [
              20.4810363171644,
              44.8072041236908
            ],
            [
              20.481118162967,
              44.8072558893112
            ],
            [
              20.481150834738,
              44.8072765475287
            ],
            [
              20.4811705787041,
              44.8072880655574
            ],
            [
              20.4811945908849,
              44.8073029328971
            ],
            [
              20.4812138258306,
              44.8073148095954
            ],
            [
              20.4812458860568,
              44.8073345728865
            ],
            [
              20.4812654963415,
              44.8073469013923
            ],
            [
              20.4812943222882,
              44.807366334901
            ],
            [
              20.4812997134166,
              44.8073699683807
            ],
            [
              20.4813368706165,
              44.8073950111973
            ],
            [
              20.4813544719076,
              44.8074058893069
            ],
            [
              20.4814085309745,
              44.8074394322427
            ],
            [
              20.4814071303436,
              44.8074405052498
            ],
            [
              20.4814503749254,
              44.8074676992973
            ],
            [
              20.4814520296212,
              44.8074663564762
            ],
            [
              20.4815630233827,
              44.8075371434963
            ],
            [
              20.4815979679286,
              44.8075593503831
            ],
            [
              20.4815965685547,
              44.8075604242984
            ],
            [
              20.4816411941535,
              44.8075886138869
            ],
            [
              20.4816425939855,
              44.8075876299954
            ],
            [
              20.4816780492345,
              44.8076092990419
            ],
            [
              20.481683270354,
              44.807605092591
            ],
            [
              20.4817271405381,
              44.8076329195283
            ],
            [
              20.4817534130162,
              44.8076495965526
            ],
            [
              20.4817975345586,
              44.8076776046478
            ],
            [
              20.4817943503657,
              44.8076802899677
            ],
            [
              20.4817919329411,
              44.8076820785439
            ],
            [
              20.481834294336,
              44.8077090883929
            ],
            [
              20.4818281824158,
              44.8077139209648
            ],
            [
              20.4819078751179,
              44.807764947065
            ],
            [
              20.4819123318845,
              44.8077613672923
            ],
            [
              20.4819653824112,
              44.8077946353203
            ],
            [
              20.4819665301452,
              44.8077935602591
            ],
            [
              20.4820112809446,
              44.8078219303143
            ],
            [
              20.482027871676,
              44.8078327146137
            ],
            [
              20.4822000926187,
              44.8079400720733
            ],
            [
              20.4822032981699,
              44.8079420661971
            ],
            [
              20.482363790433,
              44.8080421171347
            ],
            [
              20.4825128563061,
              44.8081390832189
            ],
            [
              20.4825745759761,
              44.8081785990801
            ],
            [
              20.4825934305293,
              44.8081906538654
            ],
            [
              20.4826535152767,
              44.8082291720314
            ],
            [
              20.4827029201054,
              44.8082602626643
            ],
            [
              20.4827201425506,
              44.8082711397461
            ],
            [
              20.4827954435806,
              44.8083186362619
            ],
            [
              20.4828142998424,
              44.8083305100733
            ],
            [
              20.4829375003852,
              44.8084079208518
            ],
            [
              20.4829405171124,
              44.8084098240777
            ],
            [
              20.4829666654407,
              44.8084263211143
            ],
            [
              20.482970813814,
              44.8084289496408
            ],
            [
              20.4829968365106,
              44.8084453560794
            ],
            [
              20.4830011105356,
              44.8084480751958
            ],
            [
              20.4830346748483,
              44.8084691951241
            ],
            [
              20.4830389488769,
              44.8084719142392
            ],
            [
              20.4830725144898,
              44.8084930332618
            ],
            [
              20.4830767885219,
              44.8084957523755
            ],
            [
              20.4831029369279,
              44.808512249381
            ],
            [
              20.4831072109629,
              44.8085149684935
            ],
            [
              20.4831114131994,
              44.808511567567
            ],
            [
              20.4831134509152,
              44.8085099572891
            ],
            [
              20.4831201126386,
              44.8085142166862
            ],
            [
              20.4833674553824,
              44.8085875670492
            ],
            [
              20.4834276357818,
              44.8086054134242
            ],
            [
              20.4834319312729,
              44.8086085647285
            ],
            [
              20.4834337905715,
              44.808609941477
            ],
            [
              20.4834391918125,
              44.8086137450427
            ],
            [
              20.4834488635569,
              44.8086208078255
            ],
            [
              20.4834754930422,
              44.8086400967114
            ],
            [
              20.4834861695356,
              44.8086477941912
            ],
            [
              20.4835145314334,
              44.8086683692194
            ],
            [
              20.4835272429979,
              44.8086775873728
            ],
            [
              20.4835589576568,
              44.8087319971182
            ],
            [
              20.4835658440874,
              44.8087438175754
            ],
            [
              20.4835769268467,
              44.8087626769442
            ],
            [
              20.4835819066467,
              44.8087713388996
            ],
            [
              20.4835837873973,
              44.8087731469493
            ],
            [
              20.4835871698712,
              44.8087765821904
            ],
            [
              20.4835818367876,
              44.8087791678203
            ],
            [
              20.4835931026846,
              44.8087918182797
            ],
            [
              20.4835930007054,
              44.8088032470456
            ],
            [
              20.483581756902,
              44.8088166059196
            ],
            [
              20.4835831366497,
              44.8088178724704
            ],
            [
              20.4835789344183,
              44.8088212734141
            ],
            [
              20.4836026933406,
              44.8088363191429
            ],
            [
              20.4837126903673,
              44.8089060192829
            ],
            [
              20.4837320496055,
              44.8089182562047
            ],
            [
              20.4838406639671,
              44.8089870506476
            ],
            [
              20.4838650520861,
              44.8090024592541
            ],
            [
              20.4839873727012,
              44.8090795939474
            ],
            [
              20.4840198065322,
              44.80910007832
            ],
            [
              20.4840470871516,
              44.8091173004011
            ],
            [
              20.4840853037805,
              44.8091415008931
            ],
            [
              20.4842022183676,
              44.8092152810091
            ],
            [
              20.4842130295333,
              44.809222079706
            ],
            [
              20.4842262297133,
              44.8092304186696
            ],
            [
              20.4843357352468,
              44.8092986765292
            ],
            [
              20.4843557254273,
              44.8093110953377
            ],
            [
              20.4844664886092,
              44.8093801680495
            ],
            [
              20.4844893712788,
              44.8093944003366
            ],
            [
              20.4845585059867,
              44.8094389700296
            ],
            [
              20.4845998613641,
              44.8094656322195
            ],
            [
              20.4846189685374,
              44.8094779569743
            ],
            [
              20.4847234252591,
              44.8095453814744
            ],
            [
              20.4847515822081,
              44.8095635075623
            ],
            [
              20.4847739886536,
              44.8095458778671
            ],
            [
              20.4847771724742,
              44.8095433725078
            ],
            [
              20.4847888609519,
              44.8095510744301
            ],
            [
              20.4848129671921,
              44.8095669496768
            ],
            [
              20.4849959917629,
              44.8096875353833
            ],
            [
              20.4850163527759,
              44.8097009459924
            ],
            [
              20.4850441288506,
              44.8097192584367
            ],
            [
              20.4850550881921,
              44.8097264808261
            ],
            [
              20.4850835821902,
              44.8097452646137
            ],
            [
              20.4851334921614,
              44.8097781470072
            ],
            [
              20.4851994771261,
              44.8098216407468
            ],
            [
              20.4852282594494,
              44.8098405779352
            ],
            [
              20.4852672229777,
              44.8098662217513
            ],
            [
              20.4852950005559,
              44.8098845251387
            ],
            [
              20.4853831323888,
              44.8099425887596
            ],
            [
              20.4853925337688,
              44.8099486779175
            ],
            [
              20.4854118893811,
              44.8099615437916
            ],
            [
              20.485425717719,
              44.8099702455349
            ],
            [
              20.4854195943222,
              44.8099765177011
            ],
            [
              20.485416022795,
              44.8099801015981
            ],
            [
              20.4854670521386,
              44.8100137180685
            ],
            [
              20.4854791505347,
              44.8100037828071
            ],
            [
              20.4854929777565,
              44.8100127546039
            ],
            [
              20.4855387133183,
              44.8099732707322
            ],
            [
              20.4855245011275,
              44.8099649273623
            ],
            [
              20.4855363497916,
              44.8099546308808
            ],
            [
              20.485535091629,
              44.809953905035
            ],
            [
              20.4855376407564,
              44.8099516668623
            ],
            [
              20.4855544952721,
              44.8099613715667
            ],
            [
              20.4855719871468,
              44.8099561399474
            ],
            [
              20.4855903478746,
              44.8099528927285
            ],
            [
              20.485609321231,
              44.8099517169773
            ],
            [
              20.4856196860669,
              44.8099518536839
            ],
            [
              20.4856282777845,
              44.8099524316145
            ],
            [
              20.4856467105753,
              44.8099553044236
            ],
            [
              20.485664493028,
              44.8099600638678
            ],
            [
              20.4856725525281,
              44.8099636092322
            ],
            [
              20.4857429489008,
              44.810008832046
            ],
            [
              20.4857377286562,
              44.8100129486624
            ],
            [
              20.4857378292615,
              44.810013012131
            ],
            [
              20.48575233564,
              44.810022409159
            ],
            [
              20.4857883860454,
              44.8100457531139
            ],
            [
              20.4857937327461,
              44.8100416370646
            ],
            [
              20.485927213865,
              44.8101295298631
            ],
            [
              20.4859314152553,
              44.8101262188522
            ],
            [
              20.4859986793799,
              44.8101681875071
            ],
            [
              20.4860023725426,
              44.8101651442729
            ],
            [
              20.4860173327429,
              44.8101745703162
            ],
            [
              20.4860239961286,
              44.8101788304505
            ],
            [
              20.4860314122037,
              44.810183633205
            ],
            [
              20.4860612002408,
              44.8102032948865
            ],
            [
              20.486069874497,
              44.8102088234786
            ],
            [
              20.4860759080036,
              44.8102128107085
            ],
            [
              20.4860904880576,
              44.8102223250537
            ],
            [
              20.4860864147252,
              44.8102254566022
            ],
            [
              20.4860962191071,
              44.8102318905002
            ],
            [
              20.4861067817764,
              44.8102382368871
            ],
            [
              20.4861265266003,
              44.810250025024
            ],
            [
              20.4861246153633,
              44.8102516359243
            ],
            [
              20.4861278852059,
              44.8102535402043
            ],
            [
              20.4861339203198,
              44.8102573473939
            ],
            [
              20.4863412535836,
              44.8103858875449
            ],
            [
              20.4864574299916,
              44.8104579524939
            ],
            [
              20.4864658538051,
              44.8104632098628
            ],
            [
              20.4864177258388,
              44.810501693099
            ],
            [
              20.4864224991506,
              44.8105050444875
            ],
            [
              20.4864189364402,
              44.8105076382106
            ],
            [
              20.4864217017328,
              44.8105095411134
            ],
            [
              20.4864190285536,
              44.810511508681
            ],
            [
              20.4864163909753,
              44.8105096072528
            ],
            [
              20.4864137198594,
              44.8105114848073
            ],
            [
              20.486410954559,
              44.8105095828046
            ],
            [
              20.4863959393654,
              44.8105205853132
            ],
            [
              20.4863533103646,
              44.8105518932733
            ],
            [
              20.4863377853228,
              44.8105633435922
            ],
            [
              20.4863406750175,
              44.8105653361784
            ],
            [
              20.4863381295474,
              44.8105673052188
            ],
            [
              20.4863410200413,
              44.8105692077864
            ],
            [
              20.4863384737721,
              44.8105712668454
            ],
            [
              20.4864184360951,
              44.8106213007412
            ],
            [
              20.4864209823558,
              44.8106192425806
            ],
            [
              20.4864236220027,
              44.8106210539957
            ],
            [
              20.4864262939222,
              44.8106190864223
            ],
            [
              20.4864293124774,
              44.8106208095191
            ],
            [
              20.4865126517737,
              44.8106750895798
            ],
            [
              20.4865499844665,
              44.8106993743881
            ],
            [
              20.4867870553792,
              44.8108536047268
            ],
            [
              20.4869997436593,
              44.8109916173675
            ],
            [
              20.4870209868176,
              44.8110054816899
            ],
            [
              20.4871738419723,
              44.8111047083172
            ],
            [
              20.4871613618632,
              44.8111149121089
            ],
            [
              20.4872125196815,
              44.8111485283697
            ],
            [
              20.4872251103029,
              44.8111401246131
            ],
            [
              20.487238942853,
              44.8111485560873
            ],
            [
              20.4872535097746,
              44.8111596006014
            ],
            [
              20.4873964251952,
              44.811267870945
            ],
            [
              20.4874181281569,
              44.8112869567455
            ],
            [
              20.4876389224217,
              44.8114810695096
            ],
            [
              20.4886610310959,
              44.8123754877292
            ],
            [
              20.4891243398896,
              44.8127831544831
            ],
            [
              20.4891828054523,
              44.8128343514703
            ],
            [
              20.4893028717842,
              44.812939639184
            ],
            [
              20.4893184282315,
              44.8129532966997
            ],
            [
              20.4893241997884,
              44.8129583628512
            ],
            [
              20.4893372868207,
              44.8129510413506
            ],
            [
              20.4899821816314,
              44.8135146633553
            ],
            [
              20.489992846087,
              44.8135240696881
            ],
            [
              20.4900072741792,
              44.8135366436037
            ],
            [
              20.4900144266648,
              44.8135428843747
            ],
            [
              20.4900003207271,
              44.8135510116017
            ],
            [
              20.490201190504,
              44.8137270331214
            ],
            [
              20.4904028298059,
              44.81390197745
            ],
            [
              20.4904483777242,
              44.8139415068766
            ],
            [
              20.4904707189826,
              44.8139601448253
            ],
            [
              20.4905216522371,
              44.8140055478909
            ],
            [
              20.4906475094803,
              44.8141142799464
            ],
            [
              20.4906560089886,
              44.8141108979114
            ],
            [
              20.4908132130077,
              44.8142494670014
            ],
            [
              20.4910893340392,
              44.8144811662627
            ],
            [
              20.4913275259309,
              44.8146840796648
            ],
            [
              20.4915337883123,
              44.8148660615881
            ],
            [
              20.4915601321144,
              44.8148607784448
            ],
            [
              20.4916235871327,
              44.8148481004397
            ],
            [
              20.491673869614,
              44.8148380626331
            ],
            [
              20.4917674682746,
              44.8148842392782
            ],
            [
              20.4918347572525,
              44.814917430111
            ],
            [
              20.4918735318929,
              44.814936500092
            ],
            [
              20.4918948076978,
              44.8149469437014
            ],
            [
              20.4919735751353,
              44.8149903994361
            ],
            [
              20.4920813923886,
              44.8149505571716
            ],
            [
              20.4921418974824,
              44.814928146065
            ]
          ]
        ]
      }
    }
  ]
}
