{"type":"FeatureCollection","features":[{"type":"Feature","properties":{"name":"Национални парк Ђердап","name_lat":"Nacionalni park Djerdap","type":"NP","rajac":false,"pa_type":"NP","pa_id":"nacionalni-park-djerdap"},"geometry":{"type":"Polygon","coordinates":[[[22.461501,44.71543],[22.415607,44.701036],[22.370501,44.673157],[22.321154,44.66535],[22.288271,44.63329],[22.266956,44.602496],[22.256995,44.587489],[22.243377,44.573141],[22.231081,44.562239],[22.216115,44.53952],[22.204717,44.519542],[22.192866,44.50486],[22.18565,44.487832],[22.173246,44.476494],[22.129014,44.472942],[22.105559,44.488215],[22.084783,44.498388],[22.07354,44.517197],[22.041506,44.538916],[22.031091,44.554374],[22.028794,44.57156],[22.006027,44.606578],[21.992946,44.632707],[21.954816,44.634669],[21.900681,44.645267],[21.845223,44.653853],[21.802327,44.657986],[21.75985,44.658767],[21.706726,44.658564],[21.674336,44.654654],[21.681019,44.649626],[21.688368,44.64423],[21.697306,44.643274],[21.698524,44.638792],[21.705781,44.634434],[21.705759,44.628389],[21.705179,44.621643],[21.706845,44.61709],[21.715063,44.611586],[21.720661,44.609884],[21.730891,44.613866],[21.734374,44.619469],[21.73544,44.616575],[21.740883,44.613777],[21.744485,44.614811],[21.751871,44.613552],[21.763313,44.615464],[21.771244,44.617235],[21.778805,44.612283],[21.787151,44.610689],[21.794284,44.61496],[21.804246,44.610398],[21.806247,44.602092],[21.804911,44.592278],[21.811859,44.585776],[21.825143,44.587713],[21.836608,44.586283],[21.835791,44.579576],[21.846245,44.576315],[21.86054,44.577458],[21.871001,44.574668],[21.882786,44.575534],[21.89024,44.572188],[21.892728,44.561676],[21.902223,44.559984],[21.908718,44.556181],[21.915225,44.550428],[21.922793,44.547608],[21.929169,44.540996],[21.938901,44.540011],[21.939102,44.536349],[21.939891,44.530849],[21.946281,44.528453],[21.94904,44.523584],[21.948272,44.51856],[21.943484,44.513515],[21.936839,44.506704],[21.935394,44.49805],[21.933915,44.492119],[21.927944,44.4867],[21.925242,44.480066],[21.934296,44.47641],[21.944735,44.47623],[21.953726,44.474668],[21.963089,44.477415],[21.969104,44.478083],[21.977481,44.47648],[21.981897,44.469723],[21.985014,44.464928],[21.989573,44.458052],[21.994409,44.454914],[22.001756,44.454728],[22.00562,44.458738],[22.011234,44.460921],[22.015313,44.455489],[22.021898,44.449216],[22.020998,44.439778],[22.026135,44.432693],[22.032231,44.428004],[22.043448,44.422626],[22.053712,44.417818],[22.063229,44.413004],[22.074249,44.417008],[22.07753,44.422522],[22.087879,44.421344],[22.09718,44.422236],[22.103781,44.420963],[22.108273,44.418405],[22.111883,44.420112],[22.117644,44.417158],[22.123714,44.412897],[22.131329,44.411369],[22.139772,44.408012],[22.148536,44.406069],[22.156996,44.407266],[22.163999,44.404074],[22.171971,44.404608],[22.181672,44.40275],[22.188011,44.404222],[22.195187,44.403127],[22.200914,44.406136],[22.21166,44.406854],[22.222239,44.404242],[22.230745,44.40031],[22.23399,44.406389],[22.233841,44.415098],[22.230942,44.422119],[22.227142,44.42707],[22.225812,44.434969],[22.226495,44.439281],[22.229906,44.444397],[22.225039,44.450842],[22.234072,44.453044],[22.235546,44.460366],[22.238377,44.465263],[22.23755,44.471824],[22.242177,44.475961],[22.250019,44.4808],[22.247731,44.486867],[22.245891,44.491892],[22.248463,44.497762],[22.248951,44.504109],[22.2446,44.505884],[22.253228,44.50819],[22.255819,44.514634],[22.260598,44.517807],[22.268531,44.521462],[22.271342,44.524889],[22.274239,44.530054],[22.281322,44.532927],[22.285895,44.536294],[22.281212,44.543032],[22.279281,44.548492],[22.283512,44.553222],[22.283895,44.561093],[22.283836,44.570487],[22.304085,44.57826],[22.319131,44.581727],[22.329729,44.581666],[22.340552,44.582555],[22.352889,44.58035],[22.359852,44.585167],[22.359586,44.593692],[22.358857,44.600521],[22.360136,44.607634],[22.362671,44.614501],[22.370917,44.616139],[22.379959,44.617211],[22.387178,44.61868],[22.392661,44.618651],[22.399502,44.61823],[22.407074,44.616305],[22.413158,44.615662],[22.420733,44.61323],[22.426085,44.612405],[22.431833,44.609747],[22.438515,44.608939],[22.444748,44.607448],[22.450881,44.60777],[22.458155,44.603699],[22.462462,44.605375],[22.455146,44.609684],[22.455296,44.614173],[22.46166,44.616452],[22.468474,44.618517],[22.474225,44.62193],[22.481664,44.626833],[22.485335,44.631716],[22.4928,44.632939],[22.498239,44.637788],[22.503804,44.642496],[22.510804,44.642118],[22.512792,44.64725],[22.51755,44.649436],[22.525176,44.647093],[22.532892,44.646814],[22.540414,44.649941],[22.547223,44.652112],[22.531424,44.669581],[22.502956,44.69274],[22.461501,44.71543]]]}},{"type":"Feature","properties":{"name":"Кaраш-Нера","name_lat":"Karas-Nera","type":"ZP","rajac":false,"pa_type":"ZP","pa_id":"karas-nera"},"geometry":{"type":"MultiPolygon","coordinates":[[[[21.356341,44.833357],[21.35631,44.832943],[21.356652,44.832942],[21.357174,44.832983],[21.357676,44.83301],[21.358139,44.833108],[21.358683,44.833478],[21.359006,44.833706],[21.35943,44.834119],[21.359633,44.834504],[21.359916,44.834846],[21.36026,44.835159],[21.360423,44.835559],[21.360525,44.835944],[21.360528,44.836373],[21.36037,44.836787],[21.360151,44.837117],[21.359831,44.837303],[21.35953,44.837333],[21.359229,44.83732],[21.358947,44.837135],[21.358664,44.836807],[21.358258,44.836237],[21.357914,44.835795],[21.357571,44.835539],[21.35729,44.835511],[21.35713,44.835612],[21.357071,44.835869],[21.357133,44.83614],[21.357156,44.836483],[21.356957,44.83677],[21.356497,44.837085],[21.355415,44.837546],[21.354714,44.837848],[21.354374,44.838092],[21.354356,44.838335],[21.354176,44.838521],[21.353817,44.838794],[21.353497,44.839081],[21.353218,44.839396],[21.353041,44.840111],[21.353225,44.840596],[21.353307,44.840881],[21.353631,44.841223],[21.353933,44.841394],[21.354556,44.841449],[21.354897,44.841367],[21.355268,44.841316],[21.35571,44.841229],[21.356081,44.841185],[21.356302,44.841227],[21.356563,44.841284],[21.356834,44.841261],[21.357004,44.841147],[21.357023,44.840989],[21.356952,44.840811],[21.357021,44.840639],[21.357171,44.840475],[21.357351,44.840345],[21.357632,44.840352],[21.357913,44.840358],[21.358416,44.840449],[21.358676,44.840377],[21.358846,44.840241],[21.358996,44.840062],[21.359115,44.839926],[21.359295,44.839839],[21.359626,44.839788],[21.360068,44.839744],[21.36064,44.839721],[21.361112,44.839712],[21.361644,44.839768],[21.361946,44.839824],[21.362097,44.839823],[21.362258,44.839951],[21.362279,44.840108],[21.36212,44.840387],[21.362001,44.840645],[21.362091,44.840966],[21.362076,44.841168],[21.362162,44.841501],[21.362164,44.841811],[21.362283,44.842084],[21.362352,44.842465],[21.362387,44.842774],[21.362423,44.843096],[21.362324,44.84337],[21.362242,44.843572],[21.361774,44.843693],[21.361456,44.843706],[21.361188,44.843635],[21.360919,44.843529],[21.360701,44.843351],[21.360582,44.843125],[21.360364,44.843007],[21.359979,44.843008],[21.359528,44.843069],[21.359077,44.843202],[21.358577,44.843548],[21.358228,44.84399],[21.358163,44.844324],[21.358298,44.844466],[21.358567,44.844656],[21.358736,44.844917],[21.358737,44.845167],[21.358454,44.845358],[21.357937,44.84561],[21.357671,44.845956],[21.357523,44.846278],[21.357742,44.846492],[21.357994,44.846646],[21.358395,44.846668],[21.358998,44.846702],[21.359484,44.846879],[21.359922,44.847235],[21.360058,44.847604],[21.360061,44.848068],[21.359745,44.848474],[21.359229,44.848809],[21.358629,44.849191],[21.35823,44.849609],[21.358064,44.849979],[21.358267,44.8503],[21.358604,44.850692],[21.358169,44.850681],[21.357867,44.850504],[21.357414,44.850386],[21.357312,44.850112],[21.357293,44.849791],[21.357509,44.849505],[21.357725,44.849206],[21.35804,44.848812],[21.358357,44.848597],[21.358874,44.848334],[21.359208,44.848178],[21.359516,44.847877],[21.359414,44.84762],[21.358829,44.847179],[21.358285,44.846938],[21.35744,44.846769],[21.357138,44.846541],[21.357056,44.84627],[21.357074,44.84597],[21.357313,44.845626],[21.357652,44.845325],[21.357911,44.844996],[21.35787,44.84481],[21.357627,44.844568],[21.357585,44.844211],[21.357763,44.843725],[21.358062,44.843338],[21.358721,44.842836],[21.359383,44.842634],[21.359705,44.842733],[21.359925,44.842661],[21.360466,44.842545],[21.360828,44.842629],[21.361092,44.842986],[21.361355,44.843285],[21.361515,44.843299],[21.361696,44.843312],[21.361876,44.843169],[21.361854,44.84284],[21.36173,44.842355],[21.361626,44.84167],[21.361421,44.841027],[21.36141,44.84084],[21.361429,44.840625],[21.361417,44.840361],[21.361235,44.840126],[21.360953,44.839998],[21.360783,44.840042],[21.360441,44.840057],[21.360041,44.840237],[21.35973,44.840345],[21.3594,44.840539],[21.35901,44.840719],[21.358679,44.840748],[21.358267,44.840785],[21.358067,44.840836],[21.357756,44.840923],[21.357516,44.841124],[21.357487,44.841302],[21.357207,44.841503],[21.356907,44.841568],[21.356535,44.841584],[21.355993,44.841593],[21.355652,44.841601],[21.35506,44.841674],[21.354477,44.841689],[21.354176,44.84169],[21.353956,44.841848],[21.353835,44.841848],[21.353755,44.841777],[21.353733,44.841563],[21.353552,44.841421],[21.353189,44.841322],[21.352845,44.840766],[21.352681,44.840266],[21.352658,44.839852],[21.352836,44.83938],[21.353155,44.838922],[21.353574,44.838592],[21.353775,44.838505],[21.353915,44.838462],[21.354034,44.838247],[21.354053,44.83809],[21.353952,44.837919],[21.35417,44.837533],[21.354671,44.83726],[21.35529,44.836801],[21.35587,44.83633],[21.356067,44.835829],[21.356084,44.835215],[21.35604,44.834615],[21.355694,44.833945],[21.355737,44.833649],[21.355478,44.833775],[21.354427,44.831959],[21.353644,44.830463],[21.353425,44.830224],[21.353548,44.830072],[21.353601,44.830051],[21.352863,44.829697],[21.353077,44.829452],[21.353668,44.828995],[21.354281,44.828536],[21.355448,44.828252],[21.357276,44.828673],[21.357388,44.828832],[21.357313,44.828979],[21.357551,44.829642],[21.357896,44.829571],[21.358501,44.829984],[21.358843,44.830076],[21.359115,44.830175],[21.359406,44.830174],[21.359788,44.830251],[21.360259,44.830214],[21.360421,44.830364],[21.360592,44.830363],[21.361025,44.830576],[21.361154,44.830383],[21.361384,44.830239],[21.361635,44.830303],[21.361856,44.830309],[21.362017,44.830358],[21.361985,44.830001],[21.362054,44.829801],[21.362194,44.829736],[21.362425,44.829821],[21.362636,44.829778],[21.362814,44.829399],[21.362883,44.829206],[21.363223,44.829026],[21.363262,44.828862],[21.363521,44.828539],[21.363279,44.828297],[21.362967,44.82812],[21.362807,44.82827],[21.362677,44.828385],[21.362406,44.828386],[21.362235,44.828243],[21.362204,44.828165],[21.362013,44.828123],[21.362013,44.828058],[21.362213,44.828],[21.361951,44.827787],[21.362432,44.827743],[21.362914,44.827813],[21.363378,44.828111],[21.363752,44.828438],[21.364277,44.829046],[21.364339,44.829346],[21.364361,44.829688],[21.364203,44.830075],[21.363764,44.830533],[21.363546,44.830977],[21.363488,44.831363],[21.363631,44.831734],[21.363754,44.832133],[21.363454,44.832292],[21.363113,44.832307],[21.362691,44.832308],[21.362089,44.832282],[21.361365,44.832155],[21.360843,44.832128],[21.360301,44.832144],[21.359617,44.831975],[21.358973,44.831706],[21.358184,44.831403],[21.357368,44.831378],[21.356837,44.83147],[21.35626,44.831711],[21.356058,44.831794],[21.355695,44.83242],[21.355571,44.832865],[21.355765,44.833123],[21.356341,44.833357]]],[[[21.356341,44.833357],[21.357076,44.833326],[21.357699,44.833453],[21.358263,44.833708],[21.358968,44.834163],[21.359152,44.834605],[21.359254,44.834862],[21.359758,44.835203],[21.359961,44.835646],[21.359984,44.836103],[21.360048,44.836603],[21.359728,44.836875],[21.359407,44.836933],[21.359125,44.836791],[21.358861,44.836349],[21.358416,44.835822],[21.358053,44.835437],[21.357951,44.835166],[21.357929,44.834966],[21.357668,44.834924],[21.357387,44.834925],[21.357166,44.834983],[21.356906,44.835141],[21.356747,44.835284],[21.356668,44.835628],[21.356651,44.83607],[21.356653,44.836399],[21.356374,44.836657],[21.356154,44.836815],[21.355253,44.837289],[21.355412,44.837003],[21.355712,44.836788],[21.356151,44.836315],[21.356409,44.835843],[21.356467,44.835557],[21.356465,44.835185],[21.356422,44.834743],[21.356177,44.8341],[21.356096,44.833475],[21.356341,44.833357]]],[[[21.412209,44.868845],[21.41251,44.868891],[21.412561,44.868974],[21.412679,44.869081],[21.412814,44.869188],[21.412899,44.869402],[21.413084,44.869556],[21.413068,44.869651],[21.413137,44.869949],[21.413458,44.870316],[21.41319,44.870294],[21.412872,44.870271],[21.412686,44.870069],[21.412568,44.869891],[21.412532,44.869653],[21.412313,44.869452],[21.412078,44.869298],[21.411909,44.869036],[21.411907,44.868774],[21.412209,44.868845]]],[[[21.384628,44.865358],[21.38468,44.865667],[21.384633,44.866203],[21.384604,44.866739],[21.384588,44.866989],[21.384354,44.866978],[21.384186,44.866931],[21.384102,44.866788],[21.3841,44.866526],[21.384164,44.866157],[21.384195,44.865716],[21.384126,44.865395],[21.383857,44.865277],[21.383405,44.865302],[21.38282,44.86534],[21.382185,44.865509],[21.381635,44.865904],[21.380983,44.866144],[21.380299,44.86636],[21.379295,44.866495],[21.378476,44.866676],[21.377656,44.866762],[21.377103,44.866693],[21.376634,44.866635],[21.376214,44.866493],[21.375694,44.866221],[21.376262,44.866124],[21.376414,44.866242],[21.376733,44.866384],[21.377335,44.866382],[21.377905,44.866368],[21.378624,44.866271],[21.379326,44.866161],[21.380095,44.86604],[21.380664,44.865943],[21.381082,44.86581],[21.381482,44.865547],[21.381932,44.865331],[21.382551,44.865174],[21.383387,44.865017],[21.383922,44.864979],[21.384274,44.86499],[21.384559,44.865144],[21.384628,44.865358]]],[[[21.257714,44.916942],[21.257321,44.91734],[21.255845,44.917937],[21.255349,44.917351],[21.255652,44.91695],[21.25414,44.916778],[21.251325,44.91563],[21.249404,44.914281],[21.24832,44.912917],[21.247192,44.911477],[21.24585,44.90932],[21.245358,44.907926],[21.245212,44.907152],[21.245502,44.906404],[21.246772,44.906713],[21.247049,44.907459],[21.246432,44.907952],[21.246892,44.908433],[21.247214,44.908866],[21.247151,44.909825],[21.247801,44.910258],[21.248598,44.910538],[21.249772,44.911242],[21.25,44.911302],[21.250486,44.910617],[21.251637,44.909687],[21.252504,44.908972],[21.253284,44.908506],[21.254174,44.907974],[21.256218,44.906828],[21.258384,44.906034],[21.259621,44.905781],[21.2602,44.905678],[21.257864,44.90413],[21.255284,44.90205],[21.254436,44.901351],[21.253754,44.900084],[21.255747,44.898576],[21.256383,44.898221],[21.257258,44.897534],[21.259521,44.895804],[21.260696,44.894725],[21.261745,44.892736],[21.262416,44.891772],[21.263811,44.891325],[21.264549,44.890864],[21.264917,44.890497],[21.265298,44.890123],[21.265522,44.889912],[21.265859,44.889687],[21.266196,44.88941],[21.266406,44.889195],[21.266732,44.889056],[21.266632,44.888548],[21.266786,44.888285],[21.267158,44.888028],[21.267612,44.887782],[21.267996,44.887484],[21.268305,44.88752],[21.268235,44.888043],[21.268614,44.888747],[21.269578,44.888219],[21.269789,44.887954],[21.270193,44.88783],[21.271539,44.886834],[21.272293,44.886706],[21.274309,44.885371],[21.275421,44.884683],[21.277308,44.883414],[21.278557,44.882583],[21.279069,44.882274],[21.280855,44.881122],[21.281846,44.880464],[21.283262,44.879465],[21.280284,44.877703],[21.279509,44.877586],[21.280823,44.8762],[21.285862,44.873258],[21.289234,44.871486],[21.294634,44.866614],[21.299536,44.860554],[21.302481,44.857026],[21.3032,44.856944],[21.304886,44.85743],[21.306383,44.858476],[21.306548,44.858949],[21.306648,44.860011],[21.306986,44.860829],[21.307752,44.861929],[21.30839,44.862534],[21.310231,44.861304],[21.312192,44.860066],[21.311159,44.858049],[21.310346,44.856977],[21.310882,44.85657],[21.311506,44.856045],[21.31303,44.854465],[21.313395,44.854027],[21.312633,44.853279],[21.312737,44.852708],[21.314163,44.851377],[21.315061,44.851043],[21.316192,44.85018],[21.317009,44.849375],[21.316979,44.848813],[21.317813,44.848193],[21.319632,44.846037],[21.319136,44.845916],[21.316439,44.846842],[21.314467,44.84797],[21.313199,44.848607],[21.31145,44.848399],[21.311906,44.84743],[21.312424,44.846349],[21.313497,44.845296],[21.314384,44.844314],[21.315726,44.843178],[21.316701,44.843049],[21.319895,44.84019],[21.323516,44.836859],[21.326026,44.837995],[21.325164,44.839481],[21.325326,44.840377],[21.325059,44.840735],[21.324761,44.841048],[21.326011,44.84259],[21.325426,44.842518],[21.324538,44.843051],[21.322952,44.844838],[21.32188,44.846925],[21.321485,44.847261],[21.320203,44.848407],[21.321169,44.850149],[21.320332,44.850741],[21.320089,44.851304],[21.319869,44.851498],[21.31867,44.853567],[21.319372,44.85408],[21.320513,44.855098],[21.321847,44.855048],[21.322609,44.854357],[21.32481,44.854758],[21.326753,44.853901],[21.325624,44.854526],[21.324426,44.855894],[21.326317,44.854635],[21.32746,44.855148],[21.325597,44.856769],[21.325366,44.857291],[21.326734,44.857304],[21.32767,44.858428],[21.329049,44.856986],[21.328921,44.857732],[21.327969,44.858705],[21.32605,44.860569],[21.324688,44.861937],[21.324149,44.862437],[21.323173,44.863455],[21.322349,44.864043],[21.321946,44.864396],[21.32119,44.865239],[21.320307,44.86603],[21.320118,44.866459],[21.320637,44.867029],[21.320291,44.86753],[21.321492,44.86834],[21.325552,44.869778],[21.326539,44.870192],[21.325034,44.871963],[21.324443,44.872645],[21.323464,44.875234],[21.320843,44.878067],[21.319888,44.879389],[21.318898,44.880005],[21.317564,44.880006],[21.315032,44.879656],[21.313607,44.880439],[21.312902,44.880956],[21.311638,44.881865],[21.311176,44.882299],[21.31044,44.882759],[21.30735,44.881794],[21.305025,44.881331],[21.302421,44.88054],[21.300177,44.882071],[21.297623,44.881918],[21.295741,44.883253],[21.294004,44.884259],[21.295582,44.885607],[21.296576,44.886448],[21.297993,44.887718],[21.296312,44.889043],[21.295819,44.889551],[21.294733,44.890221],[21.293086,44.891237],[21.291388,44.892253],[21.290324,44.893047],[21.288668,44.892776],[21.287321,44.891896],[21.285816,44.892146],[21.284106,44.893372],[21.282005,44.895116],[21.280704,44.896415],[21.280013,44.897136],[21.279851,44.897273],[21.279327,44.89784],[21.278971,44.898278],[21.278226,44.89895],[21.277728,44.899087],[21.277247,44.899397],[21.276562,44.899733],[21.276268,44.899989],[21.275416,44.901011],[21.274769,44.901499],[21.27398,44.9022],[21.273576,44.90262],[21.27291,44.9031],[21.272113,44.903697],[21.271159,44.904316],[21.270616,44.904834],[21.270047,44.905194],[21.269558,44.905771],[21.269106,44.906289],[21.268728,44.906525],[21.268407,44.907111],[21.268221,44.907495],[21.267812,44.908071],[21.266941,44.909231],[21.265868,44.910115],[21.265278,44.910659],[21.265336,44.911124],[21.266011,44.912187],[21.265722,44.912161],[21.264009,44.911596],[21.262576,44.910799],[21.261398,44.911071],[21.260948,44.911409],[21.260671,44.911608],[21.260196,44.912866],[21.261099,44.914081],[21.259627,44.915013],[21.259257,44.915282],[21.258891,44.915791],[21.25797,44.91525],[21.257727,44.915196],[21.25665,44.915491],[21.256566,44.91614],[21.257218,44.916273],[21.257592,44.916572],[21.257714,44.916942]]],[[[21.369222,44.869842],[21.368945,44.869973],[21.368617,44.870157],[21.368403,44.870247],[21.368133,44.870371],[21.367988,44.870413],[21.367965,44.870341],[21.367858,44.870043],[21.367632,44.86955],[21.367445,44.869106],[21.367261,44.868681],[21.36707,44.868242],[21.366874,44.867795],[21.366653,44.867293],[21.366327,44.866537],[21.366175,44.866176],[21.365924,44.865635],[21.366595,44.864466],[21.366507,44.864334],[21.366288,44.864025],[21.365716,44.863563],[21.365044,44.863208],[21.364456,44.862876],[21.363936,44.862664],[21.363833,44.862343],[21.364015,44.862021],[21.364265,44.861758],[21.364481,44.861555],[21.364496,44.861233],[21.364057,44.860723],[21.363903,44.860235],[21.363817,44.859759],[21.363712,44.859128],[21.363524,44.85851],[21.363287,44.858046],[21.362917,44.85775],[21.362564,44.857489],[21.362177,44.857264],[21.361723,44.856897],[21.36137,44.856624],[21.360916,44.856328],[21.360646,44.856031],[21.360527,44.855698],[21.360458,44.855377],[21.360473,44.855115],[21.360656,44.85484],[21.360771,44.854614],[21.360804,44.854435],[21.360786,44.854221],[21.360584,44.854031],[21.360481,44.85371],[21.360463,44.853448],[21.360544,44.853102],[21.36081,44.852721],[21.361012,44.852946],[21.361013,44.853077],[21.361048,44.853339],[21.36105,44.853744],[21.361137,44.85416],[21.361239,44.854422],[21.361324,44.854707],[21.361191,44.854803],[21.361008,44.855042],[21.360926,44.85528],[21.360861,44.855578],[21.36098,44.855863],[21.361233,44.856172],[21.36167,44.856468],[21.362074,44.856764],[21.36246,44.856978],[21.362997,44.857214],[21.363316,44.85738],[21.363586,44.857664],[21.363739,44.858081],[21.363943,44.858592],[21.364113,44.85902],[21.364218,44.859651],[21.364304,44.860091],[21.364458,44.860543],[21.36483,44.861101],[21.3651,44.861469],[21.365318,44.861635],[21.365621,44.861789],[21.36589,44.861967],[21.366042,44.862228],[21.365976,44.862431],[21.365878,44.862693],[21.36593,44.862967],[21.366133,44.863359],[21.366587,44.863727],[21.366872,44.863762],[21.367324,44.863772],[21.36776,44.863937],[21.367913,44.86427],[21.368049,44.864567],[21.368403,44.864983],[21.368439,44.865316],[21.368407,44.865578],[21.368294,44.865728],[21.368498,44.865898],[21.368691,44.865932],[21.368834,44.866083],[21.368929,44.866173],[21.369262,44.866263],[21.369524,44.866343],[21.369708,44.866312],[21.369833,44.866249],[21.370467,44.866126],[21.370728,44.866115],[21.370952,44.866454],[21.370972,44.866535],[21.371009,44.866673],[21.371596,44.866941],[21.372465,44.867226],[21.373083,44.867462],[21.373229,44.867514],[21.373108,44.867669],[21.372553,44.867482],[21.372465,44.867522],[21.372189,44.867543],[21.371814,44.867699],[21.371624,44.867866],[21.371663,44.867984],[21.3714,44.868357],[21.371173,44.868522],[21.371024,44.868704],[21.370742,44.869204],[21.370639,44.869691],[21.370621,44.86987],[21.370401,44.869845],[21.369935,44.869781],[21.369222,44.869842]]],[[[21.247198,44.888007],[21.247475,44.888061],[21.247389,44.888359],[21.247025,44.888311],[21.246757,44.888291],[21.246552,44.888278],[21.246366,44.88823],[21.246257,44.888175],[21.24597,44.888027],[21.245709,44.887782],[21.24543,44.887541],[21.24534,44.887317],[21.245301,44.887049],[21.245385,44.886731],[21.245408,44.886636],[21.245539,44.886457],[21.245842,44.886102],[21.245983,44.88589],[21.246106,44.885367],[21.246223,44.885074],[21.245685,44.884793],[21.245995,44.884506],[21.246237,44.884295],[21.246798,44.883766],[21.24795,44.882714],[21.249308,44.882097],[21.249407,44.882062],[21.249914,44.881665],[21.251309,44.881035],[21.251407,44.880946],[21.252173,44.880477],[21.253117,44.880141],[21.253435,44.880388],[21.25361,44.880537],[21.25399,44.880333],[21.254195,44.880253],[21.254399,44.880212],[21.2545,44.88019],[21.254563,44.880157],[21.254711,44.879954],[21.254725,44.879922],[21.254962,44.879733],[21.254982,44.879741],[21.255019,44.879624],[21.255087,44.879584],[21.255405,44.879506],[21.255707,44.879815],[21.256185,44.879983],[21.256331,44.880035],[21.256552,44.880157],[21.256715,44.880257],[21.25698,44.880451],[21.257165,44.880587],[21.257329,44.880706],[21.257325,44.880735],[21.257455,44.880728],[21.257889,44.880678],[21.258168,44.880649],[21.258578,44.88062],[21.258814,44.880534],[21.259135,44.88045],[21.260148,44.880322],[21.261287,44.880162],[21.261807,44.880096],[21.262076,44.880026],[21.262292,44.880008],[21.26256,44.879968],[21.262989,44.879974],[21.26326,44.879978],[21.26344,44.879949],[21.263732,44.879807],[21.264013,44.879593],[21.26446,44.879424],[21.264837,44.879283],[21.265068,44.879099],[21.265533,44.878733],[21.266048,44.878317],[21.266169,44.877956],[21.266439,44.877628],[21.266756,44.877471],[21.266865,44.877415],[21.267422,44.877308],[21.267514,44.877291],[21.267712,44.87725],[21.268155,44.877164],[21.268334,44.877095],[21.268704,44.876942],[21.269434,44.876704],[21.269591,44.876713],[21.270017,44.87672],[21.270415,44.876735],[21.271301,44.876764],[21.271448,44.876767],[21.272197,44.877316],[21.272748,44.877716],[21.271003,44.878559],[21.27077,44.878786],[21.270494,44.878969],[21.270306,44.879041],[21.269094,44.87953],[21.268911,44.879613],[21.266897,44.880455],[21.265344,44.881097],[21.264547,44.881335],[21.264244,44.881133],[21.264177,44.881139],[21.263167,44.880191],[21.262551,44.880242],[21.262013,44.880339],[21.261541,44.8804],[21.260396,44.880547],[21.259887,44.880603],[21.25864,44.880841],[21.258262,44.880876],[21.258095,44.880881],[21.257404,44.880962],[21.256841,44.881049],[21.256452,44.881213],[21.256155,44.881443],[21.255284,44.881666],[21.255095,44.881817],[21.255007,44.881868],[21.254614,44.882038],[21.254366,44.8822],[21.254113,44.882245],[21.253848,44.882297],[21.253577,44.882374],[21.252994,44.882559],[21.252586,44.8827],[21.252518,44.882739],[21.25232,44.883041],[21.252144,44.883263],[21.251747,44.883493],[21.251555,44.883497],[21.251119,44.883623],[21.250515,44.88381],[21.250251,44.883904],[21.250069,44.884003],[21.24995,44.884083],[21.249793,44.884219],[21.249673,44.884389],[21.249639,44.884438],[21.249581,44.884497],[21.249493,44.884598],[21.249432,44.884672],[21.249247,44.884794],[21.249165,44.884851],[21.249101,44.884891],[21.248935,44.88495],[21.24871,44.885038],[21.248454,44.885083],[21.248379,44.885072],[21.248258,44.885052],[21.248159,44.885036],[21.247929,44.885004],[21.24768,44.884861],[21.247557,44.884794],[21.247417,44.884663],[21.247294,44.884517],[21.247057,44.884443],[21.246925,44.884524],[21.246868,44.884733],[21.246871,44.884898],[21.246861,44.885031],[21.246859,44.88537],[21.246836,44.885549],[21.246385,44.886009],[21.246179,44.8862],[21.246128,44.886288],[21.245881,44.886729],[21.245799,44.886813],[21.245741,44.887078],[21.24581,44.887254],[21.246041,44.887535],[21.246144,44.887624],[21.246464,44.887892],[21.246669,44.887989],[21.246898,44.887983],[21.247198,44.888007]]],[[[21.389428,44.869627],[21.389077,44.869748],[21.388526,44.869892],[21.388091,44.869942],[21.387739,44.869955],[21.38722,44.869873],[21.386868,44.869803],[21.386566,44.869804],[21.386281,44.869793],[21.386013,44.869722],[21.38561,44.869569],[21.385275,44.869475],[21.385006,44.869309],[21.384753,44.869048],[21.3848,44.868631],[21.384865,44.868333],[21.384981,44.868131],[21.385365,44.867951],[21.385619,44.86839],[21.385503,44.868605],[21.385521,44.868795],[21.385489,44.868962],[21.385473,44.869069],[21.385691,44.86914],[21.386043,44.869246],[21.386546,44.869352],[21.386966,44.869445],[21.387618,44.869443],[21.387904,44.869585],[21.388456,44.8695],[21.389008,44.869355],[21.389642,44.869139],[21.390159,44.868851],[21.39061,44.868611],[21.391095,44.868538],[21.391463,44.868525],[21.391747,44.868393],[21.392031,44.868285],[21.392348,44.868213],[21.392616,44.868224],[21.3931,44.868055],[21.393883,44.867493],[21.394416,44.866955],[21.394965,44.866549],[21.395684,44.866332],[21.396386,44.866246],[21.396973,44.866327],[21.397342,44.866493],[21.397763,44.866848],[21.39847,44.867405],[21.399175,44.867701],[21.399627,44.867651],[21.400295,44.867363],[21.401029,44.867111],[21.401631,44.866954],[21.402199,44.866773],[21.403034,44.86652],[21.403887,44.866398],[21.40459,44.866312],[21.405258,44.866155],[21.405627,44.86619],[21.406064,44.866414],[21.406284,44.866747],[21.406539,44.867365],[21.40686,44.867721],[21.406745,44.868067],[21.406359,44.867949],[21.406157,44.867747],[21.40592,44.867367],[21.405682,44.866868],[21.405546,44.866559],[21.405161,44.866537],[21.404575,44.86661],[21.403638,44.866721],[21.402869,44.866854],[21.402034,44.867143],[21.400865,44.867528],[21.399914,44.867984],[21.398909,44.867975],[21.398439,44.867739],[21.397952,44.867526],[21.397598,44.867158],[21.397178,44.866946],[21.396825,44.866709],[21.396523,44.866638],[21.396038,44.866688],[21.395436,44.866809],[21.394869,44.867108],[21.394503,44.867455],[21.393954,44.867969],[21.393504,44.868268],[21.393019,44.868436],[21.392502,44.868629],[21.3919,44.868762],[21.391315,44.868883],[21.390596,44.869076],[21.390045,44.869316],[21.389428,44.869627]]],[[[21.427692,44.872978],[21.427409,44.873217],[21.427024,44.873243],[21.426505,44.873185],[21.42632,44.873043],[21.4259,44.872854],[21.425446,44.872701],[21.424793,44.872596],[21.424424,44.872491],[21.42402,44.87229],[21.423484,44.872184],[21.423047,44.872043],[21.422528,44.872045],[21.421792,44.872024],[21.420837,44.871968],[21.42015,44.871875],[21.41931,44.871581],[21.420062,44.871364],[21.420783,44.871504],[21.421437,44.871573],[21.422509,44.87164],[21.423262,44.871685],[21.423765,44.871779],[21.424068,44.871885],[21.424537,44.872014],[21.424991,44.872179],[21.425594,44.872248],[21.42598,44.872389],[21.42645,44.872566],[21.426803,44.872791],[21.427054,44.872755],[21.427171,44.872671],[21.42737,44.872479],[21.427385,44.872146],[21.427382,44.871789],[21.427295,44.87142],[21.427175,44.87104],[21.42781,44.870763],[21.427914,44.871251],[21.427968,44.871751],[21.427971,44.872144],[21.42789,44.872573],[21.427692,44.872978]]],[[[21.430769,44.870252],[21.430116,44.870207],[21.429713,44.870042],[21.429626,44.869661],[21.429992,44.869362],[21.430161,44.869552],[21.430397,44.869754],[21.430699,44.8698],[21.431184,44.869798],[21.431854,44.869748],[21.432323,44.869758],[21.43264,44.86965],[21.432894,44.870089],[21.432309,44.870211],[21.431556,44.870214],[21.430769,44.870252]]],[[[21.442309,44.870803],[21.441724,44.870948],[21.441006,44.871177],[21.44047,44.871179],[21.439951,44.87111],[21.43953,44.870862],[21.439327,44.870589],[21.439375,44.870267],[21.43959,44.869933],[21.439756,44.869718],[21.439654,44.869575],[21.439402,44.869362],[21.439132,44.869208],[21.438696,44.869067],[21.438378,44.869068],[21.437977,44.869189],[21.437492,44.869286],[21.437006,44.869228],[21.437322,44.868858],[21.437656,44.868833],[21.438041,44.868724],[21.438341,44.86864],[21.438692,44.868567],[21.43891,44.868638],[21.439346,44.868731],[21.439699,44.868873],[21.440003,44.869181],[21.44024,44.869537],[21.440393,44.86987],[21.440194,44.870121],[21.439979,44.870419],[21.440131,44.870645],[21.440484,44.870775],[21.440852,44.870737],[21.441386,44.870581],[21.44187,44.870376],[21.442374,44.870565],[21.442677,44.870695],[21.442309,44.870803]]],[[[21.452068,44.874837],[21.451468,44.875113],[21.450749,44.875235],[21.450196,44.875189],[21.449575,44.875025],[21.449004,44.874837],[21.448466,44.874494],[21.448144,44.87409],[21.448058,44.873805],[21.448258,44.873625],[21.448524,44.873446],[21.448744,44.873707],[21.448746,44.873897],[21.448764,44.874088],[21.44915,44.874277],[21.449504,44.874513],[21.44999,44.874631],[21.450377,44.874796],[21.450795,44.874806],[21.451196,44.874709],[21.45163,44.874481],[21.45228,44.874062],[21.452796,44.873667],[21.453733,44.873616],[21.453417,44.873867],[21.453151,44.874177],[21.452584,44.874489],[21.452068,44.874837]]],[[[21.49446,44.873522],[21.494444,44.873561],[21.494341,44.873634],[21.49383,44.873798],[21.493626,44.873826],[21.492876,44.873913],[21.492181,44.873992],[21.492052,44.873953],[21.491752,44.873909],[21.491417,44.873854],[21.491228,44.873822],[21.490964,44.873745],[21.490614,44.873664],[21.490545,44.8736],[21.490392,44.873552],[21.490456,44.873363],[21.49073,44.87342],[21.490707,44.873263],[21.490651,44.872895],[21.490505,44.872469],[21.490436,44.872404],[21.490374,44.872338],[21.490156,44.872357],[21.489703,44.872228],[21.488897,44.871982],[21.488091,44.871688],[21.487453,44.871547],[21.487033,44.871394],[21.486681,44.871336],[21.485725,44.871126],[21.484987,44.870939],[21.484432,44.87062],[21.484061,44.870276],[21.483889,44.869836],[21.483802,44.86942],[21.484151,44.869133],[21.484468,44.868905],[21.484469,44.869096],[21.484505,44.869322],[21.484574,44.869643],[21.484627,44.86994],[21.484847,44.870225],[21.485133,44.870414],[21.485469,44.870556],[21.485855,44.870673],[21.486342,44.87079],[21.486761,44.870896],[21.487215,44.871036],[21.487718,44.871213],[21.488138,44.871283],[21.488725,44.871471],[21.489145,44.871612],[21.489782,44.871752],[21.490419,44.871844],[21.490771,44.871855],[21.491323,44.871781],[21.491874,44.8716],[21.492524,44.87124],[21.493141,44.870963],[21.493544,44.871133],[21.493734,44.871223],[21.494076,44.871318],[21.494835,44.87186],[21.494718,44.871901],[21.494685,44.871926],[21.494643,44.872024],[21.494635,44.872075],[21.494646,44.872152],[21.494768,44.872319],[21.49482,44.872506],[21.494864,44.87263],[21.494952,44.872749],[21.494917,44.872925],[21.494821,44.873073],[21.494765,44.873176],[21.494636,44.873322],[21.49446,44.873522]]],[[[21.475353,44.872099],[21.474669,44.872399],[21.474117,44.872425],[21.473714,44.87232],[21.473377,44.872107],[21.473156,44.871727],[21.473169,44.871215],[21.472983,44.871037],[21.472498,44.871027],[21.471796,44.871244],[21.471178,44.871425],[21.470594,44.871595],[21.470175,44.87162],[21.469689,44.871574],[21.469034,44.871315],[21.46838,44.871092],[21.467674,44.870761],[21.467085,44.870454],[21.466748,44.87017],[21.466628,44.869873],[21.46644,44.869397],[21.466286,44.868898],[21.466216,44.868529],[21.466314,44.868267],[21.466514,44.868087],[21.466833,44.868241],[21.467069,44.868406],[21.46707,44.868537],[21.466885,44.868514],[21.466802,44.86855],[21.466786,44.868622],[21.466821,44.86886],[21.466907,44.869145],[21.466994,44.869502],[21.467164,44.869787],[21.467399,44.869893],[21.467652,44.870107],[21.467938,44.870355],[21.468409,44.870627],[21.469048,44.87097],[21.469569,44.871146],[21.470072,44.871228],[21.470373,44.871203],[21.470741,44.871118],[21.471425,44.870924],[21.472177,44.870743],[21.472746,44.870645],[21.473148,44.870643],[21.47355,44.870761],[21.473719,44.870951],[21.473855,44.871212],[21.473775,44.871605],[21.473844,44.871879],[21.473962,44.871985],[21.474213,44.871996],[21.474514,44.871912],[21.474781,44.871803],[21.475347,44.871408],[21.475778,44.870918],[21.47616,44.870512],[21.476428,44.870451],[21.476861,44.870223],[21.477295,44.870031],[21.477728,44.869827],[21.477944,44.869647],[21.478125,44.869182],[21.478277,44.869431],[21.478279,44.869646],[21.478197,44.869837],[21.478149,44.870122],[21.477799,44.870326],[21.477199,44.870567],[21.476648,44.870807],[21.476333,44.871202],[21.475851,44.871644],[21.475353,44.872099]]],[[[21.459811,44.87152],[21.459427,44.871688],[21.458909,44.871857],[21.458474,44.871858],[21.458104,44.871705],[21.457785,44.87148],[21.457499,44.87135],[21.457314,44.87122],[21.457093,44.870876],[21.457527,44.870612],[21.457729,44.870826],[21.457915,44.871027],[21.45815,44.871122],[21.458335,44.871276],[21.458487,44.871382],[21.458671,44.871417],[21.458839,44.871428],[21.459122,44.87126],[21.459472,44.870973],[21.45977,44.870579],[21.460069,44.870328],[21.460535,44.869957],[21.460918,44.869705],[21.46105,44.869491],[21.461551,44.86931],[21.461952,44.869166],[21.461953,44.869344],[21.461755,44.869666],[21.461573,44.869917],[21.461089,44.870205],[21.460606,44.870528],[21.460291,44.870839],[21.460092,44.871149],[21.459811,44.87152]]]]}},{"type":"Feature","properties":{"name":"Делиблатска пешчара","name_lat":"Deliblatska pescara","type":"ZP","rajac":false,"pa_type":"ZP","pa_id":"deliblatska-pescara"},"geometry":{"type":"Polygon","coordinates":[[[20.925805,45.027664],[20.931781,45.020546],[20.939613,45.014999],[20.947833,45.005936],[20.950628,44.999507],[20.953031,44.99632],[20.961433,44.991764],[20.960347,44.988036],[20.962135,44.984419],[20.964445,44.982473],[20.964359,44.979629],[20.960729,44.975701],[20.953017,44.980181],[20.947569,44.984043],[20.94513,44.983825],[20.943782,44.981389],[20.946486,44.977711],[20.944747,44.974341],[20.947145,44.971467],[20.948064,44.966151],[20.950113,44.962751],[20.952449,44.959809],[20.956372,44.954061],[20.959903,44.947601],[20.957902,44.945344],[20.961692,44.941011],[20.96509,44.936004],[20.968835,44.931461],[20.973712,44.924649],[20.980546,44.918232],[20.985942,44.911772],[20.990598,44.907012],[20.996688,44.899828],[21.001124,44.894028],[21.008386,44.887938],[21.017082,44.882743],[21.024471,44.876621],[21.028818,44.876404],[21.03645,44.871325],[21.042273,44.868943],[21.049226,44.865787],[21.059741,44.861175],[21.062953,44.857464],[21.065715,44.855169],[21.070234,44.854888],[21.074229,44.851763],[21.074442,44.848795],[21.081692,44.843905],[21.101492,44.835876],[21.106747,44.834511],[21.112521,44.832558],[21.119893,44.830046],[21.129217,44.822988],[21.133997,44.823693],[21.150492,44.819573],[21.162158,44.813003],[21.167975,44.812284],[21.168705,44.809346],[21.172651,44.807454],[21.176316,44.807603],[21.182446,44.809788],[21.190217,44.808879],[21.193738,44.809955],[21.196663,44.814278],[21.199669,44.816993],[21.205391,44.813891],[21.212717,44.810249],[21.223646,44.806425],[21.23054,44.803969],[21.233349,44.800439],[21.230134,44.799982],[21.222833,44.798327],[21.21514,44.796271],[21.210832,44.791228],[21.203059,44.790593],[21.199012,44.787879],[21.188929,44.784434],[21.188481,44.780126],[21.184606,44.77633],[21.179297,44.771886],[21.185183,44.766869],[21.193169,44.767319],[21.200557,44.770367],[21.20687,44.775982],[21.213808,44.781391],[21.221283,44.783757],[21.226626,44.784798],[21.236608,44.786472],[21.242475,44.78785],[21.248387,44.789785],[21.253383,44.790609],[21.261206,44.792526],[21.269461,44.793929],[21.275361,44.793049],[21.286466,44.792836],[21.294331,44.794207],[21.29902,44.794195],[21.305107,44.795941],[21.310809,44.798646],[21.316604,44.802309],[21.318746,44.804869],[21.322714,44.807732],[21.32473,44.811133],[21.326915,44.813477],[21.32063,44.815628],[21.327697,44.821067],[21.324505,44.825033],[21.319035,44.833562],[21.314069,44.839017],[21.309916,44.842429],[21.30651,44.847446],[21.301985,44.852992],[21.296387,44.854521],[21.288907,44.853675],[21.282372,44.850452],[21.287873,44.846728],[21.28288,44.840644],[21.276084,44.845997],[21.268771,44.852414],[21.258668,44.857692],[21.254645,44.859884],[21.250573,44.863127],[21.254198,44.866952],[21.250948,44.869278],[21.246099,44.874018],[21.242642,44.878956],[21.241873,44.882235],[21.240843,44.885359],[21.233431,44.891217],[21.23057,44.893492],[21.226279,44.897242],[21.224116,44.900183],[21.219002,44.904966],[21.223356,44.906008],[21.221196,44.91],[21.22598,44.909496],[21.231258,44.913041],[21.235312,44.915134],[21.235804,44.918247],[21.237055,44.921487],[21.238149,44.924287],[21.232971,44.925496],[21.229258,44.925559],[21.224938,44.928425],[21.220764,44.929478],[21.218452,44.931735],[21.214676,44.935809],[21.210269,44.936807],[21.207094,44.936043],[21.202919,44.936765],[21.199899,44.936166],[21.19503,44.937768],[21.188232,44.941187],[21.183133,44.943504],[21.18088,44.940815],[21.176316,44.941371],[21.173757,44.939617],[21.172282,44.938025],[21.175521,44.934393],[21.181,44.929933],[21.183072,44.924489],[21.178137,44.91988],[21.169643,44.924839],[21.16277,44.928751],[21.16069,44.932052],[21.161479,44.937437],[21.157153,44.940081],[21.150432,44.944102],[21.146026,44.946031],[21.140926,44.948895],[21.133809,44.950003],[21.129698,44.945996],[21.136421,44.942196],[21.136875,44.937689],[21.148465,44.931684],[21.152258,44.932503],[21.156895,44.930354],[21.15488,44.929092],[21.148522,44.929859],[21.14357,44.929316],[21.138005,44.931576],[21.134525,44.93213],[21.128264,44.934775],[21.122387,44.936486],[21.117286,44.938854],[21.112093,44.942311],[21.110008,44.944786],[21.106376,44.947427],[21.105917,44.950505],[21.109249,44.952535],[21.112892,44.955093],[21.115218,44.957014],[21.10973,44.960866],[21.103934,44.966423],[21.099993,44.970273],[21.093496,44.974071],[21.086457,44.978445],[21.082047,44.980537],[21.075315,44.984114],[21.070208,44.987195],[21.067266,44.987527],[21.06293,44.988397],[21.061307,44.991861],[21.059295,44.993181],[21.054727,44.995051],[21.049774,44.998681],[21.045825,45.000716],[21.041798,45.002146],[21.037694,45.004291],[21.032814,45.004842],[21.028787,45.006327],[21.023302,45.006746],[21.01788,45.009001],[21.012534,45.005484],[21.007932,45.005518],[21.00471,45.008123],[20.998444,45.01335],[20.996808,45.014388],[20.994178,45.014776],[20.992624,45.015542],[20.990883,45.015957],[20.988761,45.016168],[20.986813,45.01741],[20.983155,45.018948],[20.977187,45.024113],[20.969749,45.021749],[20.958591,45.021471],[20.955177,45.026635],[20.945484,45.033665],[20.940139,45.030585],[20.938827,45.025474],[20.929907,45.032283],[20.924098,45.029312],[20.925805,45.027664]]]}},{"type":"Feature","properties":{"name":"Национални парк Фрушка гора","name_lat":"Nacionalni park Fruska Gora","type":"NP","rajac":false,"pa_type":"NP","pa_id":"nacionalni-park-fruska-gora"},"geometry":{"type":"MultiPolygon","coordinates":[[[[19.659587,45.199111],[19.659588,45.199111],[19.659595,45.199126],[19.659587,45.199111]]],[[[19.473237,45.210912],[19.467791,45.204477],[19.46375,45.195137],[19.478128,45.187522],[19.484095,45.178565],[19.474662,45.175736],[19.468427,45.176097],[19.461266,45.180275],[19.460868,45.177827],[19.476916,45.168862],[19.484689,45.166001],[19.490991,45.155349],[19.480972,45.157085],[19.463349,45.158152],[19.451068,45.14643],[19.477822,45.147822],[19.487329,45.151102],[19.50238,45.150277],[19.496161,45.14711],[19.498317,45.140949],[19.499501,45.133817],[19.510382,45.133137],[19.511887,45.135516],[19.518107,45.143171],[19.526598,45.148579],[19.533071,45.139335],[19.527593,45.135382],[19.52801,45.130547],[19.533896,45.12686],[19.546319,45.13435],[19.552008,45.127391],[19.560766,45.134307],[19.566934,45.141903],[19.583016,45.138589],[19.597959,45.133697],[19.607157,45.126225],[19.609528,45.127178],[19.599495,45.124366],[19.597668,45.113172],[19.601662,45.119822],[19.607574,45.118587],[19.603995,45.113395],[19.609626,45.121538],[19.620587,45.124646],[19.630228,45.11035],[19.633605,45.120153],[19.649015,45.121746],[19.652824,45.123822],[19.656726,45.11896],[19.667242,45.113923],[19.680173,45.118679],[19.688577,45.121113],[19.693464,45.121025],[19.699545,45.123852],[19.706445,45.115588],[19.711788,45.117197],[19.7158,45.116275],[19.715077,45.11373],[19.724616,45.113365],[19.728662,45.11213],[19.732266,45.119728],[19.743361,45.109441],[19.751272,45.111627],[19.756861,45.111026],[19.765659,45.114054],[19.769651,45.117361],[19.77353,45.123477],[19.780194,45.123173],[19.785516,45.13061],[19.778864,45.136087],[19.782685,45.1361],[19.774838,45.141926],[19.783933,45.140629],[19.78036,45.145793],[19.775593,45.148521],[19.784664,45.147696],[19.786601,45.150359],[19.79209,45.148025],[19.800349,45.147943],[19.805066,45.140444],[19.796833,45.126448],[19.812884,45.129279],[19.826892,45.13796],[19.838947,45.137085],[19.845947,45.125524],[19.854878,45.128096],[19.862584,45.133878],[19.86828,45.134984],[19.873893,45.135668],[19.87875,45.13613],[19.885262,45.136801],[19.894586,45.135799],[19.904847,45.13444],[19.903813,45.131353],[19.914055,45.119747],[19.918317,45.1092],[19.91724,45.118717],[19.91091,45.132736],[19.920148,45.135441],[19.927239,45.141577],[19.919008,45.144716],[19.921558,45.150663],[19.93123,45.148656],[19.911691,45.153734],[19.917558,45.159685],[19.919055,45.154295],[19.925758,45.160753],[19.91936,45.161135],[19.923184,45.16956],[19.928411,45.176292],[19.921358,45.175251],[19.907403,45.175928],[19.899883,45.181061],[19.894922,45.184443],[19.887477,45.185328],[19.87836,45.180948],[19.875629,45.185248],[19.857844,45.18734],[19.853226,45.187378],[19.84444,45.194173],[19.840506,45.186963],[19.8391,45.185929],[19.83646,45.184621],[19.830651,45.18264],[19.823685,45.183979],[19.82337,45.188772],[19.8169,45.190088],[19.811912,45.182431],[19.805204,45.177563],[19.805598,45.174045],[19.802735,45.178434],[19.798454,45.186429],[19.797866,45.189863],[19.799276,45.192852],[19.788068,45.194649],[19.78287,45.195424],[19.781993,45.191271],[19.779813,45.18804],[19.77094,45.191162],[19.774125,45.183814],[19.771712,45.178186],[19.767022,45.17934],[19.762548,45.181437],[19.76057,45.185554],[19.754961,45.189608],[19.761315,45.191334],[19.750435,45.199919],[19.752283,45.196507],[19.752724,45.191849],[19.749984,45.193144],[19.74091,45.197464],[19.74328,45.191158],[19.73941,45.185933],[19.731923,45.191908],[19.730139,45.190178],[19.728417,45.187178],[19.733647,45.181362],[19.732254,45.178769],[19.727222,45.177304],[19.725649,45.183192],[19.719459,45.18206],[19.724461,45.188069],[19.722207,45.186071],[19.716269,45.187234],[19.708351,45.190621],[19.700079,45.190435],[19.694518,45.19178],[19.688866,45.191007],[19.68061,45.193879],[19.67702,45.196654],[19.673581,45.192776],[19.669682,45.188283],[19.663456,45.189534],[19.659546,45.199121],[19.65472,45.194852],[19.645217,45.191471],[19.6412,45.195932],[19.629554,45.197937],[19.624236,45.193338],[19.618876,45.191986],[19.612829,45.191047],[19.609478,45.196496],[19.607408,45.191537],[19.610885,45.184414],[19.613642,45.177516],[19.620437,45.17549],[19.613419,45.16502],[19.602682,45.156026],[19.586318,45.161625],[19.574893,45.163493],[19.581038,45.168172],[19.581685,45.172168],[19.578972,45.177435],[19.580344,45.170116],[19.576369,45.164701],[19.559842,45.170388],[19.541735,45.168479],[19.529972,45.172801],[19.519862,45.187416],[19.502695,45.197621],[19.473237,45.210912]]],[[[19.889277,45.16522],[19.889364,45.165172],[19.889624,45.165405],[19.8898,45.165571],[19.889787,45.165665],[19.889856,45.165607],[19.889929,45.16553],[19.890226,45.165755],[19.890693,45.16617],[19.890751,45.166355],[19.890743,45.166401],[19.891366,45.166658],[19.890975,45.166837],[19.891106,45.167029],[19.891365,45.167391],[19.891742,45.167935],[19.892287,45.167759],[19.89262,45.167746],[19.892575,45.167836],[19.892567,45.1679],[19.89253,45.168047],[19.892344,45.168215],[19.892195,45.168266],[19.891984,45.168387],[19.891779,45.168473],[19.891678,45.168513],[19.891706,45.168584],[19.891825,45.168694],[19.890404,45.169447],[19.890148,45.169364],[19.890001,45.169334],[19.889801,45.16944],[19.88952,45.169252],[19.889258,45.169473],[19.889124,45.169341],[19.888775,45.169482],[19.888766,45.169527],[19.88872,45.169556],[19.888526,45.169562],[19.88844,45.169581],[19.888339,45.169638],[19.888124,45.169854],[19.888412,45.170112],[19.888774,45.169916],[19.888798,45.169939],[19.888819,45.170139],[19.888936,45.170229],[19.889058,45.170202],[19.888953,45.170447],[19.889431,45.171089],[19.889689,45.171403],[19.890349,45.171177],[19.890394,45.171223],[19.890474,45.171373],[19.890458,45.171628],[19.890242,45.171859],[19.890154,45.172005],[19.889888,45.172055],[19.88967,45.172051],[19.889637,45.172076],[19.889519,45.17228],[19.889373,45.1724],[19.889152,45.172711],[19.888489,45.172606],[19.888385,45.1726],[19.888116,45.172471],[19.887814,45.172349],[19.887486,45.172269],[19.887371,45.172295],[19.887244,45.172398],[19.887256,45.172537],[19.887193,45.172643],[19.887218,45.172886],[19.887252,45.173085],[19.887277,45.173281],[19.887254,45.173463],[19.887144,45.173712],[19.887147,45.17385],[19.886395,45.173731],[19.886059,45.1737],[19.885971,45.173686],[19.885681,45.173638],[19.885197,45.173403],[19.885209,45.173222],[19.885225,45.17319],[19.885289,45.173079],[19.884751,45.172739],[19.885313,45.172414],[19.885717,45.172186],[19.885647,45.172074],[19.885925,45.171942],[19.886024,45.171822],[19.885739,45.171799],[19.885951,45.17171],[19.885929,45.171585],[19.886097,45.17159],[19.886311,45.17143],[19.886337,45.171402],[19.886222,45.171388],[19.885982,45.171264],[19.885799,45.171068],[19.885604,45.170798],[19.885368,45.170603],[19.885075,45.170415],[19.884894,45.170333],[19.884398,45.17027],[19.884453,45.170225],[19.884116,45.170229],[19.883877,45.170198],[19.883678,45.170115],[19.883545,45.170074],[19.883388,45.170065],[19.883268,45.170088],[19.883077,45.170147],[19.882995,45.169903],[19.882895,45.169652],[19.882791,45.169364],[19.883049,45.169373],[19.883251,45.169271],[19.883527,45.169064],[19.883753,45.168972],[19.884082,45.169461],[19.884535,45.169459],[19.884863,45.169523],[19.885236,45.169722],[19.885351,45.169956],[19.885595,45.169948],[19.885593,45.169557],[19.886256,45.169588],[19.886268,45.169491],[19.886288,45.169152],[19.886281,45.16912],[19.886266,45.169038],[19.886273,45.168966],[19.886389,45.168794],[19.886467,45.168544],[19.886068,45.168459],[19.885421,45.168371],[19.885292,45.168512],[19.885185,45.168462],[19.885026,45.168375],[19.885006,45.168008],[19.884937,45.167876],[19.884808,45.167729],[19.883962,45.166952],[19.884721,45.166796],[19.884368,45.166487],[19.88404,45.166395],[19.883759,45.166327],[19.88379,45.166259],[19.884141,45.16617],[19.884435,45.166087],[19.884426,45.166007],[19.884847,45.166025],[19.885151,45.166113],[19.885422,45.166218],[19.885676,45.1663],[19.885954,45.16636],[19.886326,45.166404],[19.886481,45.16642],[19.886501,45.165955],[19.886474,45.165663],[19.886494,45.165385],[19.886511,45.165264],[19.886594,45.165201],[19.886723,45.1652],[19.886698,45.165389],[19.886737,45.165764],[19.886721,45.1662],[19.886699,45.166432],[19.887148,45.166507],[19.887323,45.166567],[19.887432,45.166617],[19.887571,45.166681],[19.887673,45.16675],[19.887811,45.166851],[19.88792,45.16693],[19.887925,45.166854],[19.888003,45.166706],[19.888504,45.166526],[19.888976,45.166371],[19.888893,45.166223],[19.888769,45.165944],[19.888615,45.165595],[19.888651,45.165573],[19.888854,45.165461],[19.889138,45.165357],[19.889277,45.16522]]],[[[19.343892,45.164358],[19.342152,45.16438],[19.341698,45.165024],[19.341293,45.16579],[19.340477,45.166342],[19.339921,45.166817],[19.339565,45.167545],[19.339044,45.168299],[19.338275,45.169439],[19.337901,45.170423],[19.337321,45.170852],[19.336013,45.170424],[19.334808,45.170016],[19.33395,45.169499],[19.333254,45.168919],[19.332119,45.167778],[19.331291,45.167461],[19.32919,45.167292],[19.327945,45.167707],[19.326569,45.168414],[19.326383,45.168853],[19.323112,45.169909],[19.322236,45.169637],[19.321382,45.169341],[19.320651,45.169569],[19.31972,45.169697],[19.318989,45.169531],[19.318242,45.169728],[19.317678,45.169455],[19.316962,45.169653],[19.315726,45.169512],[19.314121,45.169324],[19.314683,45.168915],[19.315691,45.168292],[19.3164,45.167605],[19.31686,45.167292],[19.31751,45.167328],[19.317811,45.167538],[19.318041,45.167607],[19.318517,45.167482],[19.318893,45.16744],[19.319315,45.167623],[19.31972,45.167647],[19.32013,45.167282],[19.3199,45.167185],[19.319526,45.167015],[19.319219,45.166864],[19.318888,45.166718],[19.318664,45.166585],[19.318428,45.166395],[19.318274,45.166266],[19.318099,45.166119],[19.317841,45.165943],[19.317949,45.165721],[19.318275,45.164984],[19.318808,45.164847],[19.319045,45.164539],[19.319511,45.164915],[19.320003,45.165284],[19.320312,45.165502],[19.321188,45.165763],[19.321939,45.165511],[19.322211,45.164716],[19.320972,45.163477],[19.321994,45.16368],[19.323081,45.164381],[19.323318,45.165115],[19.325526,45.165426],[19.326731,45.166325],[19.329308,45.166529],[19.329941,45.165989],[19.331173,45.167019],[19.332126,45.164577],[19.333638,45.163935],[19.334264,45.162516],[19.33443,45.160714],[19.333409,45.160567],[19.332177,45.16064],[19.331584,45.160296],[19.331532,45.159363],[19.33056,45.159312],[19.329576,45.159171],[19.329668,45.15871],[19.332372,45.158794],[19.33418,45.158735],[19.334347,45.158422],[19.334364,45.157784],[19.334719,45.157246],[19.335359,45.157242],[19.336081,45.157369],[19.335832,45.156878],[19.334577,45.156514],[19.333732,45.157187],[19.332649,45.157041],[19.332201,45.156503],[19.331102,45.155797],[19.331558,45.155563],[19.333382,45.156057],[19.334329,45.156265],[19.335646,45.156213],[19.336525,45.156318],[19.337392,45.15623],[19.338261,45.156095],[19.339431,45.155298],[19.339745,45.152569],[19.340235,45.150346],[19.33897,45.148971],[19.33677,45.148429],[19.335748,45.14802],[19.336056,45.146686],[19.336936,45.14493],[19.335874,45.14458],[19.335301,45.14438],[19.334696,45.144199],[19.332858,45.143694],[19.331913,45.143434],[19.331007,45.143098],[19.329599,45.142695],[19.328619,45.142356],[19.328986,45.141259],[19.328462,45.139293],[19.329448,45.137581],[19.330331,45.136166],[19.332184,45.135358],[19.332805,45.135512],[19.33754,45.13622],[19.339875,45.136522],[19.340961,45.136641],[19.342939,45.136904],[19.344569,45.137107],[19.345681,45.134442],[19.345746,45.132647],[19.34582,45.131392],[19.344718,45.131439],[19.34524,45.130816],[19.344621,45.130396],[19.344791,45.129884],[19.344769,45.129226],[19.344742,45.128449],[19.344729,45.127846],[19.345024,45.127274],[19.345213,45.12684],[19.345206,45.126016],[19.344998,45.125379],[19.344968,45.124732],[19.344903,45.124223],[19.344652,45.123923],[19.344592,45.123576],[19.344734,45.123087],[19.344868,45.122514],[19.345238,45.122176],[19.34578,45.122148],[19.346359,45.122099],[19.346284,45.12139],[19.346787,45.121516],[19.346839,45.122266],[19.346821,45.123252],[19.346876,45.124326],[19.346847,45.124871],[19.346533,45.125516],[19.346449,45.12666],[19.346207,45.127927],[19.346431,45.128386],[19.346534,45.129161],[19.346548,45.12982],[19.346836,45.130134],[19.347606,45.130104],[19.348097,45.129978],[19.347655,45.12843],[19.348235,45.125447],[19.349965,45.126732],[19.349529,45.127635],[19.348888,45.128764],[19.348817,45.12963],[19.349592,45.130259],[19.352596,45.130923],[19.355128,45.131271],[19.354405,45.130719],[19.35409,45.129732],[19.353834,45.12673],[19.353346,45.123333],[19.353472,45.119322],[19.354165,45.114219],[19.356295,45.112842],[19.365553,45.114186],[19.365482,45.116457],[19.366072,45.116577],[19.366417,45.118542],[19.367152,45.119371],[19.369361,45.119736],[19.371462,45.120056],[19.373889,45.1178],[19.377386,45.117948],[19.381571,45.120773],[19.381574,45.122981],[19.381292,45.125252],[19.384254,45.12659],[19.385943,45.127627],[19.385074,45.130448],[19.384688,45.131921],[19.384586,45.1323],[19.384238,45.133486],[19.383914,45.134788],[19.382429,45.138878],[19.381287,45.142233],[19.381683,45.142569],[19.384193,45.14358],[19.386287,45.143567],[19.385968,45.144673],[19.372635,45.145368],[19.372866,45.1543],[19.371458,45.155778],[19.370803,45.156999],[19.369933,45.156563],[19.369262,45.156418],[19.368448,45.158036],[19.367432,45.158282],[19.366907,45.158961],[19.367172,45.161684],[19.36767,45.16192],[19.368292,45.162413],[19.368611,45.162856],[19.366967,45.163267],[19.36751,45.16436],[19.36833,45.165614],[19.368079,45.167762],[19.368,45.168486],[19.368166,45.169527],[19.367773,45.170478],[19.366928,45.171966],[19.365155,45.173696],[19.36355,45.175257],[19.359898,45.170205],[19.349359,45.164804],[19.34845,45.167882],[19.346795,45.168058],[19.345892,45.167924],[19.344991,45.168108],[19.344652,45.167714],[19.344405,45.166545],[19.344681,45.164945],[19.343927,45.164937],[19.343926,45.164421],[19.343892,45.164358]]],[[[19.343892,45.164358],[19.343972,45.164276],[19.344062,45.164139],[19.344191,45.16394],[19.344252,45.163882],[19.34432,45.163816],[19.34373,45.163623],[19.342431,45.163384],[19.342364,45.162955],[19.34249,45.162665],[19.342547,45.162526],[19.342601,45.162395],[19.342643,45.162229],[19.342699,45.162007],[19.342712,45.161955],[19.342718,45.161799],[19.342724,45.161614],[19.342725,45.161569],[19.342712,45.161461],[19.342693,45.161328],[19.34265,45.161225],[19.342617,45.161101],[19.342514,45.160937],[19.34244,45.160806],[19.342361,45.160695],[19.342255,45.160581],[19.342091,45.160374],[19.341896,45.160129],[19.341816,45.159944],[19.341738,45.159771],[19.341637,45.1596],[19.341224,45.159033],[19.341308,45.15892],[19.3418,45.158732],[19.341979,45.158652],[19.342316,45.158524],[19.342311,45.158482],[19.342713,45.158402],[19.34299,45.158421],[19.343141,45.158373],[19.343492,45.158194],[19.34345,45.158128],[19.343797,45.157872],[19.344,45.157758],[19.344196,45.157642],[19.344151,45.157589],[19.344639,45.157264],[19.344934,45.157063],[19.345199,45.156956],[19.345514,45.156876],[19.34607,45.156837],[19.346059,45.156667],[19.346444,45.156648],[19.346697,45.156645],[19.347286,45.156639],[19.347845,45.156968],[19.34866,45.157476],[19.349625,45.15841],[19.349829,45.158681],[19.349819,45.158846],[19.349747,45.160061],[19.349549,45.16018],[19.349203,45.160222],[19.348977,45.160371],[19.348818,45.16067],[19.347738,45.161582],[19.347257,45.162369],[19.347198,45.162465],[19.347104,45.162773],[19.346167,45.16283],[19.345548,45.163082],[19.345305,45.163151],[19.345313,45.163434],[19.34493,45.163631],[19.344878,45.163969],[19.345099,45.164285],[19.344009,45.164347],[19.343892,45.164358]]],[[[19.435777,45.17317],[19.434895,45.17253],[19.433349,45.171902],[19.431445,45.171065],[19.430383,45.170352],[19.42934,45.169403],[19.428262,45.168852],[19.427223,45.168384],[19.42584,45.167683],[19.42462,45.167491],[19.423721,45.167334],[19.422776,45.167391],[19.421572,45.167322],[19.420926,45.167092],[19.420549,45.166779],[19.419941,45.166527],[19.419404,45.166224],[19.419097,45.166051],[19.418575,45.165655],[19.419365,45.164955],[19.420278,45.164132],[19.419018,45.162821],[19.417557,45.161663],[19.41781,45.160236],[19.415748,45.159757],[19.415763,45.158893],[19.415893,45.157925],[19.41425,45.158004],[19.412345,45.15805],[19.410777,45.158095],[19.407855,45.158191],[19.405766,45.158229],[19.403738,45.158305],[19.402154,45.158332],[19.401331,45.157845],[19.39947,45.154278],[19.397539,45.15426],[19.396879,45.153804],[19.396456,45.153367],[19.396472,45.152519],[19.396409,45.152004],[19.395751,45.151825],[19.395068,45.151281],[19.394188,45.151249],[19.393367,45.151103],[19.393466,45.15084],[19.391931,45.149916],[19.390056,45.150083],[19.389052,45.150334],[19.388637,45.150395],[19.387855,45.150111],[19.386703,45.151286],[19.385464,45.149891],[19.385838,45.147523],[19.387164,45.144335],[19.391772,45.140572],[19.393141,45.140587],[19.397836,45.141364],[19.39843,45.142234],[19.398737,45.142842],[19.399552,45.143777],[19.401285,45.143575],[19.401588,45.142921],[19.401227,45.141094],[19.403063,45.140365],[19.402877,45.138672],[19.401597,45.137559],[19.400821,45.136655],[19.400122,45.134608],[19.399038,45.13268],[19.399582,45.13181],[19.402016,45.131337],[19.405263,45.130889],[19.406729,45.130639],[19.407328,45.13062],[19.408251,45.130586],[19.412436,45.129924],[19.41297,45.129807],[19.414158,45.129775],[19.412865,45.13109],[19.41487,45.131572],[19.415397,45.132042],[19.416853,45.133097],[19.416932,45.135326],[19.416691,45.135987],[19.415923,45.136775],[19.416596,45.137291],[19.416708,45.138196],[19.416384,45.140224],[19.416842,45.141397],[19.417547,45.142055],[19.417544,45.143127],[19.416916,45.144047],[19.41724,45.145014],[19.418417,45.146434],[19.419353,45.146319],[19.420703,45.146109],[19.420328,45.1449],[19.421082,45.145197],[19.422433,45.146742],[19.422006,45.145386],[19.422362,45.145993],[19.423117,45.147464],[19.423536,45.146507],[19.424457,45.144869],[19.424043,45.144819],[19.429579,45.14468],[19.428359,45.146599],[19.426861,45.147534],[19.425231,45.149225],[19.425095,45.149656],[19.424933,45.150409],[19.424679,45.152626],[19.424113,45.152967],[19.423612,45.153704],[19.421888,45.154414],[19.421096,45.153715],[19.421071,45.155456],[19.422016,45.1563],[19.423258,45.156834],[19.424195,45.156652],[19.425604,45.156338],[19.427338,45.156498],[19.428529,45.15635],[19.429904,45.155038],[19.430515,45.155074],[19.432766,45.154716],[19.434539,45.154004],[19.435763,45.153053],[19.436807,45.152322],[19.43684,45.151718],[19.436808,45.151079],[19.436993,45.150665],[19.437272,45.149907],[19.437992,45.148449],[19.438253,45.147549],[19.438306,45.146177],[19.43819,45.145266],[19.438087,45.143769],[19.437864,45.141879],[19.438195,45.140781],[19.440471,45.141051],[19.442116,45.141807],[19.445368,45.143456],[19.446526,45.144525],[19.446685,45.144817],[19.447181,45.145174],[19.447672,45.145585],[19.448097,45.146138],[19.448774,45.146848],[19.44938,45.147504],[19.44983,45.147917],[19.450269,45.148467],[19.450876,45.149057],[19.451216,45.149319],[19.451933,45.149831],[19.452365,45.150249],[19.452819,45.150762],[19.45439,45.151593],[19.454882,45.151864],[19.455741,45.152268],[19.456319,45.152678],[19.456819,45.15316],[19.457177,45.153631],[19.457656,45.15399],[19.458206,45.154263],[19.4588,45.154744],[19.459346,45.155065],[19.459776,45.155677],[19.460294,45.156262],[19.460712,45.156834],[19.460995,45.158142],[19.460971,45.158909],[19.460622,45.159775],[19.460332,45.160624],[19.459811,45.161035],[19.458902,45.160898],[19.457659,45.161077],[19.45638,45.160128],[19.45538,45.159647],[19.45477,45.160028],[19.454143,45.160584],[19.454259,45.160873],[19.455428,45.160957],[19.455711,45.161762],[19.454772,45.162083],[19.453546,45.16211],[19.452333,45.162181],[19.449927,45.16232],[19.447446,45.162492],[19.446841,45.162075],[19.446476,45.162425],[19.444559,45.162686],[19.443293,45.162789],[19.442186,45.163082],[19.441393,45.163511],[19.441009,45.164026],[19.440695,45.164545],[19.440488,45.165025],[19.440217,45.165478],[19.439716,45.166423],[19.435777,45.17317]]],[[[19.295998,45.153309],[19.295415,45.153157],[19.29507,45.15316],[19.294604,45.153041],[19.294395,45.15295],[19.294097,45.152805],[19.293888,45.152706],[19.293328,45.152342],[19.293059,45.152174],[19.292878,45.152079],[19.2924,45.151818],[19.292109,45.151428],[19.291987,45.151127],[19.291625,45.150862],[19.291394,45.150798],[19.291009,45.151017],[19.290603,45.151031],[19.290181,45.150988],[19.289765,45.150989],[19.290164,45.150867],[19.290914,45.150786],[19.291363,45.150643],[19.292605,45.150629],[19.292934,45.150564],[19.293176,45.149638],[19.293253,45.148551],[19.293346,45.146964],[19.294747,45.147214],[19.295442,45.146539],[19.29571,45.145629],[19.296813,45.145792],[19.297873,45.145861],[19.298419,45.14636],[19.299193,45.146435],[19.298951,45.147218],[19.298845,45.147499],[19.298965,45.148156],[19.299617,45.14904],[19.300098,45.148421],[19.300377,45.147809],[19.301004,45.147102],[19.301301,45.146237],[19.301349,45.145878],[19.301086,45.144083],[19.301167,45.143647],[19.30149,45.143278],[19.302074,45.142791],[19.302239,45.142551],[19.302579,45.142527],[19.302662,45.142389],[19.302896,45.142241],[19.303145,45.141981],[19.303393,45.141758],[19.303643,45.14173],[19.304837,45.141315],[19.305256,45.141447],[19.30581,45.141583],[19.305924,45.141291],[19.306095,45.141107],[19.306078,45.140923],[19.306025,45.140794],[19.306089,45.140553],[19.306056,45.140384],[19.306489,45.140383],[19.306913,45.139925],[19.307308,45.139688],[19.307525,45.139374],[19.307868,45.139086],[19.30822,45.138673],[19.308472,45.13841],[19.308698,45.13815],[19.308918,45.137606],[19.308972,45.137162],[19.309146,45.136895],[19.309361,45.136613],[19.309427,45.136305],[19.309634,45.136044],[19.309856,45.13581],[19.310119,45.135571],[19.31027,45.135198],[19.310485,45.134777],[19.308479,45.134214],[19.307667,45.134298],[19.30562,45.134636],[19.304621,45.134784],[19.304878,45.133116],[19.304925,45.13277],[19.305024,45.132356],[19.305068,45.132143],[19.305068,45.132026],[19.305142,45.131928],[19.305293,45.131693],[19.304645,45.131564],[19.305691,45.129857],[19.305205,45.129149],[19.306803,45.127915],[19.307568,45.128015],[19.30893,45.128494],[19.309281,45.128993],[19.309897,45.129571],[19.310275,45.129516],[19.310748,45.129484],[19.311332,45.129258],[19.311673,45.12895],[19.311891,45.128882],[19.312189,45.128634],[19.312673,45.128389],[19.313236,45.128372],[19.313763,45.128227],[19.314424,45.128095],[19.314805,45.127969],[19.315227,45.127954],[19.316008,45.127866],[19.316866,45.127871],[19.317767,45.128141],[19.318857,45.128466],[19.320933,45.1284],[19.32193,45.12881],[19.321958,45.129731],[19.321581,45.130109],[19.32171,45.130655],[19.321647,45.131101],[19.322041,45.132053],[19.322174,45.133],[19.322591,45.134012],[19.322644,45.134617],[19.322873,45.135353],[19.3226,45.136124],[19.322788,45.136282],[19.322935,45.13643],[19.323149,45.13669],[19.32331,45.136885],[19.323441,45.137044],[19.323548,45.137174],[19.323654,45.137339],[19.32377,45.137518],[19.323914,45.13774],[19.324043,45.137863],[19.324199,45.13802],[19.32433,45.138194],[19.324575,45.13852],[19.324681,45.138781],[19.324714,45.139158],[19.324811,45.139483],[19.32496,45.139634],[19.325122,45.139799],[19.32521,45.139977],[19.325338,45.140237],[19.325435,45.140417],[19.32555,45.14058],[19.325756,45.140779],[19.325922,45.141033],[19.326418,45.141789],[19.326068,45.142194],[19.325562,45.14275],[19.325103,45.143248],[19.324775,45.143455],[19.324194,45.143479],[19.323663,45.143664],[19.323077,45.143817],[19.322396,45.143939],[19.321675,45.144111],[19.321181,45.144284],[19.320212,45.144364],[19.319917,45.144238],[19.319068,45.143876],[19.318926,45.143554],[19.318639,45.143168],[19.318326,45.14284],[19.317321,45.142674],[19.316292,45.144334],[19.315062,45.147038],[19.314865,45.148116],[19.31416,45.148681],[19.313524,45.149127],[19.312373,45.149672],[19.311807,45.150129],[19.310376,45.151124],[19.309639,45.151419],[19.308992,45.151901],[19.308116,45.152481],[19.3059,45.152675],[19.305745,45.152804],[19.30541,45.15275],[19.304391,45.15256],[19.303759,45.152359],[19.303387,45.152201],[19.303169,45.152084],[19.303066,45.151851],[19.302787,45.151598],[19.303113,45.150604],[19.302661,45.150404],[19.302142,45.150734],[19.301763,45.151315],[19.301545,45.151321],[19.300743,45.151687],[19.299811,45.152429],[19.299158,45.152639],[19.297599,45.152594],[19.297296,45.152379],[19.296123,45.152423],[19.295249,45.152799],[19.296133,45.153228],[19.295998,45.153309]]],[[[19.205657,45.192429],[19.205636,45.192465],[19.204571,45.192817],[19.203668,45.193409],[19.202787,45.193812],[19.202393,45.194155],[19.201608,45.1946],[19.201061,45.194795],[19.200682,45.195066],[19.199857,45.195719],[19.198867,45.196724],[19.198654,45.196834],[19.197031,45.197234],[19.196164,45.197553],[19.196116,45.197508],[19.194974,45.196486],[19.194519,45.196082],[19.193452,45.195132],[19.19339,45.195084],[19.191892,45.193737],[19.190576,45.19256],[19.190501,45.192488],[19.19124,45.192093],[19.193965,45.190637],[19.194331,45.190421],[19.197189,45.188773],[19.199207,45.187736],[19.200295,45.187171],[19.200356,45.187136],[19.200971,45.187471],[19.203647,45.186274],[19.20466,45.185819],[19.207038,45.184764],[19.206679,45.184414],[19.206837,45.183983],[19.206919,45.183961],[19.208183,45.183552],[19.208928,45.183604],[19.209476,45.183518],[19.210116,45.183361],[19.211359,45.182876],[19.211742,45.182673],[19.212146,45.182037],[19.21266,45.181833],[19.212832,45.181719],[19.213358,45.181368],[19.215884,45.180085],[19.215973,45.180129],[19.217842,45.179412],[19.217959,45.179544],[19.218872,45.179273],[19.220892,45.178686],[19.223015,45.177686],[19.223122,45.177928],[19.224275,45.177858],[19.224755,45.177775],[19.225078,45.177661],[19.225351,45.177532],[19.225579,45.17736],[19.225767,45.177353],[19.225766,45.177289],[19.225547,45.176767],[19.225396,45.176619],[19.225611,45.176523],[19.226808,45.176004],[19.227256,45.175778],[19.227665,45.17571],[19.228058,45.175516],[19.228344,45.175376],[19.228715,45.175132],[19.228916,45.174835],[19.229078,45.174183],[19.229172,45.173971],[19.229473,45.173238],[19.229647,45.172969],[19.229756,45.172814],[19.229837,45.172699],[19.229875,45.17264],[19.229897,45.1726],[19.230194,45.17225],[19.230288,45.172135],[19.230427,45.172206],[19.230537,45.172136],[19.230681,45.172048],[19.230992,45.171891],[19.231029,45.171873],[19.23124,45.171807],[19.231298,45.171789],[19.231477,45.171763],[19.231842,45.171704],[19.231987,45.171678],[19.232132,45.171659],[19.23226,45.171568],[19.232472,45.171426],[19.232549,45.171337],[19.23286,45.170975],[19.233122,45.170663],[19.233282,45.170475],[19.233342,45.170402],[19.233373,45.170379],[19.233406,45.170292],[19.23347,45.170174],[19.233499,45.170093],[19.233511,45.170036],[19.233538,45.169932],[19.23357,45.169754],[19.233589,45.169683],[19.233707,45.16934],[19.233763,45.169186],[19.233396,45.168852],[19.234901,45.16771],[19.235042,45.167605],[19.234691,45.166997],[19.235104,45.166797],[19.236038,45.167171],[19.24022,45.168846],[19.24136,45.169296],[19.240633,45.170631],[19.239977,45.171832],[19.239661,45.17247],[19.238917,45.173929],[19.238666,45.174429],[19.238374,45.174838],[19.237857,45.175237],[19.237743,45.175355],[19.237698,45.175401],[19.237646,45.175441],[19.237289,45.175773],[19.236735,45.176295],[19.236208,45.177013],[19.235838,45.177561],[19.235295,45.178379],[19.235054,45.178563],[19.234995,45.178609],[19.234861,45.178722],[19.234557,45.17896],[19.234195,45.179247],[19.233734,45.179461],[19.233435,45.179561],[19.233084,45.179703],[19.232759,45.179902],[19.232427,45.180421],[19.23219,45.180779],[19.232169,45.1808],[19.232142,45.180818],[19.231833,45.181001],[19.231202,45.181632],[19.230643,45.182087],[19.230549,45.182178],[19.230449,45.182374],[19.23039,45.18254],[19.230341,45.182691],[19.230072,45.183122],[19.229889,45.183284],[19.229438,45.183519],[19.22881,45.183786],[19.228646,45.183869],[19.228388,45.183946],[19.228184,45.184126],[19.227968,45.184365],[19.227827,45.184465],[19.227605,45.184576],[19.227498,45.184667],[19.227369,45.184715],[19.22728,45.184764],[19.226874,45.184929],[19.226509,45.185004],[19.225485,45.185159],[19.225173,45.185228],[19.225064,45.185269],[19.22421,45.185368],[19.222172,45.185648],[19.22083,45.185762],[19.220445,45.185823],[19.219559,45.185954],[19.219294,45.186034],[19.218973,45.18609],[19.218695,45.186138],[19.218488,45.186197],[19.217699,45.186584],[19.217546,45.186651],[19.217308,45.186721],[19.21658,45.187078],[19.215888,45.187372],[19.215211,45.187504],[19.214787,45.187624],[19.214657,45.187684],[19.21452,45.187781],[19.214455,45.187797],[19.214392,45.187775],[19.213932,45.187958],[19.213249,45.188494],[19.212964,45.188692],[19.212657,45.189142],[19.212578,45.189305],[19.21208,45.189842],[19.211828,45.190059],[19.211616,45.19017],[19.211066,45.19043],[19.210801,45.190504],[19.210478,45.190721],[19.210259,45.190938],[19.210053,45.191066],[19.209648,45.191226],[19.208888,45.191443],[19.208492,45.191608],[19.20803,45.191738],[19.207895,45.191751],[19.207271,45.191696],[19.206569,45.191899],[19.205876,45.192202],[19.205657,45.192429]]],[[[19.992706,45.174998],[19.992144,45.175141],[19.991612,45.175228],[19.99106,45.175345],[19.990633,45.175446],[19.990302,45.175511],[19.989774,45.175628],[19.989184,45.175754],[19.988599,45.175888],[19.987989,45.176021],[19.987471,45.176118],[19.987379,45.176043],[19.98692,45.175659],[19.98615,45.17499],[19.986037,45.17489],[19.986333,45.174781],[19.986808,45.174511],[19.987276,45.174386],[19.987866,45.174265],[19.98823,45.174172],[19.988565,45.174073],[19.988792,45.173996],[19.988918,45.173982],[19.989152,45.173921],[19.989479,45.173861],[19.990094,45.173765],[19.990152,45.173757],[19.990174,45.173727],[19.990242,45.173713],[19.990565,45.173677],[19.990718,45.173729],[19.99098,45.173734],[19.99105,45.173852],[19.991528,45.173795],[19.991883,45.173763],[19.991937,45.17375],[19.992252,45.173753],[19.992433,45.173694],[19.99257,45.173632],[19.992787,45.173517],[19.992754,45.173387],[19.992705,45.173288],[19.993096,45.173256],[19.993496,45.173156],[19.993827,45.173095],[19.993985,45.173066],[19.994432,45.172966],[19.994774,45.17287],[19.995253,45.17275],[19.99526,45.172775],[19.995526,45.172686],[19.995728,45.17261],[19.995907,45.172467],[19.99622,45.172355],[19.996312,45.172262],[19.996439,45.172162],[19.996775,45.172033],[19.996758,45.171975],[19.996895,45.17194],[19.997294,45.17183],[19.997399,45.171813],[19.997813,45.171697],[19.998155,45.171599],[19.998231,45.1716],[19.998648,45.171489],[19.999145,45.171387],[19.999519,45.171289],[19.99934,45.170909],[19.999223,45.170648],[19.999014,45.170345],[19.998954,45.170212],[19.998768,45.169926],[19.998576,45.169695],[19.998587,45.169631],[19.998567,45.169549],[19.998546,45.169423],[19.998533,45.169248],[19.998624,45.169163],[19.99898,45.168822],[19.999151,45.168634],[19.999365,45.168388],[19.999425,45.168327],[19.999653,45.168053],[19.999206,45.167843],[19.999563,45.167743],[19.999619,45.167673],[19.999689,45.167564],[19.999759,45.167462],[19.999802,45.167314],[19.999869,45.167112],[19.999939,45.167051],[20.000044,45.167033],[20.000135,45.16704],[20.000185,45.167008],[20.000455,45.16694],[20.000394,45.166788],[20.000468,45.166679],[20.000532,45.166661],[20.000571,45.166529],[20.000625,45.166327],[20.000718,45.165945],[20.0007,45.165896],[20.000746,45.165861],[20.000734,45.165803],[20.000725,45.165755],[20.000604,45.165702],[20.000638,45.165548],[20.000698,45.165481],[20.000853,45.165512],[20.000859,45.16564],[20.000951,45.165599],[20.001069,45.165639],[20.001467,45.165504],[20.0017,45.165432],[20.001781,45.165398],[20.002106,45.165331],[20.0024,45.165268],[20.00352,45.165418],[20.004128,45.165182],[20.004853,45.165048],[20.005183,45.16514],[20.006061,45.165256],[20.006309,45.165275],[20.006815,45.165432],[20.007169,45.165488],[20.00761,45.165427],[20.007847,45.16533],[20.00794,45.165285],[20.007996,45.16522],[20.008314,45.165165],[20.008672,45.165187],[20.009064,45.165198],[20.009482,45.165081],[20.009588,45.165053],[20.01013,45.165091],[20.010412,45.164956],[20.010962,45.165096],[20.011377,45.164998],[20.011637,45.164933],[20.012004,45.164842],[20.011879,45.164361],[20.012673,45.164199],[20.012981,45.164131],[20.0132,45.164085],[20.013611,45.164007],[20.014758,45.163765],[20.015584,45.163724],[20.016165,45.163688],[20.017628,45.164106],[20.018574,45.164414],[20.019086,45.164594],[20.019494,45.164487],[20.01983,45.164391],[20.020326,45.164313],[20.020719,45.164249],[20.021174,45.16417],[20.021552,45.164212],[20.021661,45.164225],[20.02191,45.164242],[20.022261,45.164267],[20.02258,45.164182],[20.022792,45.164117],[20.022881,45.163917],[20.023455,45.163825],[20.023654,45.163793],[20.024033,45.163758],[20.024143,45.163913],[20.024392,45.163713],[20.024688,45.16358],[20.024842,45.163555],[20.025247,45.163373],[20.025514,45.16336],[20.025582,45.163356],[20.025624,45.16327],[20.025773,45.163155],[20.0259,45.16311],[20.025979,45.16308],[20.026253,45.162988],[20.026548,45.16292],[20.026702,45.162881],[20.026846,45.162831],[20.026992,45.162847],[20.027214,45.162873],[20.027429,45.16286],[20.027577,45.162796],[20.027738,45.162735],[20.027861,45.162714],[20.027992,45.162667],[20.0282,45.162635],[20.028293,45.162605],[20.028443,45.162587],[20.028562,45.162626],[20.028589,45.162609],[20.028781,45.162604],[20.028852,45.162597],[20.029109,45.162578],[20.029256,45.16255],[20.029413,45.162508],[20.02957,45.162497],[20.029932,45.162493],[20.030079,45.162489],[20.030175,45.162459],[20.03024,45.162411],[20.030635,45.16225],[20.030804,45.162189],[20.031094,45.162134],[20.031268,45.162142],[20.031425,45.162141],[20.031565,45.16215],[20.031661,45.162095],[20.032063,45.161975],[20.032251,45.161933],[20.032374,45.161932],[20.032578,45.161934],[20.032732,45.161945],[20.032895,45.161975],[20.033138,45.161905],[20.033371,45.161858],[20.033665,45.16183],[20.033989,45.161593],[20.034075,45.161563],[20.034155,45.161508],[20.034305,45.161492],[20.034293,45.161408],[20.034584,45.161355],[20.034826,45.161349],[20.034983,45.161356],[20.035143,45.161364],[20.035245,45.16137],[20.035537,45.161425],[20.035657,45.161443],[20.035675,45.161376],[20.035846,45.161315],[20.036055,45.161292],[20.036539,45.161311],[20.037119,45.161272],[20.037259,45.161269],[20.037494,45.161333],[20.03767,45.161366],[20.037748,45.161408],[20.03798,45.161419],[20.038103,45.161411],[20.038339,45.161336],[20.038497,45.161289],[20.038757,45.161247],[20.039129,45.161212],[20.03927,45.161167],[20.03943,45.160978],[20.039627,45.160806],[20.039824,45.160684],[20.040023,45.160604],[20.040252,45.160577],[20.040385,45.160593],[20.040625,45.160534],[20.040857,45.160329],[20.040888,45.1603],[20.040982,45.160166],[20.041111,45.159993],[20.04181,45.159815],[20.042049,45.159825],[20.042508,45.159894],[20.04261,45.159911],[20.042667,45.159975],[20.042793,45.159973],[20.043096,45.159826],[20.043379,45.159802],[20.043721,45.159786],[20.043884,45.159787],[20.044044,45.159812],[20.044755,45.159924],[20.045015,45.160096],[20.045393,45.160128],[20.04569,45.160116],[20.04575,45.159991],[20.045809,45.159931],[20.045885,45.159861],[20.046079,45.159689],[20.046293,45.159569],[20.046695,45.159466],[20.047027,45.159447],[20.047462,45.15956],[20.047898,45.159824],[20.047998,45.159839],[20.048031,45.159912],[20.048031,45.160704],[20.048041,45.162124],[20.048078,45.162498],[20.048064,45.162546],[20.047988,45.163019],[20.047908,45.163467],[20.0478,45.164119],[20.047489,45.165849],[20.046442,45.166076],[20.045542,45.166259],[20.044687,45.166303],[20.044136,45.166462],[20.043221,45.166533],[20.042315,45.166753],[20.041282,45.166787],[20.040092,45.167085],[20.039418,45.167209],[20.038875,45.167423],[20.038615,45.167453],[20.037918,45.16755],[20.037686,45.16757],[20.037116,45.16762],[20.036684,45.167717],[20.036289,45.167761],[20.035369,45.16765],[20.034699,45.167561],[20.033647,45.167468],[20.032715,45.167321],[20.032307,45.16728],[20.031756,45.167154],[20.03131,45.167113],[20.03077,45.16709],[20.030335,45.167123],[20.029517,45.16721],[20.02857,45.167299],[20.02647,45.167989],[20.02468,45.168589],[20.023301,45.169055],[20.022536,45.169053],[20.021511,45.169205],[20.020152,45.169419],[20.017205,45.169865],[20.016241,45.169909],[20.015881,45.170027],[20.014836,45.170307],[20.014332,45.170538],[20.01378,45.170646],[20.013078,45.170729],[20.012277,45.170993],[20.011573,45.17118],[20.011244,45.171296],[20.010677,45.171481],[20.009902,45.171624],[20.009201,45.171832],[20.00819,45.172158],[20.007843,45.172235],[20.007684,45.172269],[20.006817,45.172594],[20.006248,45.172803],[20.005851,45.172912],[20.005109,45.173166],[20.00438,45.173402],[20.003838,45.173537],[20.003343,45.173641],[20.002844,45.173901],[20.002354,45.174055],[20.001891,45.17419],[20.001559,45.174364],[20.001056,45.174537],[20.00046,45.174727],[20.000089,45.174864],[19.999481,45.174961],[19.998971,45.175026],[19.998698,45.175141],[19.998468,45.175228],[19.998112,45.175342],[19.996974,45.175785],[19.996465,45.175994],[19.996362,45.175757],[19.996081,45.175189],[19.995783,45.174798],[19.995224,45.174984],[19.994581,45.175095],[19.994401,45.17472],[19.994362,45.174662],[19.993747,45.17478],[19.993172,45.1749],[19.992706,45.174998]]],[[[19.286982,45.150944],[19.286838,45.151017],[19.286124,45.150943],[19.285737,45.150897],[19.285484,45.150864],[19.285354,45.150842],[19.284804,45.150767],[19.284698,45.150756],[19.284417,45.150712],[19.284279,45.150692],[19.284205,45.15068],[19.284108,45.150669],[19.283064,45.150547],[19.281593,45.150371],[19.281006,45.150299],[19.280407,45.1502],[19.27877,45.149952],[19.278285,45.149884],[19.278164,45.149856],[19.27822,45.149325],[19.278001,45.149278],[19.277175,45.149121],[19.276212,45.148933],[19.274991,45.148697],[19.274675,45.148603],[19.273786,45.148386],[19.273485,45.148312],[19.272791,45.148137],[19.272507,45.148066],[19.272036,45.147949],[19.271642,45.147848],[19.270956,45.147675],[19.270233,45.147502],[19.269559,45.147341],[19.269056,45.147215],[19.268625,45.147104],[19.268037,45.146948],[19.267254,45.146748],[19.266734,45.146612],[19.266466,45.146548],[19.26634,45.146514],[19.266101,45.146455],[19.265618,45.146323],[19.265269,45.146237],[19.264798,45.146108],[19.264413,45.145984],[19.263976,45.145844],[19.263514,45.145695],[19.263328,45.145643],[19.263214,45.145601],[19.262692,45.145431],[19.262461,45.145352],[19.262052,45.145218],[19.261841,45.145149],[19.26172,45.145103],[19.261448,45.145021],[19.261032,45.144876],[19.260234,45.144618],[19.259477,45.14436],[19.259031,45.144211],[19.25825,45.143948],[19.257914,45.143836],[19.257699,45.143763],[19.257574,45.143706],[19.25698,45.143457],[19.256338,45.143183],[19.256023,45.143048],[19.255567,45.142865],[19.255454,45.142817],[19.255324,45.142763],[19.255203,45.142706],[19.255086,45.142663],[19.254933,45.142595],[19.254901,45.14258],[19.254724,45.142464],[19.254624,45.142407],[19.254531,45.142345],[19.254347,45.142227],[19.254239,45.142156],[19.255044,45.14178],[19.25521,45.141696],[19.255477,45.141651],[19.256154,45.141574],[19.257771,45.141393],[19.260698,45.141056],[19.261468,45.140995],[19.264624,45.140791],[19.266919,45.140649],[19.268492,45.140552],[19.270205,45.140447],[19.271367,45.140586],[19.27247,45.140765],[19.27295,45.140853],[19.273424,45.140852],[19.275225,45.140656],[19.276329,45.140543],[19.276801,45.140495],[19.277724,45.140402],[19.277798,45.140391],[19.278471,45.140317],[19.279226,45.140233],[19.279624,45.140193],[19.279784,45.140184],[19.279878,45.140188],[19.280391,45.140251],[19.280666,45.140235],[19.281036,45.140145],[19.281722,45.140065],[19.28286,45.140033],[19.283634,45.139851],[19.284277,45.139695],[19.285323,45.139453],[19.286042,45.139482],[19.286175,45.139641],[19.286378,45.139662],[19.286911,45.139461],[19.287619,45.139404],[19.288439,45.139031],[19.289149,45.138547],[19.28999,45.137557],[19.291003,45.136824],[19.291719,45.136966],[19.292047,45.136936],[19.292569,45.136984],[19.292956,45.137064],[19.293554,45.13717],[19.2929,45.138489],[19.29363,45.138522],[19.294475,45.138557],[19.295001,45.138592],[19.294611,45.138957],[19.294462,45.139231],[19.294482,45.139296],[19.2946,45.139551],[19.294433,45.139737],[19.294448,45.140188],[19.294424,45.140389],[19.29436,45.140542],[19.294323,45.140736],[19.294181,45.140878],[19.294037,45.140885],[19.293906,45.141155],[19.293818,45.141278],[19.293718,45.141562],[19.293534,45.14198],[19.293448,45.142157],[19.293326,45.142218],[19.293295,45.142309],[19.293034,45.142594],[19.294059,45.142967],[19.293577,45.143823],[19.293282,45.144421],[19.293204,45.144564],[19.293097,45.144721],[19.293181,45.144747],[19.29296,45.145077],[19.292785,45.145408],[19.292418,45.146049],[19.292273,45.146305],[19.292191,45.146593],[19.29211,45.146828],[19.292024,45.14711],[19.292068,45.147407],[19.292076,45.147608],[19.292022,45.147886],[19.292023,45.148207],[19.291917,45.148469],[19.291852,45.148746],[19.291803,45.148997],[19.291651,45.149241],[19.291542,45.149493],[19.291403,45.149921],[19.291327,45.150116],[19.291163,45.15031],[19.291197,45.150577],[19.290678,45.150773],[19.289827,45.150785],[19.289236,45.150789],[19.288559,45.150766],[19.288146,45.150698],[19.287696,45.150701],[19.287306,45.15081],[19.286982,45.150944]]],[[[19.691125,45.217702],[19.691236,45.21818],[19.690766,45.219289],[19.690651,45.219582],[19.69099,45.220082],[19.69157,45.220631],[19.692083,45.22118],[19.692398,45.221564],[19.692972,45.221809],[19.693776,45.22199],[19.694462,45.222055],[19.694448,45.222324],[19.69395,45.223282],[19.693354,45.224575],[19.692756,45.224748],[19.692241,45.225002],[19.691612,45.225275],[19.691467,45.225413],[19.691406,45.225613],[19.691391,45.225812],[19.689693,45.225576],[19.68696,45.225145],[19.683517,45.22449],[19.679787,45.223477],[19.676883,45.222658],[19.678126,45.21963],[19.677929,45.21953],[19.678425,45.219375],[19.678915,45.2192],[19.679161,45.219112],[19.679435,45.219014],[19.679422,45.218983],[19.680359,45.218651],[19.680878,45.218467],[19.681322,45.218309],[19.681214,45.218106],[19.681606,45.217988],[19.681885,45.217905],[19.68211,45.217839],[19.682348,45.21777],[19.682583,45.217699],[19.682725,45.217656],[19.68287,45.217618],[19.682965,45.217592],[19.683071,45.217564],[19.683205,45.217529],[19.683252,45.217521],[19.683388,45.217507],[19.68349,45.217496],[19.683639,45.217464],[19.68378,45.217434],[19.683943,45.217406],[19.684033,45.21739],[19.684121,45.217375],[19.684211,45.21736],[19.684283,45.217347],[19.684379,45.21734],[19.684497,45.217331],[19.684593,45.21733],[19.684653,45.217333],[19.684702,45.21735],[19.684747,45.217365],[19.684791,45.217381],[19.684884,45.217412],[19.68499,45.217432],[19.685099,45.217452],[19.685218,45.217473],[19.68535,45.217493],[19.685481,45.217513],[19.685585,45.217529],[19.685639,45.217525],[19.685724,45.21752],[19.685782,45.217517],[19.685911,45.217493],[19.686007,45.217469],[19.686115,45.217432],[19.686211,45.217397],[19.686311,45.21736],[19.686391,45.217326],[19.686477,45.217286],[19.686515,45.217269],[19.686535,45.217254],[19.686562,45.217232],[19.686584,45.217209],[19.68661,45.217181],[19.686613,45.21714],[19.686615,45.217093],[19.686637,45.217048],[19.686682,45.216955],[19.686714,45.216961],[19.68675,45.216896],[19.686802,45.216806],[19.686877,45.216755],[19.686981,45.216684],[19.68713,45.216679],[19.687296,45.216672],[19.687457,45.216663],[19.687652,45.216651],[19.687811,45.216642],[19.68797,45.216632],[19.688107,45.216624],[19.688278,45.216614],[19.688404,45.216616],[19.688506,45.216618],[19.688627,45.21662],[19.688736,45.216623],[19.688853,45.216632],[19.689026,45.216644],[19.689173,45.216655],[19.689321,45.216666],[19.689489,45.216691],[19.689638,45.216717],[19.689755,45.216741],[19.689857,45.216761],[19.689988,45.216784],[19.690165,45.216815],[19.690322,45.216856],[19.690487,45.216899],[19.690587,45.216943],[19.690727,45.217003],[19.690846,45.217031],[19.691009,45.217068],[19.691157,45.217102],[19.691284,45.217132],[19.691466,45.217174],[19.691639,45.217214],[19.691125,45.217702]]],[[[19.962468,45.114446],[19.962195,45.114456],[19.96033,45.114206],[19.960502,45.114212],[19.960791,45.113796],[19.961225,45.1132],[19.961526,45.112777],[19.961482,45.112781],[19.9615,45.112752],[19.961654,45.112437],[19.962373,45.110999],[19.963184,45.109945],[19.963407,45.109653],[19.963824,45.109042],[19.964188,45.108353],[19.964414,45.107537],[19.964893,45.106747],[19.965649,45.105502],[19.966035,45.104865],[19.965978,45.104842],[19.966625,45.104013],[19.967008,45.103518],[19.967795,45.102506],[19.968862,45.101398],[19.967999,45.101168],[19.965204,45.100442],[19.964891,45.100891],[19.963783,45.102492],[19.963353,45.102398],[19.960678,45.101767],[19.960462,45.101981],[19.95887,45.103532],[19.958341,45.104409],[19.958176,45.104685],[19.957345,45.10606],[19.957106,45.106452],[19.956453,45.107539],[19.956226,45.107919],[19.955628,45.109052],[19.955447,45.1094],[19.954997,45.110579],[19.954765,45.111203],[19.95428,45.112077],[19.954033,45.112058],[19.953949,45.11173],[19.953948,45.11173],[19.953889,45.110719],[19.953883,45.110232],[19.953978,45.110137],[19.954175,45.109506],[19.954245,45.109289],[19.95442,45.108799],[19.954517,45.108564],[19.954679,45.108265],[19.954718,45.108188],[19.955017,45.10773],[19.955551,45.107359],[19.955673,45.1072],[19.95569,45.10706],[19.955709,45.106993],[19.955678,45.106789],[19.955618,45.106579],[19.955571,45.106455],[19.955348,45.106418],[19.955404,45.106345],[19.955449,45.106271],[19.955473,45.106239],[19.955612,45.106073],[19.955707,45.105994],[19.955795,45.105929],[19.955819,45.105907],[19.955947,45.105889],[19.956153,45.105708],[19.956261,45.105537],[19.956194,45.105512],[19.956313,45.105202],[19.956355,45.10511],[19.956406,45.105033],[19.956434,45.104932],[19.956413,45.104807],[19.956397,45.104755],[19.956395,45.10471],[19.956382,45.104595],[19.956386,45.104556],[19.95641,45.104511],[19.956419,45.104468],[19.956466,45.104308],[19.956553,45.104116],[19.956596,45.104018],[19.956648,45.104002],[19.956786,45.103767],[19.956822,45.103697],[19.956853,45.103566],[19.95678,45.103458],[19.956767,45.103382],[19.956811,45.103171],[19.956862,45.103108],[19.956983,45.102961],[19.957047,45.102836],[19.957094,45.102783],[19.957197,45.102677],[19.957254,45.102612],[19.957304,45.102567],[19.957402,45.102457],[19.957526,45.102333],[19.957642,45.102147],[19.957726,45.102023],[19.957782,45.101939],[19.957833,45.101861],[19.957991,45.101612],[19.95803,45.101565],[19.958328,45.101463],[19.958514,45.101397],[19.958728,45.101325],[19.959273,45.101133],[19.959799,45.100946],[19.959963,45.10089],[19.960293,45.100756],[19.960638,45.100609],[19.960747,45.100524],[19.961058,45.100284],[19.961556,45.100045],[19.96236,45.099666],[19.962568,45.099582],[19.962716,45.099494],[19.962838,45.099428],[19.963036,45.099358],[19.962668,45.099037],[19.962709,45.099029],[19.962977,45.098946],[19.963027,45.099022],[19.963533,45.098927],[19.963482,45.09879],[19.963861,45.098674],[19.964222,45.098903],[19.964199,45.099215],[19.964309,45.099553],[19.964835,45.099336],[19.965091,45.099147],[19.965302,45.09901],[19.965606,45.098891],[19.965697,45.098855],[19.965776,45.098827],[19.965854,45.098809],[19.965983,45.098763],[19.966166,45.098711],[19.966966,45.098431],[19.967543,45.098292],[19.967802,45.098239],[19.967939,45.098203],[19.96818,45.098193],[19.968325,45.098186],[19.968555,45.098174],[19.968717,45.098159],[19.968912,45.098138],[19.969267,45.098094],[19.969682,45.098053],[19.970624,45.097967],[19.970734,45.097953],[19.971002,45.097929],[19.971144,45.097922],[19.971283,45.097905],[19.971371,45.097862],[19.971424,45.097801],[19.971496,45.09772],[19.971552,45.097642],[19.971611,45.097581],[19.971745,45.097405],[19.971785,45.097455],[19.971929,45.097177],[19.972068,45.097166],[19.972462,45.096726],[19.973026,45.09714],[19.973063,45.097169],[19.97367,45.096806],[19.973852,45.096685],[19.973967,45.096565],[19.974051,45.096452],[19.974153,45.096246],[19.97419,45.096139],[19.974212,45.096033],[19.974703,45.095195],[19.974727,45.095111],[19.974831,45.094999],[19.975144,45.094695],[19.97562,45.094165],[19.976212,45.093988],[19.975923,45.094254],[19.975478,45.094655],[19.975168,45.094977],[19.974933,45.095303],[19.974773,45.09561],[19.974528,45.096206],[19.974598,45.096357],[19.974522,45.096541],[19.974383,45.096704],[19.974261,45.096849],[19.974187,45.09693],[19.973927,45.097215],[19.973449,45.097497],[19.973178,45.097727],[19.973002,45.097971],[19.972889,45.098003],[19.972722,45.098224],[19.97251,45.098388],[19.972463,45.098585],[19.972346,45.098668],[19.972109,45.099126],[19.972061,45.099368],[19.971882,45.099956],[19.971967,45.100235],[19.971946,45.100444],[19.9718,45.100636],[19.971574,45.100773],[19.971437,45.100978],[19.971567,45.101036],[19.971279,45.101383],[19.970902,45.10184],[19.970667,45.102049],[19.970533,45.102233],[19.970422,45.102417],[19.970068,45.102775],[19.969097,45.103847],[19.968857,45.1041],[19.968729,45.104456],[19.968448,45.104731],[19.968264,45.105149],[19.96788,45.105683],[19.967776,45.105808],[19.967487,45.106224],[19.967359,45.106447],[19.967264,45.106719],[19.96712,45.106823],[19.966477,45.107725],[19.966323,45.10803],[19.966221,45.108263],[19.966142,45.108456],[19.966163,45.108704],[19.966044,45.108905],[19.965919,45.109191],[19.965674,45.109633],[19.965469,45.109857],[19.965254,45.110058],[19.965065,45.110248],[19.96479,45.110512],[19.964338,45.110991],[19.96392,45.111466],[19.963475,45.11198],[19.963087,45.112919],[19.96296,45.114036],[19.963022,45.114271],[19.962899,45.11431],[19.962468,45.114446]]],[[[19.934255,45.162274],[19.934231,45.1623],[19.934266,45.162327],[19.934047,45.162367],[19.93351,45.16241],[19.933537,45.16245],[19.933506,45.162491],[19.933471,45.162513],[19.93351,45.162648],[19.933521,45.16277],[19.933558,45.162829],[19.933567,45.162903],[19.933529,45.163078],[19.933487,45.163278],[19.933205,45.163245],[19.933083,45.163184],[19.932806,45.163063],[19.932556,45.162908],[19.932631,45.16289],[19.932699,45.162857],[19.932679,45.162837],[19.932615,45.162778],[19.932577,45.16274],[19.932503,45.162671],[19.932432,45.162607],[19.932373,45.162554],[19.932324,45.162445],[19.932304,45.1624],[19.93226,45.162365],[19.932243,45.162317],[19.932181,45.162189],[19.932153,45.162114],[19.932116,45.162131],[19.931538,45.162253],[19.931209,45.162268],[19.931036,45.16229],[19.93098,45.162323],[19.930832,45.162287],[19.930461,45.162242],[19.930284,45.162218],[19.930017,45.162196],[19.93002,45.162171],[19.930056,45.162106],[19.930213,45.161769],[19.930386,45.161439],[19.930372,45.161415],[19.930401,45.161366],[19.93041,45.161267],[19.930337,45.161252],[19.930209,45.161221],[19.930033,45.161146],[19.930294,45.161078],[19.930387,45.161004],[19.929807,45.160695],[19.929725,45.160594],[19.929835,45.160333],[19.929884,45.159744],[19.929903,45.159197],[19.92947,45.159178],[19.929268,45.15917],[19.928712,45.159201],[19.928272,45.159324],[19.928039,45.15942],[19.927861,45.159702],[19.927595,45.15987],[19.927329,45.160144],[19.92724,45.160236],[19.927281,45.160082],[19.927318,45.159954],[19.927327,45.159674],[19.927326,45.159368],[19.927344,45.159147],[19.92746,45.158892],[19.927633,45.158569],[19.927857,45.158138],[19.927972,45.157915],[19.927982,45.157775],[19.927926,45.157571],[19.92792,45.157529],[19.927791,45.157377],[19.927663,45.157246],[19.927912,45.157097],[19.928326,45.156847],[19.928892,45.156534],[19.929212,45.15667],[19.929312,45.15672],[19.929435,45.156615],[19.929664,45.156788],[19.930006,45.156588],[19.930478,45.156756],[19.930554,45.156772],[19.930594,45.156994],[19.930595,45.157306],[19.93086,45.157187],[19.930939,45.157288],[19.931217,45.157502],[19.931383,45.157613],[19.93165,45.157392],[19.931389,45.157159],[19.93127,45.157012],[19.930627,45.15648],[19.930645,45.156328],[19.930614,45.156309],[19.930635,45.156272],[19.930708,45.156076],[19.930588,45.155649],[19.93059,45.155548],[19.930639,45.155505],[19.930687,45.15536],[19.930665,45.155057],[19.930626,45.154929],[19.93051,45.154578],[19.930534,45.154409],[19.930642,45.154213],[19.930675,45.154115],[19.930731,45.15396],[19.930798,45.153877],[19.930863,45.153752],[19.9309,45.153647],[19.930897,45.153593],[19.93091,45.153485],[19.930898,45.153374],[19.930947,45.153369],[19.930871,45.153249],[19.930667,45.153025],[19.930523,45.152962],[19.930304,45.152877],[19.930174,45.152848],[19.929784,45.152697],[19.929598,45.152592],[19.929416,45.152482],[19.929221,45.152322],[19.929475,45.151914],[19.929581,45.151848],[19.929659,45.151763],[19.929759,45.151823],[19.929879,45.151886],[19.929993,45.151926],[19.93017,45.151947],[19.930427,45.151977],[19.930693,45.152033],[19.930959,45.152129],[19.931118,45.152197],[19.931204,45.152235],[19.93127,45.152277],[19.931351,45.152391],[19.931424,45.152599],[19.931517,45.152828],[19.931664,45.153145],[19.931701,45.153221],[19.932073,45.153205],[19.932212,45.153197],[19.932618,45.153058],[19.932525,45.152823],[19.933397,45.152701],[19.933614,45.152403],[19.93363,45.152149],[19.933585,45.151952],[19.933563,45.151822],[19.933883,45.151785],[19.933996,45.151865],[19.934155,45.151775],[19.934411,45.15165],[19.93474,45.1515],[19.934899,45.151406],[19.935046,45.151501],[19.935328,45.151496],[19.935296,45.151781],[19.935188,45.152063],[19.935168,45.152118],[19.93515,45.152234],[19.935202,45.152343],[19.935303,45.152544],[19.935365,45.152827],[19.935434,45.15289],[19.935473,45.152951],[19.935363,45.153096],[19.935311,45.153174],[19.935365,45.15351],[19.935396,45.153677],[19.935408,45.153756],[19.93533,45.153757],[19.935355,45.153862],[19.935372,45.154248],[19.935367,45.154674],[19.93538,45.154677],[19.93541,45.154539],[19.935662,45.154551],[19.936057,45.154537],[19.935987,45.15411],[19.936632,45.154114],[19.936968,45.154131],[19.936934,45.154328],[19.9369,45.154507],[19.936708,45.154816],[19.936592,45.155203],[19.936541,45.155342],[19.936318,45.155778],[19.936382,45.155807],[19.936088,45.156413],[19.935956,45.156745],[19.936107,45.156779],[19.936001,45.157058],[19.936172,45.157116],[19.936373,45.157175],[19.936729,45.157276],[19.936921,45.157341],[19.937266,45.157439],[19.936996,45.157734],[19.93739,45.157853],[19.937091,45.158252],[19.936717,45.158157],[19.936421,45.158553],[19.936522,45.158566],[19.936447,45.158819],[19.93643,45.159008],[19.93651,45.159184],[19.936597,45.159362],[19.936844,45.159374],[19.937345,45.159378],[19.937602,45.159393],[19.937845,45.159417],[19.937866,45.159418],[19.937784,45.159697],[19.937718,45.159881],[19.937597,45.160035],[19.937463,45.16015],[19.937677,45.160218],[19.937798,45.160256],[19.93793,45.160262],[19.938096,45.160288],[19.938381,45.160308],[19.938586,45.160317],[19.938663,45.160291],[19.938869,45.160283],[19.938951,45.160316],[19.939052,45.160329],[19.939667,45.160182],[19.939939,45.160123],[19.940078,45.160523],[19.940207,45.160879],[19.940327,45.161145],[19.940383,45.161308],[19.94046,45.161479],[19.940587,45.161768],[19.940696,45.162096],[19.940538,45.162141],[19.940249,45.162173],[19.940244,45.16223],[19.940191,45.162694],[19.940153,45.163053],[19.940151,45.163053],[19.939536,45.163004],[19.939045,45.162971],[19.938628,45.162952],[19.938466,45.162956],[19.938296,45.162895],[19.9382,45.162803],[19.937849,45.16285],[19.9376,45.162833],[19.937416,45.162798],[19.937216,45.162744],[19.937174,45.162736],[19.937051,45.162654],[19.937272,45.162498],[19.937511,45.162324],[19.937678,45.16223],[19.937776,45.162137],[19.937725,45.162028],[19.937798,45.161918],[19.93798,45.16172],[19.938111,45.16157],[19.938168,45.161486],[19.938197,45.161406],[19.938241,45.161298],[19.937678,45.161063],[19.937295,45.160889],[19.937093,45.160769],[19.936926,45.160685],[19.93676,45.16063],[19.936579,45.160536],[19.936554,45.160517],[19.936411,45.160581],[19.936025,45.160524],[19.935928,45.160499],[19.935698,45.160458],[19.935614,45.16066],[19.935479,45.160668],[19.935474,45.16073],[19.935482,45.160977],[19.935625,45.160949],[19.935895,45.160948],[19.936016,45.160961],[19.935968,45.161071],[19.935948,45.161238],[19.935646,45.161211],[19.935225,45.161234],[19.935014,45.161259],[19.934906,45.161394],[19.93479,45.161524],[19.934645,45.161657],[19.934539,45.161707],[19.934196,45.161784],[19.934319,45.161956],[19.934443,45.162094],[19.934403,45.162167],[19.934283,45.162207],[19.934255,45.162274]]],[[[19.772468,45.099303],[19.772586,45.09949],[19.772694,45.099702],[19.773617,45.100432],[19.772786,45.100479],[19.771274,45.099871],[19.771291,45.099685],[19.771255,45.099492],[19.771246,45.099351],[19.77111,45.0991],[19.770802,45.099103],[19.770798,45.099132],[19.7707,45.09913],[19.77059,45.09913],[19.770592,45.098551],[19.770616,45.098391],[19.770558,45.098395],[19.770559,45.098236],[19.770529,45.098053],[19.770437,45.098056],[19.770406,45.0977],[19.770353,45.097385],[19.770286,45.097385],[19.770244,45.09709],[19.769962,45.097109],[19.769845,45.096993],[19.769115,45.096942],[19.768992,45.096941],[19.768408,45.096928],[19.768092,45.097518],[19.768137,45.097528],[19.768019,45.097732],[19.76804,45.098262],[19.767756,45.098384],[19.76739,45.097921],[19.767136,45.097524],[19.766859,45.097575],[19.766942,45.097108],[19.766939,45.097012],[19.766876,45.096809],[19.767132,45.096443],[19.767003,45.096362],[19.766967,45.096352],[19.766934,45.096191],[19.766582,45.095735],[19.766597,45.095453],[19.766611,45.095415],[19.766707,45.094746],[19.766663,45.094707],[19.766562,45.094324],[19.766547,45.093782],[19.76653,45.093294],[19.7665,45.092605],[19.766498,45.092284],[19.766786,45.091489],[19.766736,45.091488],[19.766565,45.091483],[19.766361,45.091494],[19.766348,45.091445],[19.766296,45.090925],[19.766213,45.090373],[19.766167,45.089962],[19.766131,45.089545],[19.766038,45.089005],[19.765912,45.088343],[19.765892,45.088029],[19.765831,45.087489],[19.765798,45.087326],[19.76575,45.087056],[19.765748,45.086943],[19.765614,45.086416],[19.765478,45.085828],[19.765362,45.085317],[19.7653,45.08481],[19.765078,45.084826],[19.764738,45.084855],[19.764439,45.084884],[19.76429,45.08491],[19.764043,45.085167],[19.763937,45.085262],[19.763793,45.085316],[19.763839,45.085439],[19.763971,45.085572],[19.764048,45.08566],[19.764123,45.085816],[19.764186,45.085977],[19.76413,45.0862],[19.764241,45.086365],[19.764237,45.086445],[19.764469,45.086777],[19.764507,45.086935],[19.764575,45.08706],[19.764656,45.087228],[19.764539,45.087316],[19.764485,45.08745],[19.764318,45.08764],[19.764135,45.087652],[19.763998,45.087977],[19.764014,45.088035],[19.764042,45.088055],[19.764015,45.088111],[19.764057,45.088169],[19.763947,45.088319],[19.764002,45.088374],[19.764018,45.088691],[19.763941,45.088977],[19.763869,45.08922],[19.763863,45.089379],[19.763846,45.089481],[19.763826,45.089577],[19.763809,45.089649],[19.76379,45.089704],[19.763779,45.089758],[19.763764,45.089847],[19.763758,45.090007],[19.763728,45.090007],[19.763501,45.089983],[19.763494,45.09034],[19.763494,45.091016],[19.763482,45.09122],[19.763469,45.091387],[19.763406,45.091931],[19.763338,45.092356],[19.763315,45.092495],[19.763231,45.093088],[19.762918,45.093068],[19.762902,45.093201],[19.76317,45.093908],[19.763237,45.09422],[19.763336,45.094729],[19.763353,45.095108],[19.763371,45.095462],[19.76341,45.095895],[19.763442,45.096631],[19.763456,45.097035],[19.763472,45.097593],[19.763491,45.097786],[19.763141,45.097859],[19.763102,45.097766],[19.763046,45.097634],[19.763025,45.097553],[19.763011,45.097358],[19.762989,45.097139],[19.762964,45.097008],[19.762861,45.096769],[19.762826,45.096727],[19.762576,45.096542],[19.762388,45.09644],[19.762141,45.096354],[19.761924,45.096137],[19.761707,45.095907],[19.76156,45.095799],[19.761762,45.095615],[19.762067,45.095029],[19.762326,45.094523],[19.762804,45.093625],[19.76193,45.093348],[19.762527,45.092203],[19.762039,45.092053],[19.761867,45.091997],[19.762352,45.091073],[19.76211,45.091029],[19.761462,45.090921],[19.761513,45.090819],[19.762444,45.090926],[19.76262,45.090498],[19.762659,45.090373],[19.762712,45.090233],[19.762832,45.08991],[19.762928,45.089645],[19.763141,45.089016],[19.763161,45.088528],[19.763152,45.088083],[19.761878,45.08796],[19.761581,45.087918],[19.76126,45.087876],[19.761125,45.087839],[19.760914,45.087779],[19.760598,45.087731],[19.760238,45.087631],[19.759056,45.08723],[19.758867,45.087164],[19.758731,45.08739],[19.758553,45.087658],[19.758346,45.088024],[19.758256,45.088219],[19.758147,45.088436],[19.758018,45.088748],[19.757881,45.089218],[19.757538,45.089195],[19.757023,45.088956],[19.756814,45.088764],[19.756514,45.088604],[19.756456,45.088587],[19.755864,45.088361],[19.755492,45.088267],[19.755311,45.088357],[19.755642,45.087934],[19.756007,45.087556],[19.756294,45.087277],[19.756526,45.08703],[19.75727,45.086358],[19.758484,45.086272],[19.761344,45.086094],[19.763175,45.085967],[19.762937,45.08462],[19.762795,45.083869],[19.763239,45.083857],[19.763996,45.083811],[19.764326,45.083811],[19.764533,45.08365],[19.764845,45.083653],[19.764722,45.083065],[19.764456,45.08221],[19.764787,45.082159],[19.76497,45.082302],[19.76521,45.082487],[19.765562,45.08251],[19.765997,45.082505],[19.76613,45.082644],[19.766337,45.082714],[19.76658,45.082778],[19.767298,45.082849],[19.767728,45.083034],[19.76946,45.083107],[19.769564,45.083108],[19.769633,45.083083],[19.769612,45.083185],[19.769084,45.083956],[19.768701,45.084731],[19.768849,45.085637],[19.768933,45.086157],[19.768956,45.086362],[19.768891,45.086582],[19.768461,45.087533],[19.768233,45.088418],[19.768227,45.089678],[19.769458,45.089639],[19.769525,45.089996],[19.76861,45.090327],[19.768167,45.090487],[19.768142,45.091163],[19.768074,45.093013],[19.768015,45.094613],[19.767965,45.095974],[19.768945,45.095934],[19.770644,45.095885],[19.77097,45.095875],[19.771031,45.096184],[19.771148,45.096647],[19.771215,45.09693],[19.771255,45.097142],[19.771294,45.097226],[19.771508,45.0976],[19.771582,45.097729],[19.772119,45.098665],[19.772468,45.099303]]],[[[19.662189,45.210194],[19.6621,45.210359],[19.662002,45.210527],[19.661936,45.210684],[19.661895,45.210867],[19.661803,45.210963],[19.661777,45.211273],[19.66175,45.211527],[19.66166,45.211769],[19.661594,45.211947],[19.661541,45.212113],[19.661481,45.212308],[19.661414,45.212345],[19.661211,45.212166],[19.660934,45.211984],[19.660757,45.21187],[19.660884,45.211705],[19.660993,45.211535],[19.661027,45.211442],[19.661123,45.211251],[19.661146,45.211144],[19.661193,45.210947],[19.66113,45.210822],[19.661018,45.21071],[19.660912,45.210525],[19.660884,45.210317],[19.660877,45.210184],[19.660836,45.210036],[19.660854,45.209855],[19.660814,45.209701],[19.660792,45.209559],[19.66078,45.209437],[19.660747,45.209329],[19.660728,45.209117],[19.66068,45.208921],[19.660831,45.208406],[19.660734,45.207986],[19.660417,45.207877],[19.660552,45.207684],[19.660115,45.207548],[19.659721,45.207305],[19.659422,45.207121],[19.658954,45.206946],[19.658601,45.206814],[19.658492,45.207027],[19.658428,45.207304],[19.658419,45.207457],[19.658448,45.207586],[19.658279,45.207596],[19.658182,45.207864],[19.658102,45.208009],[19.658009,45.208148],[19.657867,45.208238],[19.657704,45.208358],[19.657548,45.208482],[19.65741,45.208594],[19.657253,45.208722],[19.657217,45.208799],[19.657056,45.208923],[19.656943,45.209076],[19.656859,45.209264],[19.656744,45.20934],[19.656972,45.208753],[19.657335,45.208043],[19.657472,45.207839],[19.657548,45.207566],[19.65763,45.207285],[19.657657,45.207018],[19.657655,45.206851],[19.657729,45.206585],[19.657806,45.206418],[19.657955,45.206249],[19.658134,45.20615],[19.658396,45.205982],[19.658606,45.205821],[19.65873,45.205652],[19.658764,45.20552],[19.658783,45.205363],[19.658802,45.205196],[19.658927,45.204977],[19.659032,45.204834],[19.659137,45.204638],[19.659184,45.204464],[19.659318,45.204222],[19.659447,45.203991],[19.659624,45.203711],[19.659829,45.203393],[19.660228,45.203364],[19.661148,45.203719],[19.661615,45.203937],[19.662351,45.20426],[19.661982,45.205228],[19.66178,45.205519],[19.661706,45.205733],[19.661931,45.205961],[19.66273,45.206237],[19.663278,45.206381],[19.663756,45.20639],[19.663703,45.2068],[19.663793,45.207015],[19.66419,45.207195],[19.664965,45.207015],[19.665449,45.207152],[19.665914,45.207131],[19.666397,45.207238],[19.666802,45.20737],[19.667093,45.207499],[19.667388,45.207161],[19.667733,45.206789],[19.668101,45.206442],[19.668358,45.206184],[19.668543,45.205957],[19.668667,45.205781],[19.668744,45.205571],[19.668736,45.20538],[19.669181,45.205438],[19.669514,45.205553],[19.670022,45.205369],[19.670527,45.205451],[19.671057,45.205476],[19.671709,45.20489],[19.672395,45.204446],[19.673163,45.204771],[19.673917,45.205077],[19.674562,45.204869],[19.675184,45.204096],[19.675407,45.203769],[19.675641,45.203308],[19.675786,45.202892],[19.676243,45.203096],[19.676131,45.20336],[19.675393,45.2047],[19.675045,45.205302],[19.674934,45.205586],[19.674919,45.205992],[19.675136,45.206331],[19.674507,45.20672],[19.67415,45.206917],[19.673806,45.207292],[19.67355,45.207479],[19.673381,45.207602],[19.673184,45.207783],[19.672972,45.207995],[19.672758,45.208208],[19.672551,45.208415],[19.672254,45.208721],[19.67211,45.208997],[19.672086,45.209225],[19.672371,45.209263],[19.672581,45.209291],[19.672383,45.209423],[19.672194,45.209661],[19.672019,45.209965],[19.671863,45.210279],[19.671704,45.210734],[19.671589,45.211126],[19.671444,45.211422],[19.671317,45.211571],[19.671359,45.211337],[19.671383,45.211049],[19.671272,45.21078],[19.670487,45.21037],[19.66967,45.209943],[19.669029,45.209775],[19.668225,45.209571],[19.667281,45.209333],[19.666444,45.209122],[19.66625,45.209385],[19.666219,45.20976],[19.666033,45.210142],[19.665879,45.210417],[19.6656,45.210758],[19.665342,45.210999],[19.665144,45.211158],[19.664761,45.211153],[19.66427,45.211178],[19.664061,45.211008],[19.664087,45.21061],[19.664338,45.210636],[19.664736,45.210674],[19.66503,45.210604],[19.665204,45.210183],[19.665278,45.210018],[19.665332,45.209788],[19.665433,45.209598],[19.66556,45.20928],[19.665623,45.209013],[19.665506,45.208885],[19.665249,45.208832],[19.664986,45.208799],[19.664698,45.208791],[19.664506,45.208791],[19.664386,45.208619],[19.664621,45.208506],[19.664686,45.208259],[19.664565,45.208135],[19.664257,45.208039],[19.664025,45.208075],[19.663708,45.2081],[19.663488,45.208211],[19.663408,45.208405],[19.663337,45.208627],[19.663246,45.20887],[19.663127,45.209102],[19.663026,45.209239],[19.66299,45.209307],[19.662918,45.209449],[19.662884,45.209586],[19.662823,45.209848],[19.662805,45.210023],[19.662456,45.209967],[19.662253,45.210096],[19.662189,45.210194]]],[[[19.743736,45.099406],[19.743654,45.099008],[19.743586,45.098933],[19.743497,45.098868],[19.743432,45.098873],[19.743119,45.098493],[19.742935,45.098001],[19.74282,45.097521],[19.742542,45.096954],[19.742418,45.09632],[19.74216,45.095383],[19.74219,45.095068],[19.742326,45.094045],[19.742032,45.090877],[19.742042,45.090814],[19.742084,45.090446],[19.742104,45.090359],[19.742066,45.090191],[19.742016,45.089866],[19.741872,45.089312],[19.741608,45.088636],[19.741532,45.08844],[19.741391,45.088198],[19.7412,45.087861],[19.74104,45.087581],[19.741026,45.087162],[19.741004,45.086425],[19.740901,45.085939],[19.740785,45.085425],[19.740683,45.085102],[19.740603,45.08465],[19.740527,45.084237],[19.740534,45.084156],[19.740455,45.083667],[19.740352,45.083187],[19.740336,45.083036],[19.740311,45.082691],[19.740271,45.082131],[19.740185,45.081973],[19.740085,45.081784],[19.739843,45.081406],[19.739821,45.081319],[19.739865,45.081262],[19.739965,45.081223],[19.739941,45.080811],[19.739672,45.079921],[19.739665,45.079593],[19.739535,45.079059],[19.739333,45.079],[19.739107,45.078947],[19.738962,45.078885],[19.7389,45.078898],[19.738811,45.078863],[19.738675,45.078845],[19.738596,45.078794],[19.73851,45.078803],[19.738426,45.078775],[19.738257,45.078703],[19.738178,45.078655],[19.738047,45.0786],[19.737901,45.078582],[19.737791,45.078634],[19.737621,45.078596],[19.737465,45.078631],[19.737672,45.077588],[19.738418,45.077848],[19.73884,45.078],[19.73922,45.078101],[19.739118,45.077798],[19.739009,45.077596],[19.739508,45.077937],[19.739499,45.078111],[19.739605,45.078236],[19.739973,45.078464],[19.7408,45.078932],[19.741115,45.079193],[19.740992,45.079212],[19.741036,45.079373],[19.74115,45.079575],[19.741317,45.079688],[19.741382,45.079749],[19.741678,45.08006],[19.741705,45.080117],[19.741726,45.080218],[19.741804,45.080326],[19.741836,45.080387],[19.741905,45.080495],[19.74186,45.080588],[19.741652,45.080609],[19.74165,45.080673],[19.74167,45.080854],[19.741678,45.080931],[19.74175,45.081072],[19.741869,45.081251],[19.741961,45.081356],[19.741983,45.081443],[19.741977,45.08151],[19.741955,45.081651],[19.741977,45.081728],[19.742067,45.081923],[19.742061,45.08199],[19.742157,45.082118],[19.742263,45.082257],[19.74229,45.082337],[19.742336,45.082401],[19.742073,45.082526],[19.742074,45.082921],[19.742053,45.082981],[19.74208,45.083042],[19.742101,45.083169],[19.742131,45.083307],[19.742116,45.083353],[19.742133,45.083431],[19.742147,45.083685],[19.742195,45.084084],[19.742244,45.084212],[19.742255,45.084346],[19.742277,45.08443],[19.742279,45.084571],[19.742318,45.084705],[19.742339,45.084819],[19.74247,45.085089],[19.7425,45.085256],[19.742556,45.085304],[19.742587,45.085395],[19.742659,45.085563],[19.742644,45.0856],[19.742675,45.085677],[19.742674,45.085717],[19.742687,45.086002],[19.742713,45.086099],[19.74273,45.086203],[19.742737,45.086314],[19.742794,45.086492],[19.74282,45.086613],[19.742847,45.086694],[19.742987,45.086973],[19.743061,45.087047],[19.743175,45.087447],[19.743281,45.087773],[19.743334,45.087951],[19.743342,45.088028],[19.743401,45.08815],[19.743476,45.088395],[19.743595,45.088544],[19.743742,45.088753],[19.743793,45.088817],[19.743805,45.088897],[19.74383,45.089055],[19.743889,45.089193],[19.743856,45.089394],[19.744075,45.089979],[19.744072,45.090525],[19.744061,45.090836],[19.744081,45.091214],[19.744134,45.091788],[19.744177,45.092224],[19.74423,45.092837],[19.744228,45.093122],[19.744229,45.093527],[19.74425,45.09408],[19.744348,45.094787],[19.744293,45.095132],[19.744205,45.095693],[19.744137,45.096195],[19.744114,45.096409],[19.744079,45.09671],[19.744071,45.096827],[19.744024,45.097242],[19.744652,45.097264],[19.745916,45.097303],[19.74825,45.097499],[19.748205,45.097566],[19.744833,45.09805],[19.744935,45.098424],[19.744307,45.098502],[19.74408,45.100636],[19.743804,45.099705],[19.743736,45.099406]]],[[[19.565335,45.190801],[19.565513,45.191636],[19.565458,45.191622],[19.564229,45.191364],[19.562739,45.190994],[19.561751,45.190747],[19.561216,45.190618],[19.560526,45.190448],[19.560327,45.190398],[19.559787,45.190281],[19.559761,45.19033],[19.5597,45.19032],[19.558871,45.190043],[19.558048,45.189708],[19.557343,45.189346],[19.556872,45.189061],[19.556241,45.188785],[19.556182,45.188764],[19.556202,45.188724],[19.556635,45.187867],[19.5567,45.187748],[19.557025,45.187391],[19.557362,45.187645],[19.557729,45.187457],[19.558141,45.187271],[19.558518,45.187003],[19.558862,45.186755],[19.559015,45.186615],[19.559245,45.186366],[19.559543,45.186121],[19.55991,45.185921],[19.560088,45.185843],[19.560239,45.185964],[19.560423,45.185849],[19.560593,45.18576],[19.560892,45.185561],[19.56103,45.185452],[19.561747,45.184976],[19.561959,45.184841],[19.562025,45.184792],[19.562154,45.184702],[19.562461,45.184532],[19.56256,45.184468],[19.562813,45.184301],[19.562953,45.184207],[19.563028,45.184138],[19.563323,45.183883],[19.563221,45.184176],[19.563269,45.184196],[19.563395,45.18479],[19.563504,45.185068],[19.564103,45.18563],[19.564503,45.186182],[19.564736,45.186599],[19.56479,45.186594],[19.564815,45.186893],[19.564796,45.187085],[19.564824,45.187502],[19.564712,45.188403],[19.56472,45.188628],[19.564697,45.189001],[19.56488,45.189151],[19.565197,45.18985],[19.565218,45.1902],[19.565335,45.190801]]],[[[19.57028,45.186134],[19.5703,45.18619],[19.569549,45.185826],[19.56844,45.185705],[19.567856,45.185677],[19.567814,45.185744],[19.567519,45.18573],[19.567131,45.185702],[19.565199,45.185564],[19.565184,45.185525],[19.565026,45.185061],[19.564928,45.184783],[19.564631,45.183899],[19.564486,45.183489],[19.564189,45.182585],[19.564137,45.182543],[19.563942,45.182161],[19.563902,45.18195],[19.564092,45.181499],[19.564463,45.180611],[19.564681,45.180462],[19.565203,45.180104],[19.566268,45.179374],[19.567056,45.179346],[19.567343,45.179581],[19.568138,45.18023],[19.568353,45.180429],[19.568483,45.180555],[19.568871,45.180967],[19.568918,45.181013],[19.569266,45.18128],[19.569829,45.181832],[19.570168,45.182176],[19.570314,45.18236],[19.570374,45.182431],[19.570482,45.182739],[19.570697,45.182851],[19.57122,45.183166],[19.571476,45.183699],[19.571821,45.184049],[19.572334,45.184578],[19.572778,45.184576],[19.572994,45.184577],[19.573104,45.184614],[19.573211,45.184632],[19.57331,45.184671],[19.572853,45.185314],[19.572638,45.185514],[19.57229,45.185783],[19.572032,45.186114],[19.571507,45.185721],[19.571419,45.185641],[19.57054,45.186063],[19.57028,45.186134]]],[[[19.802705,45.144385],[19.802616,45.144435],[19.802374,45.144505],[19.802291,45.144562],[19.801918,45.144658],[19.801517,45.144821],[19.801266,45.144871],[19.801037,45.144962],[19.800962,45.145161],[19.80093,45.145274],[19.800826,45.145609],[19.800715,45.145794],[19.800939,45.145905],[19.800642,45.145885],[19.800399,45.14585],[19.800422,45.145815],[19.800497,45.145714],[19.800406,45.145605],[19.800368,45.145553],[19.800277,45.145407],[19.800058,45.145279],[19.799968,45.145211],[19.799641,45.144957],[19.79948,45.144837],[19.799322,45.144705],[19.79897,45.1444],[19.798811,45.144275],[19.798626,45.144106],[19.798793,45.14405],[19.798769,45.144039],[19.798918,45.143989],[19.799041,45.143968],[19.799133,45.143975],[19.799246,45.143897],[19.799339,45.14381],[19.799377,45.143728],[19.799324,45.143677],[19.799156,45.143564],[19.799086,45.143547],[19.798994,45.143565],[19.798716,45.143586],[19.798597,45.143391],[19.798527,45.143299],[19.798838,45.143032],[19.798643,45.142844],[19.798571,45.142694],[19.79858,45.142338],[19.798583,45.142124],[19.798568,45.141997],[19.798495,45.141854],[19.798401,45.141705],[19.798658,45.141466],[19.798811,45.141325],[19.799056,45.141174],[19.799451,45.140924],[19.799374,45.140688],[19.799265,45.140376],[19.799133,45.140268],[19.799034,45.140197],[19.798769,45.139994],[19.798724,45.13996],[19.798487,45.139777],[19.797804,45.139295],[19.797562,45.139391],[19.797347,45.139472],[19.796908,45.139643],[19.796684,45.139729],[19.796739,45.139581],[19.796771,45.139409],[19.796861,45.139193],[19.79682,45.139048],[19.797001,45.138909],[19.797091,45.138691],[19.796949,45.138636],[19.796622,45.138483],[19.796295,45.138425],[19.795891,45.138357],[19.795374,45.138298],[19.79506,45.138173],[19.79495,45.138135],[19.794739,45.13798],[19.794797,45.137896],[19.794847,45.137918],[19.794898,45.137861],[19.794849,45.137834],[19.794956,45.137688],[19.795052,45.137573],[19.795136,45.137479],[19.795369,45.13724],[19.795312,45.137134],[19.795448,45.137146],[19.795688,45.137203],[19.795901,45.137236],[19.796068,45.137297],[19.796256,45.137282],[19.796426,45.137349],[19.796374,45.137396],[19.796376,45.137613],[19.796437,45.137805],[19.796477,45.137996],[19.796573,45.137994],[19.796757,45.137983],[19.797125,45.137985],[19.797099,45.137823],[19.797058,45.137596],[19.797042,45.137481],[19.797015,45.137371],[19.796833,45.13738],[19.796837,45.137322],[19.796852,45.137267],[19.796836,45.137112],[19.796846,45.136911],[19.796994,45.136912],[19.797249,45.136943],[19.797215,45.136684],[19.797374,45.136662],[19.797462,45.13676],[19.797533,45.136888],[19.797576,45.137009],[19.797697,45.137187],[19.797831,45.137425],[19.797867,45.137431],[19.797884,45.137454],[19.79824,45.137516],[19.798313,45.137537],[19.798488,45.137537],[19.798721,45.137484],[19.798826,45.137654],[19.798888,45.137822],[19.798924,45.137888],[19.799171,45.137875],[19.799425,45.137863],[19.799629,45.137858],[19.799889,45.138045],[19.800057,45.138182],[19.800121,45.138379],[19.800293,45.138705],[19.80045,45.13878],[19.800448,45.138944],[19.800405,45.139127],[19.800374,45.139485],[19.800395,45.139531],[19.800602,45.139566],[19.800711,45.139823],[19.801212,45.139773],[19.801406,45.139945],[19.801458,45.140011],[19.801592,45.140284],[19.801666,45.140483],[19.801785,45.14072],[19.801881,45.140893],[19.801983,45.141065],[19.802035,45.141162],[19.802101,45.141281],[19.802122,45.141319],[19.802256,45.141414],[19.802334,45.141457],[19.802442,45.141499],[19.80276,45.141623],[19.803077,45.141768],[19.803193,45.141826],[19.803439,45.141972],[19.803487,45.142009],[19.80354,45.142033],[19.803622,45.142108],[19.803891,45.142355],[19.80404,45.14248],[19.804177,45.142601],[19.804225,45.142669],[19.804257,45.142827],[19.804266,45.142914],[19.804273,45.143044],[19.80425,45.143275],[19.804251,45.143372],[19.804205,45.143374],[19.804062,45.143378],[19.803843,45.143341],[19.803575,45.143272],[19.803321,45.143209],[19.803199,45.143235],[19.803126,45.143312],[19.802929,45.143616],[19.802845,45.14382],[19.802809,45.144157],[19.802767,45.144281],[19.802705,45.144385]]],[[[19.542306,45.122124],[19.542369,45.122179],[19.542429,45.122218],[19.54247,45.122283],[19.542511,45.122367],[19.542548,45.122501],[19.542591,45.122682],[19.54263,45.122849],[19.542661,45.122983],[19.542676,45.123031],[19.542687,45.123101],[19.542701,45.123188],[19.542707,45.12327],[19.542717,45.123304],[19.542756,45.123361],[19.542826,45.12343],[19.542975,45.123553],[19.54318,45.123707],[19.543229,45.12377],[19.543265,45.123913],[19.543312,45.124068],[19.543355,45.124175],[19.543408,45.124291],[19.543475,45.124394],[19.543571,45.124497],[19.543673,45.12459],[19.54377,45.124657],[19.543905,45.124721],[19.543865,45.124726],[19.543612,45.124804],[19.543469,45.124857],[19.543374,45.124911],[19.543268,45.124984],[19.543193,45.12506],[19.54313,45.125143],[19.543085,45.125223],[19.543064,45.125335],[19.543034,45.125456],[19.543012,45.125578],[19.542977,45.125678],[19.542922,45.125744],[19.542827,45.125795],[19.542708,45.125845],[19.542574,45.125891],[19.542461,45.125914],[19.54242,45.125945],[19.542347,45.125982],[19.542179,45.126048],[19.542036,45.126099],[19.541969,45.126134],[19.541806,45.126219],[19.541676,45.12628],[19.541463,45.126366],[19.541233,45.126475],[19.541082,45.126524],[19.540938,45.126513],[19.540805,45.126483],[19.540612,45.126422],[19.540421,45.126334],[19.540403,45.126318],[19.540365,45.126265],[19.5403,45.12615],[19.540261,45.125997],[19.540215,45.125817],[19.540186,45.125695],[19.540104,45.125392],[19.540003,45.125142],[19.539878,45.12488],[19.539698,45.124629],[19.539476,45.12434],[19.539327,45.124145],[19.539175,45.12391],[19.539054,45.12363],[19.53887,45.123376],[19.538726,45.123162],[19.538439,45.122725],[19.538248,45.122512],[19.538132,45.122305],[19.538013,45.122055],[19.537875,45.121686],[19.537761,45.121393],[19.537555,45.120904],[19.537356,45.120414],[19.53714,45.1199],[19.536988,45.119545],[19.536805,45.119292],[19.536605,45.119143],[19.53637,45.118957],[19.536148,45.1188],[19.535955,45.118653],[19.535698,45.118495],[19.53561,45.118435],[19.535414,45.11824],[19.535604,45.118121],[19.535735,45.118029],[19.535774,45.118027],[19.536025,45.118162],[19.536293,45.118325],[19.536255,45.118393],[19.536265,45.118421],[19.536321,45.118472],[19.536423,45.11854],[19.536624,45.118659],[19.536801,45.118757],[19.536943,45.118792],[19.537067,45.118842],[19.537283,45.118814],[19.537514,45.11888],[19.537659,45.118925],[19.537769,45.118988],[19.537892,45.119073],[19.538046,45.119199],[19.538129,45.119304],[19.538219,45.119422],[19.538284,45.119554],[19.53829,45.11961],[19.538238,45.119693],[19.538214,45.119784],[19.538239,45.119924],[19.53832,45.120107],[19.538216,45.120134],[19.538143,45.120189],[19.538133,45.120267],[19.53816,45.120364],[19.538202,45.120509],[19.538321,45.120769],[19.538616,45.121275],[19.538753,45.121512],[19.540002,45.121169],[19.539913,45.121046],[19.539838,45.120941],[19.539812,45.120906],[19.53974,45.120793],[19.539629,45.120621],[19.539523,45.120461],[19.539422,45.120209],[19.539357,45.120011],[19.539336,45.119902],[19.539298,45.11971],[19.539266,45.119565],[19.539227,45.119515],[19.539178,45.119472],[19.539004,45.119328],[19.538844,45.119183],[19.538723,45.119067],[19.538548,45.118907],[19.538289,45.118742],[19.538072,45.118607],[19.537874,45.118471],[19.537599,45.118289],[19.537354,45.118135],[19.537039,45.117955],[19.536909,45.117896],[19.536821,45.117863],[19.53672,45.117821],[19.536592,45.117784],[19.536449,45.117711],[19.536385,45.117674],[19.53637,45.117634],[19.536305,45.117559],[19.53624,45.117481],[19.536163,45.117364],[19.536074,45.117262],[19.536003,45.1172],[19.535937,45.117159],[19.535821,45.117084],[19.535657,45.116985],[19.535514,45.116899],[19.535395,45.11682],[19.535366,45.116796],[19.535304,45.116712],[19.53503,45.116277],[19.535737,45.116166],[19.535692,45.116228],[19.535647,45.116331],[19.535636,45.11641],[19.535634,45.116492],[19.535656,45.116578],[19.535686,45.116572],[19.536217,45.116486],[19.536499,45.116473],[19.537217,45.116438],[19.537319,45.116635],[19.537391,45.116784],[19.537446,45.116846],[19.537529,45.116942],[19.537625,45.117063],[19.537754,45.117192],[19.537794,45.117233],[19.537909,45.117305],[19.538088,45.117415],[19.53832,45.117562],[19.538541,45.117703],[19.538738,45.117825],[19.53885,45.117934],[19.538902,45.117995],[19.538985,45.118098],[19.539081,45.118226],[19.539171,45.118339],[19.53927,45.118465],[19.539376,45.118595],[19.539461,45.118704],[19.539601,45.118789],[19.539777,45.118897],[19.539958,45.119013],[19.540122,45.119112],[19.54028,45.119207],[19.540346,45.119312],[19.540421,45.119424],[19.54048,45.119538],[19.540509,45.119633],[19.540539,45.119725],[19.540555,45.119823],[19.540569,45.119912],[19.540553,45.119997],[19.540539,45.120129],[19.540534,45.120249],[19.540534,45.120349],[19.540542,45.120434],[19.54056,45.120485],[19.540592,45.120565],[19.540654,45.120663],[19.540713,45.12076],[19.540793,45.120857],[19.540863,45.120943],[19.540941,45.121032],[19.541032,45.121146],[19.541102,45.121234],[19.541156,45.121329],[19.54122,45.121413],[19.54126,45.121514],[19.541321,45.121653],[19.541349,45.121797],[19.541391,45.121944],[19.541442,45.122027],[19.541477,45.122054],[19.541551,45.122076],[19.541676,45.122091],[19.541874,45.122101],[19.541927,45.122113],[19.541967,45.122099],[19.542061,45.122077],[19.542224,45.122104],[19.542261,45.122116],[19.542306,45.122124]]],[[[19.28011,45.157682],[19.279725,45.158506],[19.2786,45.158307],[19.277658,45.15802],[19.276256,45.157682],[19.276273,45.157614],[19.276637,45.156393],[19.276774,45.155988],[19.276939,45.155409],[19.277024,45.155132],[19.27729,45.154317],[19.277451,45.153824],[19.277505,45.153632],[19.277615,45.153284],[19.277758,45.152787],[19.277829,45.152537],[19.278013,45.152165],[19.277971,45.152126],[19.278822,45.152248],[19.279231,45.152333],[19.279617,45.152401],[19.280202,45.15241],[19.281958,45.152447],[19.28192,45.152781],[19.281953,45.153093],[19.282009,45.153863],[19.282036,45.154091],[19.282003,45.154272],[19.281867,45.154763],[19.281767,45.155156],[19.281308,45.155109],[19.280794,45.156297],[19.280632,45.156852],[19.28011,45.157682]]],[[[19.568755,45.115489],[19.568702,45.115661],[19.568664,45.115814],[19.568628,45.115881],[19.568574,45.115984],[19.568511,45.116102],[19.568491,45.116192],[19.568471,45.116321],[19.568439,45.116448],[19.568419,45.116549],[19.568402,45.116634],[19.568389,45.116697],[19.568379,45.11677],[19.568381,45.116823],[19.568375,45.116866],[19.568328,45.116704],[19.56832,45.11661],[19.568313,45.116419],[19.568313,45.116305],[19.568308,45.116212],[19.568311,45.116094],[19.568322,45.11595],[19.56833,45.11581],[19.568351,45.115648],[19.568376,45.115542],[19.568409,45.115378],[19.568426,45.115283],[19.568441,45.115165],[19.568427,45.115044],[19.568423,45.114928],[19.568408,45.11483],[19.56843,45.114744],[19.568465,45.114632],[19.568534,45.114464],[19.568619,45.114294],[19.568653,45.114201],[19.568688,45.114067],[19.568711,45.113924],[19.56873,45.113755],[19.568718,45.113543],[19.568709,45.113331],[19.568696,45.113182],[19.568684,45.112977],[19.56867,45.112835],[19.568646,45.112721],[19.568628,45.11265],[19.568592,45.112562],[19.568529,45.112456],[19.568494,45.112397],[19.568596,45.112296],[19.568714,45.11217],[19.568869,45.112003],[19.569023,45.111789],[19.569187,45.111553],[19.569374,45.111299],[19.569507,45.111116],[19.569676,45.110885],[19.569795,45.110722],[19.56985,45.110651],[19.569977,45.110551],[19.570064,45.110477],[19.570189,45.11035],[19.570302,45.11022],[19.570359,45.110152],[19.570451,45.110006],[19.570469,45.109974],[19.570561,45.109787],[19.570632,45.109589],[19.570684,45.109454],[19.570766,45.109298],[19.570853,45.109118],[19.570965,45.108904],[19.57105,45.108723],[19.571111,45.10854],[19.571157,45.108369],[19.571214,45.108201],[19.571272,45.10804],[19.571337,45.107863],[19.571291,45.107845],[19.571367,45.107644],[19.571486,45.107549],[19.571555,45.107446],[19.571607,45.107302],[19.57168,45.107122],[19.571739,45.106976],[19.571864,45.106752],[19.572095,45.10628],[19.572203,45.105987],[19.572322,45.105693],[19.572385,45.105514],[19.57241,45.105394],[19.57239,45.105289],[19.572354,45.105183],[19.572329,45.105126],[19.572315,45.104986],[19.572316,45.10487],[19.572315,45.104793],[19.572295,45.104628],[19.572214,45.104634],[19.572384,45.104459],[19.572477,45.104341],[19.572489,45.104269],[19.572458,45.104232],[19.572436,45.104225],[19.57237,45.104234],[19.572299,45.104278],[19.572229,45.104346],[19.572157,45.104404],[19.572092,45.104445],[19.572004,45.10448],[19.571933,45.1045],[19.571891,45.104499],[19.571853,45.104478],[19.571814,45.104452],[19.57181,45.10444],[19.571852,45.104411],[19.57188,45.104373],[19.571949,45.104331],[19.572014,45.104271],[19.572151,45.10413],[19.572241,45.104033],[19.57233,45.103911],[19.572427,45.103604],[19.572525,45.103517],[19.572558,45.10346],[19.572583,45.103431],[19.57258,45.103349],[19.572578,45.103321],[19.573018,45.10337],[19.57339,45.103385],[19.573308,45.103632],[19.573256,45.103778],[19.57314,45.104049],[19.573073,45.104183],[19.572974,45.104433],[19.57288,45.104849],[19.573551,45.104917],[19.573665,45.104895],[19.574302,45.104959],[19.574671,45.104991],[19.57478,45.105009],[19.574746,45.10509],[19.57468,45.105183],[19.574643,45.105313],[19.574489,45.105629],[19.574359,45.105934],[19.574225,45.106233],[19.5742,45.106267],[19.5742,45.106557],[19.574196,45.107131],[19.574194,45.107417],[19.574192,45.107567],[19.574179,45.10771],[19.574178,45.107933],[19.574191,45.108104],[19.574171,45.108122],[19.574123,45.1083],[19.574106,45.108508],[19.574111,45.108739],[19.574125,45.108793],[19.574036,45.108902],[19.573853,45.109157],[19.573771,45.10921],[19.57373,45.109256],[19.573744,45.109306],[19.573666,45.10938],[19.573593,45.109468],[19.573576,45.109561],[19.573584,45.109643],[19.573583,45.109668],[19.573547,45.109718],[19.573494,45.109828],[19.573467,45.109884],[19.573455,45.109945],[19.573439,45.109991],[19.573459,45.110008],[19.573606,45.110044],[19.573581,45.110109],[19.573505,45.11023],[19.57341,45.110381],[19.573256,45.110627],[19.572756,45.110489],[19.572707,45.110633],[19.57267,45.110804],[19.572657,45.110886],[19.57265,45.110958],[19.572669,45.111084],[19.572391,45.110987],[19.572279,45.111096],[19.572176,45.111163],[19.572036,45.111241],[19.571903,45.11132],[19.571804,45.111432],[19.571688,45.11155],[19.571614,45.111641],[19.571532,45.111708],[19.571399,45.111826],[19.571348,45.111937],[19.57133,45.112023],[19.571305,45.112107],[19.571261,45.112172],[19.571124,45.112229],[19.570983,45.112122],[19.57092,45.112085],[19.570845,45.112078],[19.570774,45.112096],[19.570707,45.11214],[19.570639,45.11221],[19.570574,45.112295],[19.570497,45.112444],[19.570433,45.112574],[19.570393,45.112712],[19.570333,45.112882],[19.570314,45.112951],[19.570325,45.113001],[19.570096,45.11301],[19.56977,45.113575],[19.569593,45.114006],[19.569489,45.114196],[19.569434,45.114344],[19.569251,45.114754],[19.569119,45.115064],[19.568981,45.115037],[19.568935,45.115028],[19.56889,45.115137],[19.56881,45.115318],[19.568755,45.115489]]],[[[19.583422,45.087234],[19.583236,45.087651],[19.583058,45.08799],[19.582754,45.088603],[19.582638,45.089098],[19.582466,45.08948],[19.582224,45.090016],[19.582016,45.090463],[19.581867,45.090861],[19.581657,45.091285],[19.581473,45.091612],[19.581156,45.092076],[19.580167,45.091466],[19.580011,45.091367],[19.580492,45.090289],[19.580375,45.09025],[19.580462,45.089853],[19.580568,45.089366],[19.580634,45.089217],[19.580631,45.088987],[19.580691,45.088866],[19.580842,45.088673],[19.58114,45.0883],[19.581304,45.088095],[19.58151,45.087847],[19.58187,45.087415],[19.582057,45.087197],[19.582337,45.086796],[19.582503,45.086538],[19.582563,45.086435],[19.582663,45.086332],[19.582769,45.086186],[19.58284,45.0862],[19.582889,45.08615],[19.582972,45.086029],[19.583229,45.085329],[19.583297,45.085239],[19.583559,45.084878],[19.583765,45.084614],[19.584003,45.084274],[19.584064,45.084172],[19.584244,45.084042],[19.584417,45.083859],[19.584823,45.08339],[19.585033,45.083132],[19.585105,45.08307],[19.585211,45.082927],[19.585329,45.082803],[19.585433,45.082701],[19.585633,45.082493],[19.585818,45.082207],[19.585863,45.081994],[19.586544,45.082123],[19.58675,45.082115],[19.586787,45.082047],[19.586755,45.081943],[19.586457,45.081251],[19.58644,45.081044],[19.586388,45.080827],[19.586284,45.08054],[19.586137,45.08039],[19.585871,45.08024],[19.585602,45.080161],[19.585694,45.080021],[19.585719,45.080087],[19.585947,45.080171],[19.586096,45.080239],[19.586434,45.080397],[19.586571,45.080581],[19.586741,45.080872],[19.58677,45.080966],[19.588643,45.081702],[19.58885,45.081563],[19.589354,45.081428],[19.589755,45.081339],[19.590098,45.081252],[19.59048,45.081219],[19.590795,45.081195],[19.591153,45.081149],[19.59125,45.081129],[19.591423,45.081108],[19.591565,45.081145],[19.591852,45.08096],[19.592014,45.080854],[19.592194,45.080691],[19.592235,45.080638],[19.59241,45.080412],[19.592463,45.080299],[19.592581,45.080094],[19.592737,45.079938],[19.592927,45.079674],[19.593085,45.079429],[19.593149,45.079291],[19.593184,45.079192],[19.593205,45.079033],[19.593363,45.078813],[19.59347,45.078768],[19.593552,45.078703],[19.593725,45.078564],[19.593842,45.078396],[19.593932,45.078255],[19.594078,45.077965],[19.594145,45.077823],[19.594332,45.077493],[19.594474,45.077393],[19.594602,45.077322],[19.594646,45.077151],[19.594715,45.076935],[19.594753,45.076731],[19.595164,45.076761],[19.59513,45.0769],[19.595083,45.077065],[19.595026,45.07721],[19.594982,45.077304],[19.594925,45.077393],[19.594865,45.07749],[19.594766,45.077653],[19.594497,45.078052],[19.594233,45.078463],[19.5942,45.078587],[19.594094,45.07876],[19.594044,45.078844],[19.593937,45.079041],[19.59381,45.07917],[19.593635,45.079363],[19.593472,45.079519],[19.592842,45.080145],[19.593099,45.080199],[19.592409,45.081119],[19.592288,45.081243],[19.592038,45.081337],[19.59234,45.081472],[19.592131,45.081631],[19.592458,45.081774],[19.592427,45.081804],[19.592277,45.081841],[19.59217,45.082006],[19.592003,45.082221],[19.591852,45.082087],[19.591658,45.081472],[19.590959,45.081604],[19.590141,45.081721],[19.589078,45.082005],[19.588866,45.082115],[19.588646,45.082231],[19.588517,45.082302],[19.588396,45.082378],[19.587997,45.082588],[19.587588,45.082626],[19.587515,45.082842],[19.587229,45.082803],[19.586922,45.083018],[19.586398,45.083145],[19.586132,45.083422],[19.585945,45.08378],[19.585355,45.084204],[19.58524,45.084589],[19.585093,45.085106],[19.58474,45.085916],[19.58468,45.085939],[19.58447,45.085986],[19.584125,45.085937],[19.583919,45.086346],[19.583689,45.086772],[19.583422,45.087234]]],[[[19.809247,45.193699],[19.809452,45.194045],[19.809663,45.194482],[19.809774,45.194824],[19.809607,45.195171],[19.809417,45.195558],[19.809342,45.195707],[19.809094,45.195777],[19.809116,45.19543],[19.809104,45.195185],[19.808811,45.194773],[19.808726,45.194601],[19.808628,45.194399],[19.808294,45.193635],[19.808123,45.193645],[19.808099,45.193573],[19.808093,45.193426],[19.808018,45.19322],[19.807958,45.192951],[19.808289,45.192927],[19.808728,45.192897],[19.808598,45.192678],[19.808214,45.192709],[19.808148,45.192448],[19.807926,45.192015],[19.807922,45.19183],[19.807895,45.191615],[19.807931,45.191255],[19.807948,45.190971],[19.80789,45.190742],[19.807852,45.190548],[19.807812,45.190395],[19.807683,45.190251],[19.807601,45.190143],[19.807555,45.190036],[19.807468,45.189846],[19.807882,45.18976],[19.807871,45.189494],[19.807632,45.189369],[19.807565,45.189161],[19.807453,45.188944],[19.80743,45.188817],[19.80742,45.188721],[19.807332,45.188595],[19.807244,45.188441],[19.807156,45.188295],[19.807596,45.188205],[19.807479,45.187953],[19.807332,45.187643],[19.806602,45.187839],[19.806487,45.187661],[19.806575,45.187639],[19.806502,45.187441],[19.806733,45.187311],[19.806877,45.187232],[19.807016,45.187097],[19.807325,45.186754],[19.807432,45.186518],[19.807541,45.18637],[19.807656,45.186305],[19.807773,45.186256],[19.807914,45.186177],[19.808231,45.186011],[19.808534,45.185795],[19.808599,45.185819],[19.809019,45.185888],[19.809648,45.185916],[19.810294,45.185858],[19.810621,45.185805],[19.810895,45.186117],[19.811318,45.186062],[19.811384,45.186688],[19.81144,45.187102],[19.811524,45.187282],[19.811591,45.187312],[19.811829,45.187189],[19.81199,45.187134],[19.812094,45.187031],[19.812031,45.187151],[19.811851,45.187245],[19.811677,45.18737],[19.811294,45.187771],[19.810914,45.188142],[19.810536,45.188423],[19.810307,45.188707],[19.810197,45.188854],[19.810172,45.18898],[19.810196,45.18913],[19.810152,45.18924],[19.810062,45.189354],[19.809928,45.189428],[19.809742,45.189412],[19.809602,45.189371],[19.80952,45.189327],[19.809314,45.189177],[19.80928,45.189209],[19.809339,45.189258],[19.809371,45.189358],[19.809489,45.189552],[19.80957,45.189652],[19.809721,45.189694],[19.81012,45.189682],[19.810872,45.19017],[19.81089,45.19021],[19.809889,45.190565],[19.809631,45.190535],[19.809836,45.191087],[19.809213,45.191124],[19.809021,45.191425],[19.808882,45.191743],[19.809084,45.19186],[19.809532,45.191862],[19.809637,45.192064],[19.809615,45.192228],[19.809922,45.192266],[19.809898,45.19247],[19.809822,45.192662],[19.809792,45.192823],[19.809723,45.192867],[19.809616,45.192901],[19.809474,45.192975],[19.809527,45.193005],[19.809877,45.192936],[19.810164,45.192824],[19.810383,45.192713],[19.810464,45.19262],[19.81042,45.192759],[19.810284,45.192887],[19.810081,45.192997],[19.809866,45.193129],[19.809278,45.193456],[19.809151,45.19354],[19.809247,45.193699]]],[[[19.27679,45.162293],[19.276334,45.162243],[19.276212,45.162222],[19.276099,45.162196],[19.276056,45.162162],[19.276044,45.162191],[19.275944,45.162138],[19.275604,45.162081],[19.275532,45.161956],[19.275391,45.161824],[19.275019,45.161677],[19.274673,45.161568],[19.27461,45.161526],[19.273658,45.161419],[19.273376,45.161402],[19.273044,45.161402],[19.272903,45.161414],[19.272337,45.161377],[19.272101,45.161344],[19.271877,45.161291],[19.271285,45.161095],[19.27077,45.160796],[19.270146,45.160363],[19.270302,45.160262],[19.271011,45.160336],[19.271123,45.160194],[19.271193,45.160108],[19.271342,45.159876],[19.271542,45.159623],[19.271668,45.159427],[19.271901,45.15922],[19.272096,45.159135],[19.272348,45.158978],[19.272608,45.158774],[19.272741,45.158598],[19.27288,45.158431],[19.273042,45.158176],[19.273151,45.158258],[19.273321,45.15829],[19.273729,45.158389],[19.275882,45.158765],[19.275949,45.158752],[19.275868,45.159025],[19.275799,45.159296],[19.275658,45.159834],[19.275582,45.160038],[19.275398,45.160703],[19.275424,45.160807],[19.277814,45.161156],[19.278765,45.161226],[19.278718,45.161423],[19.278475,45.161962],[19.278193,45.161926],[19.277952,45.162084],[19.277182,45.162515],[19.277019,45.162424],[19.27679,45.162293]]],[[[19.899411,45.11066],[19.899124,45.11091],[19.898631,45.111339],[19.898261,45.111658],[19.898062,45.111948],[19.897665,45.112531],[19.897008,45.112406],[19.896904,45.112038],[19.896943,45.11199],[19.897841,45.111134],[19.898215,45.110807],[19.898466,45.110588],[19.898735,45.110316],[19.898856,45.110129],[19.899127,45.110023],[19.899679,45.109525],[19.899944,45.109215],[19.900354,45.108882],[19.900558,45.108677],[19.900854,45.108374],[19.901213,45.108197],[19.901802,45.108004],[19.902089,45.107902],[19.902345,45.107826],[19.902625,45.107749],[19.902911,45.107585],[19.902939,45.107564],[19.903036,45.107465],[19.903115,45.107347],[19.903226,45.10724],[19.903545,45.107007],[19.903749,45.106816],[19.90397,45.106651],[19.904099,45.106557],[19.904277,45.10636],[19.904514,45.10609],[19.904678,45.105931],[19.904769,45.105839],[19.90487,45.105748],[19.905035,45.10556],[19.90516,45.105367],[19.905256,45.105156],[19.905383,45.104984],[19.90556,45.104811],[19.905705,45.1046],[19.905871,45.104367],[19.90595,45.10426],[19.906085,45.104079],[19.906182,45.103935],[19.90644,45.103629],[19.906469,45.103485],[19.906361,45.103248],[19.907016,45.103401],[19.908038,45.103566],[19.908446,45.103684],[19.908703,45.103762],[19.90835,45.104221],[19.908146,45.104462],[19.906675,45.105822],[19.906132,45.106326],[19.904943,45.107123],[19.904019,45.107743],[19.902932,45.108236],[19.902935,45.108238],[19.901192,45.10911],[19.900819,45.109444],[19.900841,45.109461],[19.900803,45.109447],[19.900335,45.109857],[19.899931,45.110212],[19.899411,45.11066]]],[[[19.899864,45.113971],[19.899903,45.11388],[19.899943,45.113785],[19.899991,45.113663],[19.900122,45.113545],[19.900328,45.113438],[19.900413,45.113383],[19.900961,45.112638],[19.90038,45.112504],[19.900719,45.11213],[19.901532,45.111378],[19.90146,45.111163],[19.901416,45.111053],[19.901347,45.110906],[19.901702,45.110892],[19.902217,45.11047],[19.903033,45.110015],[19.904122,45.109403],[19.904113,45.109395],[19.905204,45.108934],[19.905549,45.108714],[19.905553,45.108717],[19.905671,45.108773],[19.905768,45.108762],[19.905731,45.108835],[19.905677,45.108992],[19.905615,45.109146],[19.905572,45.109289],[19.905552,45.109357],[19.905505,45.109543],[19.905445,45.109712],[19.9054,45.109817],[19.905312,45.109936],[19.905229,45.110055],[19.905138,45.110177],[19.905068,45.1103],[19.904982,45.110421],[19.90493,45.110501],[19.904866,45.110591],[19.904733,45.110796],[19.904622,45.110968],[19.90456,45.111117],[19.904484,45.111282],[19.904411,45.111428],[19.904341,45.111589],[19.904246,45.111752],[19.904162,45.111921],[19.904076,45.112075],[19.904009,45.112209],[19.903936,45.112355],[19.903846,45.112528],[19.903804,45.112612],[19.903768,45.112703],[19.903705,45.11287],[19.903619,45.113027],[19.903511,45.113175],[19.903382,45.113294],[19.903199,45.113416],[19.902958,45.113526],[19.902746,45.113619],[19.902502,45.113709],[19.902218,45.113788],[19.901923,45.113876],[19.901732,45.113989],[19.901688,45.114038],[19.901562,45.114012],[19.900922,45.113825],[19.900784,45.114008],[19.900259,45.113864],[19.900132,45.114052],[19.899864,45.113971]]],[[[19.939656,45.168764],[19.939776,45.168819],[19.939632,45.16896],[19.940592,45.169378],[19.940602,45.169427],[19.940321,45.169582],[19.939912,45.169692],[19.939894,45.169714],[19.939543,45.169506],[19.939299,45.169356],[19.938887,45.169035],[19.938565,45.168793],[19.938332,45.168609],[19.938117,45.16873],[19.937923,45.168871],[19.937719,45.168623],[19.937481,45.168318],[19.937318,45.168115],[19.937172,45.167737],[19.937004,45.167413],[19.936957,45.167315],[19.936913,45.16726],[19.93699,45.167222],[19.937028,45.167154],[19.937125,45.166968],[19.937267,45.16683],[19.937646,45.166689],[19.937754,45.166707],[19.9379,45.166698],[19.938005,45.16651],[19.938099,45.166339],[19.938157,45.166197],[19.93819,45.166022],[19.938222,45.165954],[19.938342,45.165766],[19.937848,45.165825],[19.937822,45.165577],[19.937735,45.165501],[19.937686,45.165506],[19.937369,45.165537],[19.937106,45.165584],[19.937042,45.165589],[19.937009,45.165588],[19.936839,45.16557],[19.936671,45.165308],[19.936574,45.165222],[19.936529,45.165092],[19.936359,45.16491],[19.936237,45.164805],[19.936059,45.164603],[19.935947,45.164494],[19.935841,45.164445],[19.935798,45.164144],[19.935732,45.163931],[19.935762,45.16385],[19.935886,45.163846],[19.935918,45.163846],[19.93592,45.163844],[19.935973,45.163806],[19.936106,45.163783],[19.936236,45.163858],[19.936566,45.163804],[19.936817,45.163703],[19.9372,45.163569],[19.937484,45.163519],[19.938055,45.163567],[19.938366,45.163658],[19.938234,45.1639],[19.938382,45.163918],[19.938801,45.163981],[19.938783,45.164099],[19.939095,45.164115],[19.939516,45.164102],[19.939817,45.16408],[19.940382,45.164088],[19.940553,45.164095],[19.940554,45.164095],[19.940569,45.164139],[19.940423,45.164155],[19.940325,45.164141],[19.940095,45.164128],[19.940028,45.164131],[19.939679,45.164135],[19.939315,45.164142],[19.939107,45.164151],[19.938834,45.164156],[19.938668,45.16415],[19.938336,45.164086],[19.938098,45.164134],[19.937791,45.164349],[19.937571,45.164521],[19.937814,45.164727],[19.938017,45.164929],[19.938266,45.165121],[19.938511,45.165009],[19.938666,45.165096],[19.938541,45.165263],[19.938867,45.165423],[19.939017,45.165185],[19.93917,45.165104],[19.939145,45.164981],[19.939338,45.16498],[19.939251,45.165185],[19.939472,45.165468],[19.939417,45.165974],[19.93949,45.165995],[19.93965,45.165991],[19.939761,45.166004],[19.939647,45.166161],[19.939554,45.166278],[19.939434,45.166378],[19.939236,45.166541],[19.939057,45.166613],[19.938917,45.166654],[19.938697,45.166733],[19.938473,45.166804],[19.938582,45.166951],[19.938813,45.166842],[19.938982,45.166945],[19.939102,45.167037],[19.939269,45.16721],[19.939364,45.167329],[19.939353,45.167381],[19.939222,45.16751],[19.939315,45.167558],[19.939672,45.167601],[19.94018,45.167611],[19.940351,45.167639],[19.940466,45.167532],[19.940656,45.167597],[19.94094,45.167679],[19.940961,45.167686],[19.940985,45.167684],[19.940998,45.167723],[19.941431,45.167828],[19.941452,45.167664],[19.941461,45.167531],[19.941469,45.167654],[19.941502,45.167787],[19.941493,45.167871],[19.941415,45.167968],[19.941316,45.168014],[19.941274,45.168063],[19.94122,45.168144],[19.941209,45.168203],[19.940284,45.167841],[19.939528,45.167756],[19.939254,45.167828],[19.938789,45.168113],[19.93989,45.168391],[19.939792,45.168487],[19.939968,45.168542],[19.939859,45.168691],[19.939656,45.168764]]],[[[19.521949,45.139405],[19.521895,45.139359],[19.521871,45.139328],[19.521848,45.139249],[19.521852,45.139194],[19.521829,45.139132],[19.521772,45.13909],[19.521632,45.139084],[19.521485,45.139084],[19.521505,45.138979],[19.521293,45.138945],[19.520391,45.138908],[19.520038,45.138987],[19.520024,45.138967],[19.520027,45.138878],[19.520007,45.138805],[19.519948,45.138718],[19.519851,45.138643],[19.52,45.138633],[19.520457,45.1386],[19.520488,45.138233],[19.520813,45.138174],[19.521021,45.138132],[19.521446,45.138046],[19.521656,45.138447],[19.522441,45.138015],[19.522874,45.137937],[19.522894,45.137883],[19.522904,45.137844],[19.522997,45.137868],[19.523156,45.137894],[19.523465,45.137913],[19.523617,45.137921],[19.523827,45.137918],[19.524006,45.137915],[19.524114,45.13793],[19.524202,45.13795],[19.524186,45.138022],[19.524133,45.138375],[19.524174,45.138394],[19.524289,45.138407],[19.524372,45.138404],[19.524486,45.138398],[19.524799,45.138355],[19.524819,45.138093],[19.525001,45.138125],[19.525303,45.138183],[19.525394,45.13821],[19.525451,45.138219],[19.52549,45.138219],[19.525546,45.138202],[19.525615,45.138195],[19.525864,45.138157],[19.525907,45.138451],[19.525342,45.138499],[19.525172,45.138543],[19.524969,45.138599],[19.524724,45.138672],[19.524452,45.138751],[19.524479,45.138859],[19.524101,45.13886],[19.524098,45.139282],[19.523358,45.139294],[19.523402,45.139068],[19.522765,45.139036],[19.522504,45.139414],[19.522101,45.139407],[19.522026,45.139425],[19.521993,45.139427],[19.521949,45.139405]]],[[[19.289013,45.135428],[19.287927,45.135871],[19.287246,45.135136],[19.287405,45.135067],[19.287572,45.134976],[19.287807,45.134914],[19.288163,45.134839],[19.288406,45.134789],[19.288654,45.134559],[19.28874,45.134512],[19.289202,45.134528],[19.289229,45.134542],[19.289676,45.134415],[19.290642,45.1341],[19.291199,45.13402],[19.291685,45.133896],[19.291969,45.133832],[19.292174,45.133821],[19.292653,45.133788],[19.293016,45.133748],[19.292877,45.133826],[19.292799,45.133948],[19.292351,45.134222],[19.291531,45.1344],[19.290509,45.134855],[19.289393,45.135267],[19.289013,45.135428]]],[[[19.80962,45.196784],[19.809501,45.196681],[19.809389,45.196623],[19.809476,45.196614],[19.809554,45.196534],[19.809636,45.196406],[19.809675,45.196342],[19.809657,45.195969],[19.809836,45.195754],[19.810065,45.195472],[19.810217,45.195285],[19.810431,45.195019],[19.810692,45.194724],[19.811154,45.194944],[19.811767,45.194462],[19.812003,45.194411],[19.812038,45.194408],[19.811874,45.194814],[19.811745,45.194979],[19.811694,45.195218],[19.811317,45.19549],[19.811174,45.19559],[19.811267,45.195717],[19.811097,45.195834],[19.811382,45.196024],[19.811825,45.19589],[19.811959,45.195988],[19.811251,45.196286],[19.811174,45.196344],[19.810973,45.196514],[19.810931,45.196479],[19.810081,45.197121],[19.809753,45.196904],[19.80962,45.196784]]],[[[19.90982,45.099112],[19.909994,45.09915],[19.909991,45.099179],[19.909971,45.099232],[19.90994,45.099289],[19.909893,45.099353],[19.909857,45.099408],[19.909818,45.099457],[19.909788,45.099493],[19.909755,45.099533],[19.909724,45.099586],[19.909677,45.099689],[19.909638,45.099743],[19.90961,45.099806],[19.909563,45.099855],[19.909455,45.100037],[19.909414,45.100184],[19.909351,45.100257],[19.909426,45.100275],[19.909359,45.100402],[19.909323,45.100465],[19.909395,45.100477],[19.909356,45.100549],[19.90929,45.100659],[19.909272,45.100712],[19.909245,45.100761],[19.909217,45.100813],[19.909189,45.10087],[19.909158,45.100921],[19.909146,45.100965],[19.909097,45.101036],[19.909041,45.10115],[19.909013,45.101215],[19.908982,45.101277],[19.908967,45.101338],[19.908947,45.101413],[19.908919,45.101464],[19.908891,45.101519],[19.908866,45.101564],[19.908832,45.101625],[19.908796,45.101687],[19.908774,45.101739],[19.908738,45.101788],[19.908713,45.101835],[19.908682,45.10189],[19.90864,45.101959],[19.908613,45.102002],[19.908579,45.102053],[19.90849,45.102201],[19.908465,45.102258],[19.908437,45.102319],[19.908414,45.102376],[19.908387,45.102425],[19.908356,45.102484],[19.908312,45.102539],[19.908278,45.102592],[19.908253,45.102651],[19.908204,45.102706],[19.908173,45.102762],[19.90815,45.102833],[19.908119,45.10289],[19.908089,45.102945],[19.908066,45.102992],[19.908041,45.103041],[19.908016,45.103095],[19.907954,45.103212],[19.90788,45.103183],[19.907594,45.10305],[19.907348,45.102947],[19.907212,45.102887],[19.906988,45.102782],[19.906881,45.102737],[19.90702,45.10269],[19.907311,45.102348],[19.90736,45.102215],[19.907586,45.102115],[19.90767,45.102039],[19.907812,45.101808],[19.907953,45.101575],[19.90802,45.101468],[19.908095,45.101347],[19.908266,45.101133],[19.908426,45.100925],[19.908599,45.100715],[19.908685,45.100607],[19.908727,45.100495],[19.908791,45.10026],[19.908988,45.10009],[19.909508,45.099491],[19.909646,45.099311],[19.909697,45.099176],[19.909571,45.099047],[19.90982,45.099112]]],[[[19.812065,45.195645],[19.811766,45.195602],[19.81179,45.195551],[19.81198,45.195164],[19.812595,45.193888],[19.812967,45.193492],[19.813277,45.193716],[19.813548,45.19404],[19.813444,45.194082],[19.813302,45.194357],[19.813503,45.194721],[19.813403,45.194989],[19.813845,45.195074],[19.813658,45.195133],[19.813439,45.19508],[19.81329,45.195282],[19.81301,45.19543],[19.812065,45.195645]]],[[[19.814644,45.184149],[19.815579,45.184889],[19.815416,45.184991],[19.815044,45.185157],[19.814706,45.185251],[19.814477,45.185135],[19.812957,45.184273],[19.813075,45.184063],[19.813326,45.183611],[19.813878,45.183877],[19.814406,45.183739],[19.814644,45.184149]]],[[[19.76227,45.110662],[19.762173,45.110587],[19.761834,45.110364],[19.761536,45.110189],[19.761349,45.110205],[19.761053,45.110332],[19.761018,45.110375],[19.760792,45.110393],[19.760638,45.110469],[19.760327,45.110502],[19.760537,45.11019],[19.760655,45.110094],[19.761274,45.109631],[19.761549,45.109438],[19.762005,45.109199],[19.762149,45.109223],[19.762528,45.109167],[19.762721,45.109233],[19.763157,45.109308],[19.762964,45.109481],[19.762785,45.109693],[19.762863,45.109734],[19.762478,45.109906],[19.762621,45.110221],[19.762422,45.110428],[19.76227,45.110662]]],[[[19.523809,45.141852],[19.52379,45.141944],[19.523808,45.142021],[19.523842,45.142133],[19.523477,45.142209],[19.523458,45.142162],[19.523333,45.141917],[19.523293,45.141771],[19.523283,45.141662],[19.523265,45.14144],[19.52325,45.141223],[19.523263,45.141231],[19.524092,45.141168],[19.524471,45.141094],[19.524836,45.14103],[19.525288,45.140964],[19.525522,45.140896],[19.525747,45.140775],[19.526129,45.140713],[19.526304,45.141341],[19.526384,45.141638],[19.526002,45.14174],[19.525717,45.141181],[19.525419,45.141237],[19.525264,45.141399],[19.524893,45.141571],[19.524375,45.141812],[19.524282,45.141772],[19.524105,45.141727],[19.523946,45.141742],[19.523854,45.141788],[19.523809,45.141852]]],[[[19.814409,45.190038],[19.814477,45.190058],[19.814247,45.190332],[19.814663,45.190607],[19.814099,45.190894],[19.813835,45.190655],[19.813893,45.190572],[19.814193,45.190178],[19.814407,45.189926],[19.814409,45.190038]]]]}},{"type":"Feature","properties":{"name":"Вршачке планине","name_lat":"Vrsacke planine","type":"ZP","rajac":false,"pa_type":"ZP","pa_id":"vrsacke-planine"},"geometry":{"type":"MultiPolygon","coordinates":[[[[21.370844,45.176655],[21.361985,45.175736],[21.339658,45.169607],[21.318942,45.160064],[21.329738,45.148713],[21.336394,45.145473],[21.339296,45.145174],[21.344255,45.145939],[21.348525,45.148246],[21.35291,45.149055],[21.352456,45.148215],[21.351954,45.147113],[21.352964,45.146644],[21.353675,45.145901],[21.351521,45.145683],[21.348863,45.144028],[21.34663,45.142145],[21.34573,45.139934],[21.34474,45.137803],[21.344351,45.137056],[21.345474,45.135931],[21.345407,45.135587],[21.34396,45.134683],[21.342859,45.136004],[21.341996,45.136588],[21.342089,45.13683],[21.341346,45.136602],[21.339892,45.136515],[21.338503,45.13613],[21.338394,45.135412],[21.339348,45.134358],[21.337946,45.133995],[21.336026,45.133345],[21.334622,45.133074],[21.333813,45.133242],[21.332693,45.132854],[21.330737,45.132061],[21.331054,45.130867],[21.332512,45.129057],[21.330164,45.13127],[21.329418,45.132164],[21.328893,45.131403],[21.328908,45.130043],[21.327368,45.130576],[21.325453,45.130322],[21.324599,45.129634],[21.323526,45.128555],[21.324238,45.127774],[21.322279,45.127148],[21.321483,45.126424],[21.321493,45.125838],[21.320411,45.125161],[21.32106,45.124141],[21.321784,45.12408],[21.320798,45.122971],[21.320841,45.121797],[21.32015,45.12265],[21.320087,45.121449],[21.321748,45.119377],[21.322708,45.119862],[21.323098,45.118716],[21.325016,45.11635],[21.324498,45.11672],[21.325549,45.115483],[21.328295,45.113987],[21.331517,45.113845],[21.332204,45.116255],[21.335704,45.116509],[21.339591,45.116348],[21.343077,45.115712],[21.344252,45.117167],[21.344669,45.118354],[21.344445,45.119802],[21.345833,45.117095],[21.34771,45.114603],[21.350751,45.112471],[21.351682,45.114292],[21.354249,45.115974],[21.354255,45.117125],[21.356301,45.116757],[21.357628,45.117959],[21.358357,45.119103],[21.357379,45.120617],[21.357173,45.121499],[21.35607,45.123055],[21.357652,45.12294],[21.358081,45.123029],[21.359258,45.122745],[21.360185,45.123789],[21.362724,45.12449],[21.364966,45.123658],[21.363758,45.122017],[21.363864,45.120968],[21.361236,45.119339],[21.361887,45.117909],[21.36312,45.116218],[21.362583,45.115297],[21.363099,45.113806],[21.364826,45.111759],[21.367415,45.109607],[21.369359,45.107074],[21.372328,45.109845],[21.376378,45.112998],[21.382675,45.11215],[21.385408,45.111718],[21.388453,45.112149],[21.392012,45.111325],[21.395485,45.111193],[21.399015,45.109586],[21.400433,45.10816],[21.40178,45.108891],[21.399467,45.110824],[21.399413,45.112843],[21.400654,45.113679],[21.402133,45.114213],[21.404908,45.114958],[21.408019,45.11577],[21.415652,45.116504],[21.416873,45.113881],[21.41817,45.11213],[21.420337,45.108312],[21.423216,45.108839],[21.428005,45.109636],[21.429161,45.110641],[21.43081,45.111847],[21.431923,45.112791],[21.438737,45.111992],[21.441709,45.109212],[21.440376,45.105387],[21.441321,45.100118],[21.443211,45.098304],[21.440898,45.097132],[21.439584,45.094706],[21.440406,45.093908],[21.441137,45.093523],[21.44295,45.092813],[21.444698,45.091917],[21.446572,45.091435],[21.449378,45.091607],[21.450747,45.090306],[21.45702,45.09278],[21.455759,45.093984],[21.455939,45.096178],[21.455839,45.09814],[21.471015,45.105628],[21.478382,45.119727],[21.480746,45.122457],[21.484271,45.124174],[21.488566,45.125345],[21.492937,45.125107],[21.498451,45.125515],[21.510326,45.131123],[21.508383,45.137525],[21.503497,45.138837],[21.502933,45.135988],[21.499171,45.131784],[21.496096,45.130251],[21.491392,45.130679],[21.481487,45.131751],[21.475301,45.12759],[21.466027,45.128361],[21.462935,45.127781],[21.461477,45.12992],[21.455483,45.129154],[21.451278,45.128501],[21.452575,45.131161],[21.455602,45.138727],[21.447999,45.13861],[21.446896,45.140579],[21.446134,45.142064],[21.445285,45.140354],[21.44349,45.139517],[21.44237,45.139577],[21.439146,45.139547],[21.435183,45.139534],[21.432304,45.140544],[21.433488,45.143471],[21.432942,45.143848],[21.431651,45.145725],[21.429717,45.146138],[21.42857,45.144984],[21.426137,45.144481],[21.423367,45.146484],[21.420434,45.147869],[21.414427,45.148359],[21.406492,45.147067],[21.402583,45.143753],[21.388528,45.145947],[21.389885,45.147931],[21.394081,45.148451],[21.395508,45.151205],[21.396522,45.153556],[21.396371,45.155228],[21.396494,45.158215],[21.397671,45.158256],[21.397014,45.158875],[21.395535,45.161573],[21.393386,45.164625],[21.390756,45.167656],[21.382906,45.170863],[21.374932,45.174078],[21.370844,45.176655]]],[[[21.375103,45.153364],[21.375662,45.153492],[21.375662,45.153493],[21.375686,45.153524],[21.375694,45.15354],[21.375732,45.153604],[21.375783,45.153691],[21.375826,45.153808],[21.375804,45.153921],[21.37583,45.153942],[21.375857,45.153964],[21.375831,45.154041],[21.375774,45.154053],[21.375771,45.154059],[21.375741,45.154115],[21.375618,45.154206],[21.375498,45.154294],[21.375617,45.154331],[21.37576,45.154436],[21.375768,45.154554],[21.375834,45.154579],[21.375901,45.154604],[21.375915,45.154646],[21.375835,45.154644],[21.375772,45.154642],[21.375701,45.154651],[21.375683,45.154688],[21.375835,45.15473],[21.375843,45.154732],[21.375835,45.154743],[21.375786,45.154809],[21.375785,45.154811],[21.375785,45.154812],[21.375796,45.154851],[21.375797,45.154858],[21.375677,45.154885],[21.375609,45.154988],[21.375637,45.155078],[21.375618,45.155125],[21.375547,45.155151],[21.375532,45.155157],[21.375492,45.155151],[21.375345,45.155132],[21.37531,45.155152],[21.375293,45.155161],[21.375405,45.15521],[21.375405,45.155254],[21.375406,45.155439],[21.375366,45.155607],[21.375362,45.155622],[21.375348,45.155683],[21.375191,45.155701],[21.375266,45.155761],[21.375236,45.155787],[21.375235,45.155787],[21.375125,45.155879],[21.375096,45.155942],[21.374945,45.156044],[21.374953,45.156127],[21.374919,45.156188],[21.37497,45.156276],[21.374896,45.156424],[21.374811,45.156577],[21.37471,45.156523],[21.374588,45.156452],[21.374514,45.156345],[21.374482,45.156245],[21.374463,45.156152],[21.374481,45.156073],[21.374568,45.15583],[21.374588,45.155712],[21.374619,45.155536],[21.374646,45.155383],[21.374668,45.155255],[21.374748,45.154964],[21.374797,45.154833],[21.374843,45.154525],[21.374837,45.154511],[21.374824,45.154477],[21.374831,45.154461],[21.374824,45.154341],[21.374817,45.154229],[21.374832,45.154195],[21.374817,45.153744],[21.374842,45.153607],[21.374843,45.153524],[21.374844,45.153454],[21.3746,45.15334],[21.374564,45.153308],[21.37456,45.153305],[21.374561,45.153304],[21.374555,45.153289],[21.374537,45.153245],[21.375103,45.153364]]]]}},{"type":"Feature","properties":{"name":"Жељин","name_lat":"Zeljin","type":"ZP","rajac":false,"pa_type":"ZP","pa_id":"zeljin"},"geometry":{"type":"Polygon","coordinates":[[[20.822516,43.441402],[20.822642,43.44362],[20.823442,43.445314],[20.824901,43.447197],[20.828059,43.449264],[20.831082,43.446941],[20.83254,43.448484],[20.835234,43.44695],[20.835322,43.448827],[20.831906,43.452815],[20.83329,43.456299],[20.827758,43.457169],[20.831894,43.458741],[20.827161,43.458814],[20.826092,43.459897],[20.822712,43.46105],[20.8234,43.463385],[20.82328,43.466603],[20.827833,43.467832],[20.829448,43.46972],[20.828345,43.472465],[20.828274,43.475316],[20.826757,43.478584],[20.82284,43.482407],[20.817394,43.484948],[20.814275,43.486375],[20.80538,43.487981],[20.801764,43.490696],[20.796907,43.491999],[20.792825,43.491648],[20.789116,43.491252],[20.78333,43.49192],[20.780688,43.49119],[20.778344,43.489716],[20.776534,43.488395],[20.773583,43.488587],[20.772333,43.48756],[20.772568,43.486472],[20.77066,43.485964],[20.767504,43.485064],[20.761532,43.485523],[20.756624,43.486121],[20.752288,43.485099],[20.749209,43.483196],[20.747271,43.481173],[20.743022,43.481704],[20.743977,43.47919],[20.740783,43.47927],[20.739001,43.481481],[20.735888,43.481206],[20.731164,43.481485],[20.732705,43.483119],[20.733952,43.482015],[20.732357,43.484053],[20.731197,43.485453],[20.729642,43.486364],[20.728023,43.485273],[20.725108,43.482394],[20.721601,43.48246],[20.71994,43.484175],[20.725019,43.483563],[20.722051,43.484269],[20.718634,43.484785],[20.715834,43.484277],[20.716193,43.483348],[20.718466,43.479124],[20.721172,43.474547],[20.725976,43.471186],[20.730301,43.461802],[20.727102,43.460319],[20.721378,43.458432],[20.719531,43.455847],[20.717299,43.45631],[20.716521,43.458407],[20.716643,43.459766],[20.716509,43.46076],[20.713953,43.463056],[20.718981,43.46562],[20.717216,43.467129],[20.716918,43.468428],[20.71402,43.470014],[20.710353,43.472079],[20.706358,43.471868],[20.702944,43.47263],[20.697877,43.471347],[20.698281,43.46664],[20.695653,43.465434],[20.691915,43.463357],[20.688636,43.463357],[20.686188,43.462624],[20.681687,43.461191],[20.676252,43.461613],[20.670063,43.460685],[20.674195,43.459331],[20.676128,43.4553],[20.676336,43.452038],[20.675358,43.449531],[20.675116,43.446838],[20.679154,43.445487],[20.67689,43.444216],[20.674683,43.443498],[20.677996,43.442494],[20.682025,43.44201],[20.679566,43.441024],[20.682407,43.440554],[20.69159,43.439384],[20.693083,43.437685],[20.694533,43.438138],[20.695822,43.437024],[20.695873,43.438639],[20.699397,43.438762],[20.699414,43.436008],[20.701338,43.43499],[20.70298,43.43482],[20.707442,43.434196],[20.710021,43.434919],[20.713629,43.43443],[20.714864,43.432473],[20.719504,43.431955],[20.722306,43.430571],[20.72302,43.429007],[20.722977,43.426835],[20.718354,43.423034],[20.717048,43.422396],[20.713334,43.423391],[20.713071,43.420826],[20.70885,43.419235],[20.705617,43.416025],[20.704912,43.412481],[20.699447,43.410354],[20.699893,43.408675],[20.702351,43.407116],[20.707923,43.408113],[20.712884,43.409068],[20.71336,43.409942],[20.710239,43.410867],[20.71039,43.413305],[20.713788,43.414875],[20.717487,43.416146],[20.721159,43.415768],[20.723177,43.414996],[20.723779,43.413817],[20.725984,43.414034],[20.726781,43.414356],[20.728546,43.413998],[20.728244,43.416344],[20.729001,43.419197],[20.726114,43.420836],[20.727327,43.424098],[20.729004,43.425833],[20.730292,43.42767],[20.729507,43.431525],[20.729084,43.432307],[20.729287,43.43683],[20.732594,43.433903],[20.733942,43.435484],[20.734113,43.438033],[20.735488,43.438579],[20.736766,43.439333],[20.738795,43.438398],[20.74161,43.437343],[20.744815,43.436418],[20.745881,43.435576],[20.747115,43.434557],[20.749984,43.43269],[20.751383,43.430169],[20.751057,43.428412],[20.753138,43.425746],[20.756326,43.425592],[20.759685,43.423365],[20.761122,43.421873],[20.762857,43.421151],[20.765618,43.421399],[20.767847,43.422114],[20.77115,43.421545],[20.77565,43.420651],[20.776815,43.421251],[20.777731,43.42178],[20.778565,43.421732],[20.77975,43.422042],[20.780723,43.42233],[20.779364,43.422392],[20.779633,43.422841],[20.780507,43.42261],[20.781687,43.422295],[20.782043,43.427813],[20.784608,43.432365],[20.788123,43.435113],[20.792701,43.433624],[20.794844,43.433981],[20.798213,43.433568],[20.800372,43.433905],[20.800203,43.437968],[20.798847,43.440877],[20.801504,43.440753],[20.803307,43.440262],[20.805879,43.441574],[20.805755,43.44386],[20.805075,43.445525],[20.805827,43.446857],[20.809392,43.447967],[20.812123,43.448203],[20.81776,43.445021],[20.818703,43.442165],[20.822516,43.441402]]]}},{"type":"Feature","properties":{"name":"Царска бара","name_lat":"Carska bara","type":"ZP","rajac":false,"pa_type":"ZP","pa_id":"carska-bara"},"geometry":{"type":"MultiPolygon","coordinates":[[[[20.411677,45.316269],[20.411662,45.316838],[20.411532,45.31942],[20.411532,45.319453],[20.411506,45.320361],[20.411499,45.320706],[20.411499,45.320989],[20.411498,45.321105],[20.411471,45.321755],[20.411445,45.32223],[20.411406,45.323759],[20.411397,45.324935],[20.411372,45.325374],[20.411345,45.326048],[20.411348,45.326099],[20.411344,45.326171],[20.4113,45.327435],[20.411298,45.327483],[20.411272,45.328214],[20.411195,45.33062],[20.409548,45.329979],[20.406993,45.328975],[20.403106,45.327437],[20.402921,45.327362],[20.402808,45.327313],[20.40231,45.327118],[20.401145,45.326655],[20.400498,45.326404],[20.400141,45.326123],[20.398177,45.325076],[20.397418,45.324665],[20.393785,45.322703],[20.393549,45.322583],[20.393048,45.322352],[20.392371,45.322026],[20.39186,45.321782],[20.390961,45.321353],[20.389796,45.320795],[20.389334,45.320573],[20.387316,45.319618],[20.385785,45.318891],[20.385714,45.31886],[20.383622,45.317864],[20.382153,45.317163],[20.381328,45.316772],[20.379903,45.316154],[20.378689,45.315636],[20.3776,45.315144],[20.376533,45.314679],[20.376072,45.314383],[20.375892,45.314301],[20.374675,45.313794],[20.374124,45.313557],[20.37402,45.313519],[20.373003,45.313159],[20.372861,45.313088],[20.371945,45.312632],[20.371218,45.312452],[20.370507,45.312128],[20.370471,45.312115],[20.370162,45.311973],[20.370098,45.311942],[20.369486,45.311679],[20.368339,45.311164],[20.36629,45.310286],[20.366086,45.31021],[20.365726,45.310051],[20.365518,45.309958],[20.365185,45.309823],[20.36487,45.309679],[20.364827,45.309661],[20.364571,45.309557],[20.363558,45.309119],[20.363299,45.309011],[20.362555,45.30869],[20.358588,45.30687],[20.358529,45.306852],[20.35673,45.306028],[20.351395,45.3036],[20.349251,45.302625],[20.34815,45.302122],[20.347799,45.301963],[20.346715,45.301275],[20.346675,45.301247],[20.345895,45.300757],[20.345171,45.300294],[20.344905,45.300125],[20.344492,45.299869],[20.341414,45.297811],[20.340227,45.297009],[20.340161,45.296967],[20.33981,45.296731],[20.337073,45.294994],[20.334951,45.293632],[20.334903,45.293603],[20.333911,45.292947],[20.333377,45.292591],[20.332131,45.291585],[20.331765,45.291295],[20.331297,45.290991],[20.331243,45.290955],[20.32995,45.290132],[20.328454,45.289171],[20.326015,45.287553],[20.324716,45.286717],[20.323567,45.285963],[20.322614,45.285335],[20.32083,45.284112],[20.320706,45.28404],[20.320084,45.28359],[20.319452,45.283132],[20.319257,45.283],[20.317756,45.281921],[20.317508,45.28174],[20.316499,45.281008],[20.316454,45.280974],[20.316345,45.280894],[20.313926,45.279135],[20.312788,45.278315],[20.311803,45.2776],[20.310751,45.276848],[20.31024,45.276501],[20.307906,45.274717],[20.306916,45.273963],[20.306368,45.27354],[20.305438,45.272808],[20.304788,45.272427],[20.304459,45.272213],[20.304421,45.27218],[20.303913,45.271823],[20.303807,45.27175],[20.303617,45.271623],[20.303488,45.271538],[20.303074,45.271207],[20.301818,45.270269],[20.299959,45.268888],[20.30053,45.268164],[20.30241,45.267742],[20.306402,45.26635],[20.30931,45.265347],[20.310336,45.264991],[20.312941,45.264634],[20.312118,45.262453],[20.313896,45.260827],[20.314162,45.260578],[20.316178,45.259555],[20.317348,45.258943],[20.321288,45.256833],[20.322137,45.256378],[20.323532,45.255435],[20.325163,45.254336],[20.325686,45.254759],[20.326585,45.255484],[20.326656,45.255529],[20.3273,45.256043],[20.328395,45.256924],[20.330128,45.258311],[20.330955,45.2588],[20.332077,45.259464],[20.33296,45.260018],[20.333337,45.260247],[20.334008,45.260654],[20.335149,45.260738],[20.335278,45.26075],[20.336697,45.260857],[20.338055,45.261751],[20.340433,45.263316],[20.343193,45.265141],[20.344694,45.266136],[20.346012,45.266866],[20.349336,45.269085],[20.348097,45.270018],[20.347338,45.270593],[20.346755,45.271029],[20.346724,45.271052],[20.346343,45.271335],[20.346063,45.271544],[20.345829,45.271715],[20.344423,45.272751],[20.344029,45.273041],[20.345459,45.274183],[20.347185,45.275568],[20.348225,45.276476],[20.35028,45.278273],[20.352713,45.280201],[20.352921,45.280524],[20.352951,45.280573],[20.353202,45.280994],[20.355714,45.282734],[20.355797,45.282794],[20.355916,45.282876],[20.355967,45.282914],[20.356035,45.282945],[20.356379,45.283192],[20.358227,45.283954],[20.35889,45.28423],[20.358378,45.285707],[20.358386,45.286182],[20.358401,45.286681],[20.358467,45.288215],[20.363189,45.288608],[20.363499,45.288637],[20.364919,45.288946],[20.366367,45.289265],[20.370035,45.290546],[20.371252,45.29097],[20.373285,45.292283],[20.374291,45.292936],[20.375634,45.29445],[20.378192,45.295789],[20.380376,45.296933],[20.381112,45.297319],[20.382514,45.297373],[20.385683,45.298191],[20.385927,45.298315],[20.38599,45.298362],[20.387441,45.299135],[20.389247,45.299807],[20.390338,45.300133],[20.39206,45.300294],[20.39232,45.300318],[20.392741,45.300562],[20.394855,45.30184],[20.398852,45.30204],[20.400678,45.302364],[20.402543,45.302547],[20.40369,45.302663],[20.40481,45.302866],[20.404973,45.302894],[20.406272,45.303126],[20.407936,45.304447],[20.40806,45.304547],[20.408129,45.304599],[20.408569,45.304951],[20.408627,45.304998],[20.409032,45.305322],[20.409072,45.305353],[20.409161,45.30542],[20.409237,45.305483],[20.410573,45.306556],[20.410621,45.306594],[20.411101,45.306982],[20.411342,45.307161],[20.411506,45.30729],[20.411585,45.307359],[20.411701,45.307431],[20.41172,45.30838],[20.411748,45.309559],[20.411654,45.309706],[20.41163,45.309793],[20.411642,45.310275],[20.411644,45.310407],[20.41166,45.31087],[20.411664,45.311154],[20.411712,45.311401],[20.41185,45.311851],[20.41208,45.312365],[20.412101,45.312618],[20.412193,45.3133],[20.412376,45.313694],[20.412571,45.313909],[20.412898,45.314163],[20.412332,45.314438],[20.41198,45.31466],[20.412003,45.314699],[20.412044,45.316046],[20.412046,45.316159],[20.411998,45.316192],[20.411728,45.316128],[20.411677,45.316269]]],[[[20.411094,45.280887],[20.408513,45.282274],[20.407071,45.28312],[20.405245,45.284061],[20.403138,45.285172],[20.400814,45.285347],[20.397183,45.285159],[20.394757,45.284372],[20.394526,45.281911],[20.394282,45.279869],[20.394203,45.278017],[20.394063,45.276329],[20.393945,45.274955],[20.393869,45.274041],[20.393796,45.273179],[20.393746,45.272661],[20.393631,45.271042],[20.393042,45.268393],[20.391716,45.266846],[20.390371,45.266306],[20.388421,45.264093],[20.387354,45.263543],[20.386163,45.261794],[20.385835,45.260787],[20.385037,45.260519],[20.384142,45.259427],[20.383582,45.259681],[20.381935,45.260426],[20.381302,45.260713],[20.381007,45.26038],[20.378835,45.258546],[20.378028,45.258926],[20.376683,45.259577],[20.376279,45.259771],[20.375968,45.25973],[20.374639,45.260315],[20.372111,45.258259],[20.370449,45.258975],[20.367262,45.260464],[20.367455,45.262029],[20.367527,45.262581],[20.367642,45.263557],[20.36786,45.265565],[20.367832,45.265414],[20.366889,45.265061],[20.366163,45.265353],[20.363776,45.263929],[20.356367,45.259718],[20.35531,45.259148],[20.35404,45.258846],[20.352081,45.258103],[20.35042,45.255791],[20.35044,45.255137],[20.352261,45.255947],[20.353661,45.255313],[20.354749,45.254317],[20.358106,45.251132],[20.358792,45.247441],[20.359261,45.245015],[20.358804,45.244633],[20.35795,45.245136],[20.356316,45.243093],[20.352449,45.240864],[20.351789,45.239777],[20.351202,45.239132],[20.350565,45.238626],[20.349929,45.237406],[20.349749,45.236859],[20.349484,45.236608],[20.349217,45.236488],[20.34811,45.235366],[20.347362,45.233892],[20.347612,45.232644],[20.34797,45.232057],[20.3471,45.230648],[20.345854,45.229006],[20.344967,45.227849],[20.34716,45.228937],[20.348741,45.230618],[20.352759,45.232973],[20.352467,45.234217],[20.353136,45.234976],[20.353614,45.235523],[20.354069,45.235905],[20.35481,45.237168],[20.355332,45.238222],[20.355177,45.23886],[20.356142,45.240048],[20.356655,45.240629],[20.357015,45.241037],[20.357752,45.24147],[20.358443,45.241876],[20.359166,45.242299],[20.360146,45.242871],[20.361081,45.243417],[20.361669,45.243763],[20.36354,45.244349],[20.365005,45.244652],[20.365164,45.244795],[20.371338,45.24198],[20.370534,45.241123],[20.369252,45.239739],[20.367133,45.237414],[20.366376,45.236569],[20.365607,45.235712],[20.363695,45.233587],[20.363146,45.229849],[20.362328,45.224149],[20.362095,45.220848],[20.362204,45.220645],[20.366194,45.220435],[20.366276,45.218803],[20.365067,45.217678],[20.364372,45.217215],[20.36432,45.216683],[20.362529,45.215308],[20.359286,45.214799],[20.355095,45.21329],[20.349647,45.211752],[20.339555,45.212244],[20.336263,45.211645],[20.332035,45.210153],[20.328146,45.209928],[20.322004,45.21111],[20.320553,45.209653],[20.319735,45.20895],[20.320742,45.208975],[20.324071,45.208694],[20.328115,45.208278],[20.330921,45.208101],[20.332405,45.208329],[20.337112,45.209469],[20.337253,45.209528],[20.338952,45.209742],[20.342484,45.20962],[20.348711,45.209237],[20.350811,45.209181],[20.354775,45.20976],[20.355761,45.210334],[20.358562,45.212264],[20.358939,45.212467],[20.360935,45.212772],[20.363533,45.213181],[20.364616,45.213326],[20.366789,45.213691],[20.367532,45.214036],[20.368809,45.214271],[20.369494,45.214353],[20.370028,45.214448],[20.37059,45.214548],[20.371073,45.214635],[20.371675,45.21476],[20.372353,45.214853],[20.373328,45.215171],[20.374431,45.215306],[20.375137,45.21539],[20.375819,45.215481],[20.376734,45.215595],[20.377327,45.215615],[20.377877,45.215781],[20.379304,45.216164],[20.380072,45.216207],[20.380622,45.216099],[20.381087,45.21598],[20.382129,45.216032],[20.383005,45.216255],[20.384186,45.216267],[20.384683,45.216393],[20.38577,45.21655],[20.386866,45.216724],[20.388153,45.217019],[20.389172,45.217189],[20.393659,45.219871],[20.397864,45.222409],[20.399793,45.223858],[20.400594,45.225123],[20.400825,45.225347],[20.401203,45.225964],[20.402007,45.226996],[20.402655,45.227998],[20.402802,45.22969],[20.402908,45.232229],[20.402722,45.234714],[20.403311,45.237537],[20.403334,45.2384],[20.402983,45.239123],[20.401225,45.240507],[20.401676,45.243746],[20.402499,45.246418],[20.402296,45.247933],[20.402941,45.249269],[20.403747,45.24926],[20.403952,45.249746],[20.404198,45.250281],[20.404458,45.250822],[20.405228,45.253355],[20.40588,45.254943],[20.407373,45.25573],[20.410757,45.257464],[20.414063,45.259224],[20.416827,45.261139],[20.417619,45.261596],[20.418894,45.262229],[20.421962,45.263063],[20.423048,45.26346],[20.427879,45.265679],[20.429233,45.266721],[20.431194,45.269353],[20.433021,45.272553],[20.434288,45.276465],[20.434544,45.279234],[20.4343,45.281304],[20.435613,45.282184],[20.436496,45.282494],[20.436176,45.282807],[20.435815,45.283331],[20.434263,45.283456],[20.431927,45.283587],[20.426817,45.284297],[20.419794,45.284364],[20.419116,45.284043],[20.418621,45.284313],[20.41692,45.283478],[20.412877,45.281186],[20.411094,45.280887]]]]}},{"type":"Feature","properties":{"name":"Ковиљско-петроварадински рит","name_lat":"Koviljsko-pertovaradinski rit","type":"ZP","rajac":false,"pa_type":"ZP","pa_id":"koviljsko-pertovaradinski-rit"},"geometry":{"type":"MultiPolygon","coordinates":[[[[19.926556,45.22956],[19.926528,45.229649],[19.926459,45.229873],[19.926388,45.230099],[19.92607,45.231122],[19.926239,45.231193],[19.925792,45.232348],[19.924887,45.233519],[19.924457,45.23381],[19.923978,45.234108],[19.923431,45.234467],[19.922902,45.234732],[19.922709,45.234719],[19.922564,45.234707],[19.922425,45.23464],[19.922425,45.234608],[19.922502,45.23421],[19.922588,45.233739],[19.923087,45.232791],[19.923465,45.23226],[19.923556,45.232163],[19.92386,45.23181],[19.924126,45.231492],[19.924443,45.231175],[19.925099,45.230569],[19.925548,45.230191],[19.926094,45.229726],[19.926274,45.229598],[19.926433,45.229507],[19.926523,45.229501],[19.926556,45.22956]]],[[[19.922227,45.238453],[19.921959,45.238839],[19.921603,45.23943],[19.92146,45.240521],[19.921454,45.241218],[19.921364,45.241547],[19.9211,45.242127],[19.921217,45.242414],[19.921222,45.242517],[19.920983,45.242607],[19.920794,45.242902],[19.919951,45.243348],[19.919524,45.243669],[19.918575,45.243654],[19.918478,45.243513],[19.918508,45.243147],[19.91872,45.242549],[19.918796,45.241366],[19.918977,45.240719],[19.919792,45.238895],[19.920265,45.238132],[19.920802,45.237704],[19.921046,45.237936],[19.920733,45.238431],[19.92094,45.23843],[19.921613,45.238144],[19.921401,45.23797],[19.922404,45.23759],[19.922227,45.238453]]],[[[19.912135,45.244219],[19.911445,45.244765],[19.9111,45.245077],[19.910787,45.245489],[19.91028,45.246104],[19.909793,45.246649],[19.909397,45.246974],[19.909239,45.247251],[19.908984,45.247488],[19.908022,45.248002],[19.907488,45.248234],[19.906541,45.248575],[19.905545,45.248834],[19.904462,45.249265],[19.903324,45.249821],[19.901693,45.243968],[19.901181,45.244074],[19.900315,45.244268],[19.899905,45.244442],[19.899677,45.244508],[19.899449,45.244333],[19.8992,45.243581],[19.898875,45.242578],[19.898573,45.241103],[19.898485,45.240452],[19.898436,45.239779],[19.898478,45.239355],[19.898577,45.238644],[19.898947,45.237577],[19.899066,45.237231],[19.899199,45.236812],[19.899404,45.236039],[19.899566,45.235402],[19.899624,45.235008],[19.899595,45.234271],[19.899527,45.23378],[19.899472,45.233465],[19.899359,45.232972],[19.899241,45.232702],[19.899039,45.232295],[19.898658,45.231639],[19.898254,45.231131],[19.89727,45.230216],[19.897284,45.230093],[19.897091,45.230011],[19.896795,45.22988],[19.897043,45.229604],[19.897251,45.229248],[19.89749,45.229156],[19.897654,45.228839],[19.897574,45.22874],[19.897842,45.228308],[19.897936,45.228159],[19.898144,45.227719],[19.898358,45.227451],[19.898608,45.227286],[19.89864,45.227235],[19.898946,45.226752],[19.899179,45.226523],[19.899458,45.226284],[19.899981,45.225854],[19.900078,45.225643],[19.900069,45.225537],[19.900341,45.225304],[19.900635,45.224976],[19.900961,45.22464],[19.901289,45.224342],[19.901461,45.224147],[19.901673,45.223956],[19.901873,45.223784],[19.902271,45.223523],[19.902533,45.223398],[19.902765,45.223263],[19.902982,45.223145],[19.903091,45.22308],[19.903538,45.222775],[19.904084,45.222373],[19.904449,45.222192],[19.904843,45.22231],[19.905198,45.221808],[19.905794,45.221442],[19.906327,45.221053],[19.906571,45.220761],[19.907175,45.220102],[19.907803,45.219448],[19.908218,45.219051],[19.908451,45.218817],[19.908583,45.218741],[19.908707,45.21862],[19.909061,45.218277],[19.909442,45.21789],[19.90973,45.21754],[19.909859,45.217363],[19.910077,45.217274],[19.910581,45.21656],[19.91092,45.216178],[19.911226,45.215752],[19.911449,45.215459],[19.911605,45.21525],[19.911696,45.215312],[19.911723,45.215337],[19.911768,45.215376],[19.911806,45.21541],[19.911844,45.215443],[19.91188,45.215475],[19.911931,45.215518],[19.911988,45.215567],[19.912045,45.215614],[19.914352,45.217697],[19.915717,45.218413],[19.916096,45.218017],[19.916297,45.217539],[19.916526,45.217301],[19.916944,45.216808],[19.917762,45.216154],[19.918373,45.215888],[19.918888,45.215662],[19.919458,45.215427],[19.92009,45.215214],[19.920886,45.21494],[19.921252,45.214755],[19.92169,45.214565],[19.92243,45.214191],[19.922716,45.213958],[19.92292,45.213693],[19.923464,45.213529],[19.924085,45.213511],[19.924482,45.213405],[19.92508,45.213405],[19.925718,45.213383],[19.926285,45.21334],[19.926647,45.213288],[19.92723,45.213157],[19.928105,45.21305],[19.928843,45.212908],[19.92944,45.212764],[19.92985,45.212638],[19.930205,45.21254],[19.930684,45.212395],[19.931495,45.212126],[19.93231,45.211871],[19.933084,45.211569],[19.933909,45.211309],[19.93472,45.211041],[19.935866,45.210558],[19.936223,45.21039],[19.93725,45.210034],[19.937098,45.210483],[19.93657,45.211282],[19.935899,45.212333],[19.935847,45.212475],[19.935647,45.212572],[19.935349,45.212655],[19.934401,45.212644],[19.933234,45.213006],[19.932042,45.213301],[19.9308,45.2135],[19.929527,45.213581],[19.928275,45.213712],[19.927037,45.213885],[19.925779,45.214029],[19.924553,45.214176],[19.923457,45.214603],[19.922346,45.215053],[19.921246,45.21555],[19.920123,45.215931],[19.918936,45.216332],[19.917962,45.21689],[19.917218,45.217634],[19.916706,45.218441],[19.916039,45.218949],[19.916239,45.219134],[19.918717,45.220592],[19.919873,45.221251],[19.921146,45.221979],[19.921742,45.222321],[19.922546,45.222781],[19.92443,45.22386],[19.924176,45.225222],[19.922309,45.226936],[19.921664,45.22749],[19.920366,45.228857],[19.919353,45.22997],[19.91925,45.230454],[19.919546,45.231479],[19.919447,45.231598],[19.919278,45.231802],[19.918921,45.232249],[19.918545,45.232824],[19.918146,45.233337],[19.917847,45.233765],[19.917481,45.234487],[19.917135,45.235134],[19.91677,45.235821],[19.916576,45.236279],[19.916316,45.23698],[19.916114,45.237463],[19.915772,45.238227],[19.915525,45.238799],[19.915321,45.239179],[19.915054,45.239694],[19.914645,45.240434],[19.914318,45.241008],[19.914174,45.241291],[19.914057,45.241512],[19.913788,45.241915],[19.913323,45.242622],[19.913069,45.24306],[19.912787,45.243562],[19.912399,45.243961],[19.912135,45.244219]]],[[[19.922412,45.248012],[19.920732,45.248188],[19.919784,45.247801],[19.919668,45.247712],[19.920423,45.246827],[19.922229,45.244611],[19.92246,45.243018],[19.922605,45.242382],[19.922996,45.24175],[19.924076,45.240588],[19.925396,45.238349],[19.926349,45.23634],[19.926275,45.235439],[19.926948,45.234274],[19.927659,45.232874],[19.928168,45.231947],[19.929167,45.230522],[19.930439,45.227817],[19.930949,45.227381],[19.931616,45.225996],[19.932315,45.225736],[19.933488,45.224789],[19.93482,45.223411],[19.936239,45.221539],[19.937036,45.220629],[19.938009,45.21921],[19.938895,45.217864],[19.93951,45.216817],[19.940184,45.215758],[19.941532,45.214728],[19.942818,45.21357],[19.944273,45.212339],[19.945126,45.211507],[19.946129,45.210529],[19.947822,45.209185],[19.949474,45.208011],[19.950861,45.207194],[19.951112,45.206287],[19.951732,45.205155],[19.952459,45.203478],[19.953151,45.201688],[19.954203,45.200041],[19.955289,45.198423],[19.956555,45.196857],[19.95732,45.195919],[19.958286,45.195223],[19.960093,45.194047],[19.961429,45.193105],[19.962666,45.192307],[19.963574,45.191701],[19.96537,45.190688],[19.96663,45.1895],[19.96827,45.188118],[19.970087,45.187173],[19.972171,45.186129],[19.974077,45.185356],[19.976384,45.184559],[19.979443,45.183742],[19.983564,45.182636],[19.985578,45.181752],[19.988042,45.180702],[19.990549,45.180043],[19.994225,45.179091],[19.999788,45.178088],[20.003707,45.177513],[20.00775,45.17739],[20.011338,45.177409],[20.013317,45.177788],[20.015923,45.177805],[20.019744,45.177203],[20.021863,45.176454],[20.023679,45.176025],[20.025384,45.175451],[20.027109,45.174391],[20.0291,45.173697],[20.032183,45.172827],[20.037595,45.172146],[20.048266,45.170608],[20.059813,45.170623],[20.06835,45.171895],[20.073529,45.172004],[20.07703,45.171689],[20.079668,45.171656],[20.083533,45.171601],[20.087722,45.171671],[20.090779,45.171363],[20.09577,45.172197],[20.100061,45.172848],[20.102739,45.172964],[20.105433,45.172966],[20.107466,45.172941],[20.10984,45.172817],[20.112074,45.172771],[20.115667,45.172799],[20.117336,45.17278],[20.118977,45.172493],[20.124657,45.172439],[20.128484,45.172188],[20.13126,45.172595],[20.135354,45.173867],[20.138468,45.174902],[20.140842,45.175824],[20.143712,45.176985],[20.147409,45.178514],[20.15074,45.179663],[20.1558,45.181392],[20.158814,45.182359],[20.16179,45.183485],[20.166648,45.185281],[20.169411,45.185991],[20.16899,45.187433],[20.168414,45.188258],[20.165995,45.188438],[20.163344,45.188791],[20.160164,45.189778],[20.157879,45.190407],[20.154674,45.19025],[20.152753,45.190175],[20.146957,45.192213],[20.144667,45.193019],[20.143634,45.195448],[20.142342,45.196154],[20.139615,45.197403],[20.137845,45.198143],[20.13747,45.197531],[20.138562,45.19623],[20.137933,45.195324],[20.13708,45.194099],[20.135904,45.193281],[20.132575,45.194864],[20.12614,45.197146],[20.118667,45.198276],[20.117447,45.198501],[20.114456,45.198787],[20.109815,45.197963],[20.106288,45.199555],[20.103776,45.200492],[20.097299,45.201493],[20.094585,45.201566],[20.091494,45.20144],[20.086606,45.198968],[20.082,45.197485],[20.078193,45.196011],[20.074924,45.194896],[20.073326,45.194381],[20.071225,45.193604],[20.068115,45.192371],[20.06591,45.194242],[20.061049,45.199154],[20.060813,45.200382],[20.062876,45.201754],[20.063258,45.202539],[20.063779,45.205033],[20.063105,45.207159],[20.058858,45.20946],[20.050928,45.20971],[20.04785,45.209796],[20.046174,45.20969],[20.04473,45.209785],[20.040982,45.210582],[20.038769,45.211042],[20.036405,45.211681],[20.034995,45.212309],[20.034634,45.212349],[20.033111,45.212757],[20.032192,45.213115],[20.031965,45.213209],[20.03098,45.213953],[20.030337,45.214466],[20.029609,45.21488],[20.029111,45.215136],[20.028494,45.21557],[20.027796,45.215973],[20.026985,45.216404],[20.02611,45.216674],[20.025254,45.217028],[20.023809,45.217344],[20.023617,45.217405],[20.023152,45.217707],[20.02233,45.217912],[20.021574,45.218029],[20.020304,45.216866],[20.018692,45.216785],[20.01517,45.217085],[20.012788,45.217498],[20.010052,45.217925],[20.008643,45.218747],[20.008679,45.220113],[20.012481,45.221423],[20.013969,45.221708],[20.011785,45.221669],[20.008662,45.220765],[20.007691,45.220123],[20.003034,45.219019],[20.005489,45.217037],[20.008047,45.215189],[20.014234,45.21055],[20.012741,45.209147],[20.013067,45.208042],[20.004828,45.205334],[19.998737,45.204154],[19.993043,45.20369],[19.989552,45.203907],[19.987131,45.205034],[19.983493,45.207162],[19.981694,45.207598],[19.976494,45.207688],[19.971572,45.207814],[19.969307,45.209861],[19.965313,45.214402],[19.958684,45.220497],[19.955123,45.222616],[19.948322,45.223589],[19.947549,45.22424],[19.945327,45.230171],[19.939883,45.234075],[19.936486,45.236562],[19.927798,45.240258],[19.926432,45.24207],[19.926886,45.244766],[19.926509,45.246733],[19.924371,45.248086],[19.923115,45.24801],[19.922412,45.248012]]]]}},{"type":"Feature","properties":{"name":"Карађорђево","name_lat":"Karadjordjevo","type":"ZP","rajac":false,"pa_type":"ZP","pa_id":"karadjordjevo"},"geometry":{"type":"MultiPolygon","coordinates":[[[[19.258208,45.24628],[19.258701,45.245459],[19.261332,45.244912],[19.263602,45.244165],[19.266827,45.243376],[19.267563,45.243494],[19.268157,45.24424],[19.269485,45.246061],[19.270745,45.247773],[19.271525,45.248862],[19.272251,45.24956],[19.273349,45.25064],[19.27437,45.251585],[19.27519,45.252502],[19.275761,45.253201],[19.275576,45.253894],[19.2751,45.254464],[19.276281,45.255621],[19.27694,45.256273],[19.27753,45.256831],[19.278083,45.257719],[19.278638,45.258654],[19.279163,45.259323],[19.279848,45.260124],[19.280713,45.261056],[19.281508,45.261832],[19.282035,45.262532],[19.282796,45.263794],[19.283628,45.265146],[19.284318,45.266221],[19.285165,45.26731],[19.286056,45.26842],[19.286491,45.268948],[19.284859,45.269516],[19.283582,45.270032],[19.282728,45.271579],[19.281506,45.273538],[19.27978,45.274844],[19.277965,45.276145],[19.277494,45.277054],[19.277105,45.279047],[19.276882,45.28025],[19.276388,45.280502],[19.27544,45.281341],[19.274625,45.282127],[19.273848,45.28243],[19.273213,45.283108],[19.272725,45.283619],[19.272113,45.283826],[19.271905,45.284228],[19.271552,45.284079],[19.271452,45.283351],[19.270624,45.283607],[19.269417,45.284032],[19.269329,45.284563],[19.268186,45.285011],[19.267193,45.285304],[19.266551,45.285664],[19.265823,45.285931],[19.264797,45.286237],[19.263834,45.286401],[19.26332,45.286532],[19.263236,45.287263],[19.263133,45.287899],[19.262635,45.288705],[19.262293,45.289832],[19.261916,45.290884],[19.260897,45.290801],[19.258982,45.290116],[19.257369,45.289534],[19.255033,45.2887],[19.252815,45.287901],[19.250496,45.287056],[19.247876,45.286167],[19.246803,45.285884],[19.245774,45.286072],[19.244631,45.286391],[19.242341,45.286874],[19.240832,45.287209],[19.240149,45.287228],[19.238126,45.286967],[19.236371,45.286739],[19.235017,45.286566],[19.233028,45.286317],[19.229936,45.28595],[19.225207,45.285407],[19.220094,45.284791],[19.217403,45.28449],[19.214549,45.284285],[19.21156,45.284035],[19.208822,45.283828],[19.206435,45.283665],[19.203881,45.28348],[19.201744,45.283327],[19.199674,45.28316],[19.198038,45.283048],[19.19723,45.282685],[19.196707,45.282349],[19.196122,45.282284],[19.195077,45.280942],[19.194148,45.279563],[19.193252,45.278173],[19.192325,45.27686],[19.190619,45.274195],[19.189323,45.27198],[19.188672,45.271163],[19.187596,45.270692],[19.187106,45.270379],[19.186782,45.27003],[19.187178,45.269825],[19.188041,45.269663],[19.189265,45.269227],[19.190491,45.268908],[19.191587,45.26872],[19.192399,45.2685],[19.193198,45.268456],[19.194193,45.268222],[19.19544,45.268092],[19.196751,45.267831],[19.198081,45.267676],[19.199602,45.267111],[19.200744,45.266782],[19.20214,45.266179],[19.203396,45.265695],[19.204161,45.265651],[19.204946,45.265725],[19.205698,45.265847],[19.206416,45.265898],[19.207236,45.266066],[19.208487,45.266135],[19.210098,45.266047],[19.211614,45.266031],[19.213112,45.265968],[19.214909,45.26582],[19.216488,45.26565],[19.217666,45.265414],[19.218862,45.265236],[19.220655,45.265147],[19.22229,45.265247],[19.224481,45.265623],[19.226573,45.266071],[19.228919,45.266646],[19.230931,45.26726],[19.23375,45.268147],[19.235561,45.268881],[19.236805,45.269409],[19.237978,45.269725],[19.239345,45.270475],[19.241379,45.271293],[19.243493,45.271964],[19.244528,45.272059],[19.245717,45.272328],[19.246698,45.272988],[19.247433,45.27379],[19.248463,45.274414],[19.249065,45.27529],[19.250049,45.27682],[19.250731,45.277679],[19.25103,45.27837],[19.252095,45.279074],[19.253908,45.279666],[19.255437,45.280225],[19.256557,45.280354],[19.257982,45.280727],[19.259784,45.28086],[19.2616,45.280957],[19.262936,45.28106],[19.264011,45.280705],[19.265009,45.2806],[19.266516,45.280195],[19.268155,45.279694],[19.269722,45.278971],[19.270826,45.278382],[19.271787,45.277576],[19.272773,45.276941],[19.273846,45.275764],[19.27431,45.274912],[19.274661,45.273453],[19.274697,45.2721],[19.27461,45.27116],[19.274236,45.270117],[19.273284,45.268499],[19.272222,45.267205],[19.270994,45.265983],[19.269123,45.264257],[19.2681,45.26321],[19.267049,45.262386],[19.265896,45.261493],[19.264809,45.260589],[19.263648,45.259308],[19.262774,45.258205],[19.261221,45.255798],[19.260567,45.25484],[19.259574,45.254392],[19.259113,45.253915],[19.258446,45.253103],[19.258086,45.251919],[19.257745,45.250793],[19.257723,45.249782],[19.257347,45.249346],[19.257746,45.248576],[19.257848,45.247905],[19.257941,45.246845],[19.258208,45.24628]]],[[[19.209975,45.350815],[19.209527,45.350681],[19.209017,45.350469],[19.208963,45.350114],[19.208762,45.349816],[19.208465,45.349366],[19.20824,45.349036],[19.208255,45.348664],[19.208301,45.348116],[19.208203,45.347826],[19.207997,45.347318],[19.207755,45.346737],[19.207738,45.346495],[19.207746,45.345814],[19.207736,45.345332],[19.207496,45.344816],[19.207279,45.344333],[19.207491,45.344047],[19.207983,45.343467],[19.208554,45.342781],[19.209001,45.342205],[19.209448,45.341625],[19.209953,45.341085],[19.210471,45.34061],[19.211047,45.340134],[19.211837,45.339506],[19.212673,45.33889],[19.212969,45.338741],[19.213265,45.338632],[19.213516,45.338565],[19.213718,45.33836],[19.214019,45.337936],[19.214283,45.337415],[19.214466,45.336842],[19.214494,45.336511],[19.214377,45.335873],[19.214261,45.335291],[19.214235,45.334611],[19.214193,45.333737],[19.214003,45.333439],[19.213753,45.333005],[19.213454,45.333],[19.213086,45.332963],[19.212754,45.332975],[19.212009,45.333056],[19.211924,45.332827],[19.211799,45.332342],[19.211721,45.331906],[19.211672,45.331251],[19.211594,45.330839],[19.211552,45.330458],[19.211567,45.33007],[19.211662,45.329708],[19.211887,45.328944],[19.212071,45.327906],[19.212332,45.326664],[19.212534,45.325904],[19.212999,45.325664],[19.213637,45.325423],[19.214446,45.325163],[19.215292,45.325017],[19.216332,45.324811],[19.21759,45.324579],[19.218758,45.324445],[19.219674,45.324338],[19.220898,45.324134],[19.221686,45.323956],[19.222405,45.323778],[19.222975,45.323602],[19.223521,45.323369],[19.223931,45.323243],[19.224558,45.32305],[19.225664,45.322698],[19.226586,45.322357],[19.227406,45.32204],[19.227783,45.321979],[19.228252,45.321901],[19.228585,45.321898],[19.229928,45.321924],[19.23018,45.321889],[19.230787,45.321801],[19.231964,45.321594],[19.232547,45.321483],[19.232888,45.321876],[19.233417,45.322429],[19.233968,45.322968],[19.234495,45.32344],[19.234941,45.323921],[19.235283,45.324314],[19.235696,45.324836],[19.236052,45.325383],[19.236314,45.325814],[19.236552,45.326184],[19.236929,45.326625],[19.237271,45.327075],[19.237576,45.327379],[19.237799,45.327085],[19.238,45.326792],[19.238176,45.326458],[19.238331,45.326205],[19.238544,45.326478],[19.238803,45.326759],[19.239026,45.326991],[19.239272,45.327215],[19.239739,45.32759],[19.240486,45.328173],[19.241222,45.328753],[19.242519,45.329775],[19.243791,45.330757],[19.244411,45.331266],[19.245172,45.331929],[19.245607,45.33241],[19.245868,45.332788],[19.2459,45.333206],[19.246031,45.333439],[19.246359,45.333719],[19.246847,45.333989],[19.247925,45.334455],[19.248586,45.334787],[19.248863,45.335343],[19.249101,45.33575],[19.249284,45.336218],[19.249479,45.336758],[19.249569,45.337201],[19.24963,45.337872],[19.249655,45.338487],[19.249618,45.338868],[19.249293,45.339244],[19.24898,45.339612],[19.24876,45.340073],[19.248641,45.340382],[19.248953,45.341544],[19.249389,45.343102],[19.249611,45.343792],[19.250223,45.343931],[19.252091,45.344307],[19.254987,45.34492],[19.256752,45.345289],[19.260064,45.346054],[19.261334,45.346364],[19.262142,45.346541],[19.26234,45.346693],[19.262667,45.346908],[19.263213,45.347225],[19.263679,45.34752],[19.263876,45.347574],[19.264314,45.347683],[19.264842,45.347653],[19.266126,45.347574],[19.26663,45.347528],[19.267231,45.348193],[19.267865,45.348845],[19.268371,45.349382],[19.268714,45.349815],[19.268987,45.350241],[19.269333,45.350796],[19.269655,45.351332],[19.270048,45.351951],[19.270857,45.353221],[19.271476,45.354178],[19.271963,45.35493],[19.272086,45.355269],[19.272307,45.355906],[19.272551,45.356543],[19.272869,45.357412],[19.273211,45.358315],[19.273286,45.358614],[19.273433,45.359506],[19.273685,45.359503],[19.274017,45.359451],[19.27459,45.359363],[19.275071,45.359318],[19.275378,45.360221],[19.275659,45.360947],[19.275904,45.361656],[19.276105,45.362391],[19.276122,45.362655],[19.27612,45.363076],[19.276435,45.363266],[19.276469,45.363752],[19.276658,45.364009],[19.276944,45.364459],[19.27716,45.364878],[19.277472,45.36547],[19.277618,45.365841],[19.277253,45.36595],[19.276843,45.366101],[19.276227,45.36631],[19.275418,45.36657],[19.274631,45.366826],[19.273594,45.367178],[19.273321,45.367303],[19.272936,45.367566],[19.272291,45.367994],[19.271646,45.368406],[19.271171,45.368752],[19.27072,45.369168],[19.270146,45.369684],[19.269617,45.370192],[19.269167,45.370618],[19.268842,45.370952],[19.268482,45.371288],[19.267848,45.3717],[19.266762,45.372457],[19.265811,45.373099],[19.265347,45.373396],[19.265082,45.373366],[19.264829,45.373353],[19.26445,45.373357],[19.264105,45.373329],[19.263644,45.373261],[19.263183,45.373193],[19.262701,45.373223],[19.262279,45.373276],[19.261854,45.373281],[19.261618,45.372967],[19.26138,45.372622],[19.261024,45.372091],[19.260861,45.371996],[19.260524,45.371806],[19.260245,45.371687],[19.259831,45.371643],[19.259508,45.371598],[19.259059,45.371538],[19.258933,45.371556],[19.258375,45.371805],[19.257886,45.371997],[19.257386,45.372269],[19.256648,45.372658],[19.256469,45.372879],[19.256223,45.373181],[19.256043,45.373337],[19.255702,45.373502],[19.25519,45.373751],[19.254894,45.373908],[19.254481,45.373896],[19.253986,45.373853],[19.25356,45.373825],[19.253054,45.373791],[19.252559,45.373731],[19.252005,45.373656],[19.251383,45.373566],[19.250669,45.373469],[19.250252,45.373344],[19.249825,45.373229],[19.249063,45.373059],[19.248174,45.372875],[19.247171,45.372683],[19.246397,45.372562],[19.245566,45.372361],[19.24485,45.372183],[19.244161,45.37219],[19.24353,45.372229],[19.242715,45.372287],[19.241913,45.372368],[19.24119,45.372376],[19.239777,45.372384],[19.239328,45.372356],[19.238488,45.3723],[19.238028,45.372258],[19.237379,45.37199],[19.236753,45.37173],[19.236507,45.371538],[19.236121,45.371218],[19.236325,45.370544],[19.23662,45.369853],[19.236901,45.369558],[19.237372,45.369027],[19.238039,45.368534],[19.238589,45.367977],[19.238969,45.367479],[19.239559,45.366637],[19.240365,45.365681],[19.240923,45.364922],[19.240844,45.364486],[19.240653,45.364143],[19.240354,45.36358],[19.239808,45.3628],[19.239145,45.361896],[19.238758,45.361503],[19.238206,45.360967],[19.237736,45.360478],[19.237289,45.359997],[19.236735,45.359355],[19.23604,45.358561],[19.235613,45.357931],[19.235012,45.357201],[19.234457,45.356519],[19.233738,45.35566],[19.23346,45.355302],[19.233358,45.354842],[19.233264,45.354211],[19.233199,45.353847],[19.232963,45.353558],[19.232664,45.35357],[19.231919,45.353626],[19.230762,45.35372],[19.229547,45.353846],[19.228092,45.354008],[19.226466,45.354211],[19.224704,45.354498],[19.223829,45.354628],[19.222846,45.354323],[19.221898,45.354009],[19.220269,45.353565],[19.217423,45.352831],[19.215552,45.352353],[19.213883,45.351927],[19.212479,45.351541],[19.211491,45.35126],[19.209975,45.350815]]]]}},{"type":"Feature","properties":{"name":"Тиквара","name_lat":"Tikvara","type":"ZP","rajac":false,"pa_type":"ZP","pa_id":"tikvara"},"geometry":{"type":"Polygon","coordinates":[[[19.360673,45.242702],[19.359354,45.242699],[19.355711,45.242563],[19.352691,45.24241],[19.350827,45.242422],[19.343697,45.243213],[19.337002,45.243962],[19.336163,45.244127],[19.334614,45.244641],[19.3326,45.246081],[19.330867,45.247161],[19.329886,45.248032],[19.325439,45.243684],[19.32446,45.242986],[19.324094,45.242057],[19.322715,45.241344],[19.322069,45.241],[19.316902,45.240637],[19.310322,45.240301],[19.304353,45.240333],[19.30376,45.239588],[19.3031,45.238567],[19.303908,45.238283],[19.307558,45.237817],[19.312477,45.236996],[19.314621,45.23652],[19.317545,45.236164],[19.321991,45.235973],[19.324642,45.235811],[19.327429,45.235552],[19.331645,45.235122],[19.335213,45.234742],[19.33808,45.23444],[19.340283,45.234299],[19.341287,45.234321],[19.34489,45.234516],[19.347603,45.234593],[19.352448,45.234075],[19.353401,45.234574],[19.354953,45.234395],[19.358543,45.234204],[19.361212,45.234392],[19.361835,45.234499],[19.362329,45.234508],[19.363267,45.234599],[19.36413,45.234672],[19.365047,45.234786],[19.365647,45.234838],[19.366122,45.234916],[19.366631,45.234918],[19.366951,45.234939],[19.367464,45.23497],[19.367769,45.234955],[19.368357,45.233486],[19.372762,45.233636],[19.37323,45.233569],[19.373689,45.233535],[19.374264,45.233534],[19.374819,45.233543],[19.375223,45.233568],[19.375881,45.233618],[19.376279,45.23369],[19.376868,45.23367],[19.377252,45.233677],[19.377667,45.233682],[19.378311,45.233727],[19.378548,45.233727],[19.379055,45.233708],[19.379263,45.233699],[19.379474,45.233699],[19.379583,45.233711],[19.379687,45.233725],[19.37974,45.233734],[19.379879,45.233734],[19.379955,45.233739],[19.37999,45.233741],[19.380062,45.233739],[19.380105,45.233731],[19.380196,45.23374],[19.38023,45.233742],[19.380295,45.233746],[19.380324,45.233747],[19.380412,45.233748],[19.38048,45.233749],[19.380608,45.233739],[19.380723,45.233733],[19.380876,45.233738],[19.380912,45.23374],[19.381026,45.233739],[19.381057,45.233738],[19.381234,45.23375],[19.381301,45.233754],[19.381488,45.233746],[19.381645,45.233737],[19.381837,45.233766],[19.381939,45.233744],[19.382115,45.233727],[19.382258,45.233737],[19.382342,45.233747],[19.382449,45.233741],[19.382521,45.23373],[19.38259,45.233716],[19.382695,45.233696],[19.38292,45.233694],[19.38305,45.2337],[19.383227,45.233801],[19.383198,45.234077],[19.383169,45.234554],[19.383187,45.234828],[19.383182,45.235165],[19.383179,45.235637],[19.383175,45.236132],[19.38317,45.236441],[19.383158,45.237015],[19.38315,45.237645],[19.383144,45.23804],[19.383175,45.238621],[19.383223,45.23913],[19.383432,45.239135],[19.383892,45.238863],[19.384205,45.238786],[19.384502,45.238794],[19.385003,45.238835],[19.385374,45.238861],[19.386023,45.238911],[19.386301,45.238974],[19.387178,45.239098],[19.387858,45.238978],[19.38837,45.239105],[19.388818,45.239173],[19.3891,45.23922],[19.389623,45.239298],[19.389893,45.239358],[19.390143,45.239397],[19.390413,45.239477],[19.390662,45.239529],[19.39098,45.239579],[19.391207,45.239621],[19.391542,45.239681],[19.39189,45.239732],[19.39227,45.239818],[19.3926,45.239894],[19.3928,45.239955],[19.392986,45.239996],[19.393304,45.240065],[19.393549,45.240105],[19.39377,45.240148],[19.394016,45.240199],[19.394195,45.240233],[19.394449,45.240259],[19.394704,45.240276],[19.395085,45.240284],[19.395388,45.240298],[19.395789,45.240307],[19.396059,45.240327],[19.396285,45.240325],[19.396072,45.24051],[19.395903,45.240667],[19.39572,45.240865],[19.395586,45.241031],[19.395508,45.24114],[19.395411,45.241289],[19.395336,45.241423],[19.395249,45.241605],[19.395173,45.241798],[19.395125,45.241953],[19.395086,45.242118],[19.395053,45.24234],[19.395043,45.242534],[19.394863,45.242563],[19.394593,45.242595],[19.394483,45.242604],[19.394401,45.242632],[19.394192,45.242653],[19.393845,45.2427],[19.393534,45.24275],[19.39336,45.242766],[19.39322,45.242771],[19.392481,45.242778],[19.391876,45.242807],[19.391231,45.242812],[19.390891,45.2428],[19.390588,45.242742],[19.390466,45.24273],[19.390368,45.242714],[19.39021,45.242685],[19.389994,45.242664],[19.389787,45.242642],[19.389573,45.242632],[19.389324,45.24259],[19.388772,45.242567],[19.387846,45.242571],[19.387478,45.242538],[19.387386,45.242522],[19.386892,45.242487],[19.385709,45.242417],[19.384963,45.2424],[19.384243,45.242386],[19.383244,45.242238],[19.382742,45.242181],[19.382308,45.242145],[19.38201,45.242145],[19.381648,45.242116],[19.381319,45.242046],[19.381132,45.242016],[19.380735,45.241982],[19.380582,45.241987],[19.379801,45.241931],[19.379414,45.241823],[19.379094,45.241804],[19.378574,45.241806],[19.378274,45.24175],[19.377566,45.241752],[19.377158,45.241815],[19.377001,45.241891],[19.376656,45.241843],[19.376437,45.241744],[19.375708,45.241755],[19.375365,45.241741],[19.374568,45.241721],[19.37456,45.242025],[19.374481,45.241999],[19.374127,45.241825],[19.373737,45.241771],[19.373549,45.241865],[19.373117,45.241874],[19.372391,45.241884],[19.372023,45.241898],[19.371602,45.241923],[19.370891,45.241968],[19.370147,45.241991],[19.369668,45.24198],[19.368946,45.241991],[19.368462,45.242021],[19.367886,45.242075],[19.367435,45.242314],[19.366864,45.242213],[19.36662,45.242151],[19.366101,45.242216],[19.365562,45.242211],[19.365172,45.242254],[19.364842,45.242212],[19.364412,45.242209],[19.364116,45.242253],[19.363911,45.24235],[19.363136,45.242258],[19.362702,45.242218],[19.362146,45.24232],[19.361326,45.242619],[19.360673,45.242702]]]}},{"type":"Feature","properties":{"name":"Окањ бара","name_lat":"Okanj bara","type":"ZP","rajac":false,"pa_type":"ZP","pa_id":"okanj-bara"},"geometry":{"type":"Polygon","coordinates":[[[20.195603,45.542937],[20.19481,45.54305],[20.19428,45.54299],[20.193648,45.542675],[20.193406,45.542405],[20.192973,45.541513],[20.192721,45.540998],[20.191966,45.539444],[20.191458,45.538396],[20.19072,45.536862],[20.189014,45.533327],[20.188197,45.531625],[20.184609,45.531382],[20.183675,45.530315],[20.182865,45.529143],[20.185266,45.52733],[20.184352,45.525438],[20.182577,45.524862],[20.182112,45.524819],[20.183399,45.521295],[20.18125,45.519956],[20.182364,45.518878],[20.183138,45.518272],[20.183242,45.516941],[20.184787,45.514737],[20.183956,45.512917],[20.183825,45.512381],[20.183295,45.511223],[20.182839,45.510317],[20.18241,45.509469],[20.182287,45.508826],[20.182595,45.50799],[20.18195,45.50732],[20.181502,45.506882],[20.180743,45.506151],[20.180386,45.505797],[20.179712,45.505135],[20.179341,45.504876],[20.175535,45.506468],[20.174742,45.504893],[20.17391,45.504578],[20.171345,45.503166],[20.170817,45.502452],[20.169343,45.500457],[20.168086,45.499333],[20.167852,45.498442],[20.1683,45.497412],[20.169333,45.495582],[20.170438,45.493834],[20.1711,45.492311],[20.171941,45.48999],[20.172546,45.488527],[20.172726,45.487426],[20.172851,45.485969],[20.172493,45.485359],[20.172019,45.484314],[20.171656,45.482094],[20.171537,45.479455],[20.172269,45.478582],[20.174551,45.477917],[20.182122,45.475789],[20.18792,45.47417],[20.19554,45.472133],[20.195783,45.469709],[20.201637,45.469021],[20.205444,45.468523],[20.207546,45.468186],[20.211707,45.468978],[20.212481,45.467941],[20.214188,45.468493],[20.217017,45.468335],[20.215256,45.465537],[20.213959,45.464004],[20.212342,45.462879],[20.211529,45.461824],[20.212218,45.461492],[20.214199,45.460681],[20.21602,45.460011],[20.217825,45.459192],[20.218739,45.457584],[20.219935,45.4554],[20.220965,45.453464],[20.220858,45.452557],[20.220249,45.451829],[20.220376,45.451398],[20.221449,45.45069],[20.223086,45.450116],[20.224796,45.44966],[20.227219,45.449161],[20.228585,45.449026],[20.231322,45.447381],[20.235024,45.447722],[20.240361,45.44832],[20.240365,45.445976],[20.242859,45.444176],[20.257025,45.448446],[20.25475,45.451036],[20.253462,45.452527],[20.256354,45.454374],[20.260196,45.455412],[20.26514,45.453024],[20.27241,45.454371],[20.278591,45.455516],[20.285403,45.454584],[20.294913,45.456317],[20.298889,45.458765],[20.301256,45.461886],[20.309312,45.465465],[20.313674,45.471734],[20.313983,45.472445],[20.314059,45.473439],[20.314096,45.474852],[20.314144,45.475968],[20.31407,45.477066],[20.313853,45.477727],[20.31366,45.478553],[20.313159,45.479634],[20.313087,45.48002],[20.31275,45.481421],[20.31255,45.482326],[20.311348,45.48609],[20.311127,45.486851],[20.310735,45.488211],[20.310517,45.488995],[20.310279,45.489891],[20.309947,45.490961],[20.309782,45.491425],[20.309671,45.491728],[20.303664,45.49162],[20.302856,45.490199],[20.301865,45.489404],[20.295649,45.490609],[20.292632,45.490942],[20.291884,45.491023],[20.283733,45.48943],[20.282564,45.489177],[20.281636,45.488752],[20.280795,45.488311],[20.27886,45.487591],[20.277854,45.487194],[20.277122,45.487002],[20.275722,45.48648],[20.274668,45.486116],[20.272843,45.486454],[20.270587,45.488297],[20.268359,45.489923],[20.265502,45.49121],[20.260562,45.493416],[20.255364,45.495772],[20.251481,45.495039],[20.250221,45.495062],[20.247006,45.496141],[20.243597,45.497076],[20.240223,45.497803],[20.237401,45.498348],[20.235865,45.498642],[20.232708,45.49938],[20.230309,45.500729],[20.225892,45.503167],[20.22152,45.505716],[20.21752,45.508334],[20.215344,45.509894],[20.214406,45.510648],[20.213114,45.510892],[20.211263,45.512592],[20.208831,45.514202],[20.207888,45.515208],[20.206569,45.516364],[20.205726,45.51732],[20.203909,45.519191],[20.200438,45.522611],[20.198985,45.523045],[20.200414,45.523002],[20.201382,45.523158],[20.202083,45.523268],[20.202883,45.5234],[20.203787,45.523836],[20.204197,45.524035],[20.204685,45.52427],[20.205363,45.5246],[20.205702,45.524881],[20.206005,45.525232],[20.206422,45.525711],[20.206798,45.52614],[20.207297,45.526826],[20.207829,45.52809],[20.208747,45.52986],[20.209804,45.530078],[20.20987,45.530417],[20.210605,45.531495],[20.212924,45.53363],[20.213094,45.535787],[20.212523,45.536972],[20.212464,45.537665],[20.211832,45.537954],[20.210295,45.539758],[20.207731,45.539927],[20.205654,45.540986],[20.201659,45.542054],[20.200124,45.542298],[20.196938,45.542733],[20.195603,45.542937]]]}},{"type":"Feature","properties":{"name":"Голија","name_lat":"Golija","type":"ZP","rajac":false,"pa_type":"ZP","pa_id":"golija"},"geometry":{"type":"Polygon","coordinates":[[[20.529377,43.42361],[20.529296,43.42897],[20.530038,43.433127],[20.525544,43.437202],[20.518282,43.439569],[20.51774,43.445392],[20.526406,43.446324],[20.535044,43.449195],[20.539732,43.456053],[20.544865,43.46235],[20.548733,43.468335],[20.545755,43.472689],[20.546242,43.477932],[20.547746,43.482689],[20.546323,43.486563],[20.541896,43.489393],[20.538204,43.492698],[20.535062,43.493461],[20.530179,43.494185],[20.521213,43.498101],[20.514385,43.507685],[20.507191,43.512865],[20.499193,43.513705],[20.494555,43.518434],[20.486947,43.520879],[20.487537,43.529561],[20.477618,43.531714],[20.469826,43.532452],[20.464245,43.533189],[20.457764,43.533389],[20.452292,43.531411],[20.452426,43.5236],[20.44713,43.520678],[20.437374,43.515332],[20.431429,43.510852],[20.428276,43.505681],[20.42174,43.498398],[20.414772,43.493605],[20.409862,43.490945],[20.405566,43.494716],[20.402229,43.498356],[20.397532,43.501499],[20.397014,43.506412],[20.394725,43.509117],[20.390825,43.511472],[20.384845,43.516073],[20.374341,43.519792],[20.369114,43.522153],[20.359914,43.524549],[20.35532,43.530923],[20.350065,43.535535],[20.344665,43.539172],[20.3412,43.544568],[20.335544,43.547322],[20.330883,43.549599],[20.321972,43.54857],[20.315278,43.545549],[20.313616,43.539001],[20.317038,43.532255],[20.318386,43.524457],[20.315514,43.518745],[20.30744,43.514226],[20.305776,43.509273],[20.300618,43.504574],[20.291084,43.501301],[20.292251,43.494199],[20.292264,43.486912],[20.291409,43.480001],[20.285029,43.475632],[20.278907,43.479963],[20.274276,43.484442],[20.265429,43.489325],[20.260687,43.495244],[20.255241,43.49693],[20.249305,43.497048],[20.243436,43.496326],[20.237909,43.495416],[20.230992,43.495701],[20.226521,43.48999],[20.218646,43.484273],[20.215508,43.479753],[20.210144,43.481743],[20.20487,43.477468],[20.200017,43.474141],[20.194984,43.469451],[20.190463,43.473805],[20.189984,43.46781],[20.187213,43.463818],[20.188345,43.457012],[20.184884,43.449711],[20.185166,43.442789],[20.182479,43.436125],[20.176973,43.431654],[20.167781,43.429762],[20.162897,43.425127],[20.158746,43.42326],[20.153895,43.419339],[20.152532,43.414581],[20.165157,43.41302],[20.177922,43.41275],[20.185252,43.408138],[20.183548,43.399213],[20.176576,43.392679],[20.176956,43.386],[20.178055,43.379866],[20.178817,43.372461],[20.177341,43.363685],[20.173772,43.35778],[20.170383,43.350173],[20.166435,43.344109],[20.167675,43.336527],[20.169486,43.330616],[20.169628,43.323567],[20.175348,43.321713],[20.188032,43.320974],[20.194918,43.319141],[20.200781,43.323769],[20.212391,43.322788],[20.224554,43.323489],[20.227693,43.321212],[20.228133,43.315987],[20.221871,43.308359],[20.222917,43.299641],[20.221328,43.290601],[20.226043,43.278595],[20.228761,43.272952],[20.233226,43.26822],[20.236561,43.266803],[20.240948,43.26835],[20.246043,43.266506],[20.248904,43.265433],[20.255679,43.266698],[20.260842,43.263889],[20.261135,43.256203],[20.260943,43.250309],[20.27546,43.25411],[20.290695,43.242588],[20.296314,43.235689],[20.304015,43.236217],[20.309946,43.240136],[20.321054,43.241318],[20.326953,43.23984],[20.329176,43.235803],[20.340798,43.236769],[20.357426,43.235401],[20.35668,43.246794],[20.36126,43.245263],[20.364109,43.240962],[20.37058,43.243317],[20.378929,43.238194],[20.387401,43.237322],[20.397007,43.243492],[20.402926,43.248305],[20.401605,43.253135],[20.402978,43.258741],[20.406518,43.263503],[20.400642,43.268848],[20.396731,43.274598],[20.391125,43.275427],[20.380198,43.281701],[20.384309,43.287813],[20.394141,43.288393],[20.40243,43.286566],[20.408675,43.284328],[20.416916,43.285473],[20.424935,43.290364],[20.433299,43.291011],[20.446069,43.288821],[20.460189,43.289936],[20.459408,43.298834],[20.453716,43.305451],[20.455554,43.309994],[20.465863,43.307892],[20.479596,43.300925],[20.490178,43.299376],[20.498626,43.302701],[20.499894,43.308247],[20.512236,43.313782],[20.534107,43.321897],[20.545079,43.326096],[20.558147,43.334521],[20.560815,43.341527],[20.563473,43.346256],[20.569192,43.348169],[20.566595,43.350571],[20.563452,43.355135],[20.556989,43.358491],[20.550473,43.36346],[20.55142,43.367054],[20.5544,43.371056],[20.551374,43.376771],[20.547829,43.380684],[20.543282,43.384402],[20.544238,43.390783],[20.549446,43.39375],[20.556491,43.39942],[20.556582,43.402122],[20.555246,43.407959],[20.547884,43.413443],[20.538015,43.418281],[20.529377,43.42361]]]}},{"type":"Feature","properties":{"name":"Сићевачка клисура","name_lat":"Sicevacka klisura","type":"ZP","rajac":false,"pa_type":"ZP","pa_id":"sicevacka-klisura"},"geometry":{"type":"Polygon","coordinates":[[[22.037739,43.315289],[22.039425,43.313237],[22.042369,43.310959],[22.046224,43.308016],[22.0491,43.305314],[22.05249,43.303115],[22.054718,43.302023],[22.056865,43.301386],[22.059179,43.301285],[22.061358,43.300822],[22.064302,43.299482],[22.067689,43.298741],[22.070595,43.298467],[22.073999,43.298145],[22.077311,43.297831],[22.080268,43.297389],[22.083607,43.296805],[22.086683,43.296769],[22.089636,43.296707],[22.092668,43.296134],[22.096368,43.295111],[22.098826,43.29471],[22.100568,43.294217],[22.102985,43.293758],[22.105658,43.292476],[22.108615,43.291111],[22.110797,43.289824],[22.114201,43.288172],[22.117687,43.286716],[22.119388,43.286765],[22.120748,43.2867],[22.12218,43.286207],[22.124131,43.285002],[22.126594,43.283852],[22.12849,43.28347],[22.130409,43.283502],[22.132114,43.283797],[22.133681,43.283898],[22.135388,43.283787],[22.136953,43.283473],[22.138101,43.282692],[22.13953,43.281509],[22.141823,43.280833],[22.144053,43.281021],[22.146134,43.281233],[22.148611,43.280792],[22.150805,43.27963],[22.152332,43.278896],[22.153595,43.278168],[22.154912,43.277414],[22.156613,43.276975],[22.157309,43.275436],[22.158566,43.274012],[22.160402,43.272854],[22.162491,43.272462],[22.164628,43.271446],[22.166491,43.271158],[22.167829,43.271471],[22.168974,43.27201],[22.170232,43.272825],[22.171089,43.273513],[22.172448,43.274392],[22.173387,43.275155],[22.17459,43.276268],[22.174732,43.277428],[22.17383,43.278567],[22.172341,43.279176],[22.170909,43.280175],[22.169813,43.280513],[22.16719,43.280605],[22.166756,43.28183],[22.166625,43.283309],[22.165733,43.285009],[22.164,43.286875],[22.162682,43.288108],[22.162676,43.289339],[22.163852,43.290553],[22.165725,43.291723],[22.168378,43.293283],[22.169758,43.294256],[22.171069,43.295273],[22.171991,43.296191],[22.172892,43.297017],[22.173828,43.298217],[22.174933,43.299336],[22.175988,43.300436],[22.177572,43.300602],[22.179092,43.300977],[22.180602,43.301911],[22.18171,43.302691],[22.183108,43.303518],[22.184625,43.304338],[22.185622,43.303391],[22.186941,43.303223],[22.188012,43.304632],[22.189625,43.305748],[22.191696,43.306923],[22.192514,43.308119],[22.1931,43.309597],[22.193858,43.31122],[22.194121,43.31298],[22.193769,43.314789],[22.192862,43.316214],[22.193506,43.317141],[22.193675,43.318619],[22.193016,43.320018],[22.191846,43.321198],[22.190984,43.322411],[22.190658,43.323524],[22.190336,43.324841],[22.189124,43.32694],[22.188087,43.328872],[22.187427,43.330745],[22.18686,43.333279],[22.186114,43.335298],[22.185202,43.336995],[22.182284,43.338888],[22.180164,43.33981],[22.178069,43.341088],[22.17597,43.342617],[22.173966,43.343912],[22.172294,43.345425],[22.170927,43.346794],[22.169661,43.34823],[22.168468,43.349307],[22.167357,43.350516],[22.166525,43.351741],[22.164913,43.353251],[22.163323,43.354601],[22.161114,43.355125],[22.159466,43.355294],[22.157314,43.355708],[22.154207,43.356131],[22.150269,43.356215],[22.147119,43.355622],[22.143824,43.354994],[22.141739,43.354979],[22.139972,43.355178],[22.138323,43.355412],[22.136533,43.355495],[22.134775,43.355673],[22.133364,43.355752],[22.13192,43.355548],[22.130238,43.355522],[22.128087,43.355434],[22.126063,43.355505],[22.124154,43.355589],[22.122594,43.355706],[22.120622,43.355558],[22.118905,43.355343],[22.117073,43.355274],[22.115538,43.355114],[22.113636,43.354937],[22.112101,43.354785],[22.110504,43.355033],[22.108275,43.355308],[22.106525,43.355333],[22.104715,43.355495],[22.103221,43.355452],[22.101677,43.355321],[22.099578,43.355471],[22.097865,43.355945],[22.096114,43.356463],[22.093648,43.357546],[22.091908,43.358216],[22.090321,43.359023],[22.08885,43.359669],[22.087876,43.360302],[22.086137,43.360319],[22.084365,43.359733],[22.081938,43.358757],[22.080091,43.357852],[22.078338,43.356665],[22.076593,43.355405],[22.075158,43.354142],[22.073511,43.35276],[22.072226,43.35151],[22.070686,43.35],[22.069717,43.348662],[22.06845,43.347338],[22.067054,43.345989],[22.065527,43.344567],[22.064086,43.343398],[22.062513,43.342182],[22.060834,43.341181],[22.05932,43.339953],[22.05806,43.339249],[22.056714,43.338508],[22.055719,43.337915],[22.056502,43.337183],[22.057409,43.33613],[22.056593,43.335579],[22.054976,43.334673],[22.053238,43.334261],[22.052191,43.334067],[22.051532,43.334756],[22.04965,43.335223],[22.048089,43.334678],[22.047164,43.333505],[22.046648,43.332408],[22.047407,43.331422],[22.047749,43.329961],[22.0462,43.328924],[22.045218,43.327932],[22.045815,43.326216],[22.046395,43.32405],[22.04622,43.322578],[22.044807,43.321389],[22.043734,43.320854],[22.043624,43.319535],[22.043159,43.318494],[22.041539,43.316791],[22.040348,43.315205],[22.038022,43.3153],[22.037739,43.315289]]]}},{"type":"Feature","properties":{"name":"Велики Јастребац","name_lat":"Veliki Jastrebac","type":"ZP","rajac":false,"pa_type":"ZP","pa_id":"veliki-jastrebac"},"geometry":{"type":"Polygon","coordinates":[[[21.2543,43.399259],[21.24848,43.397195],[21.245433,43.395205],[21.245692,43.391034],[21.247299,43.387891],[21.247736,43.384102],[21.246335,43.380637],[21.242373,43.378318],[21.237224,43.377584],[21.236911,43.37415],[21.24053,43.371421],[21.245075,43.368342],[21.25052,43.362154],[21.250788,43.354015],[21.251398,43.34702],[21.25234,43.341289],[21.254304,43.336044],[21.260822,43.332543],[21.264504,43.334695],[21.268095,43.332981],[21.27249,43.334645],[21.279719,43.333674],[21.285911,43.335027],[21.290389,43.3331],[21.290009,43.328219],[21.293199,43.325595],[21.299011,43.3265],[21.305615,43.326349],[21.311143,43.321918],[21.320226,43.31752],[21.326999,43.319356],[21.334334,43.320315],[21.33894,43.319706],[21.343805,43.317875],[21.351462,43.316912],[21.358466,43.315029],[21.358392,43.320538],[21.358356,43.327863],[21.359571,43.333757],[21.360141,43.339843],[21.362852,43.34337],[21.367169,43.342224],[21.374224,43.339583],[21.380519,43.337571],[21.384908,43.338812],[21.389635,43.33682],[21.38956,43.333407],[21.394765,43.33037],[21.404026,43.331183],[21.410763,43.330319],[21.413173,43.332597],[21.42019,43.330512],[21.421113,43.335359],[21.426352,43.336427],[21.43103,43.337337],[21.433921,43.337917],[21.437529,43.335988],[21.442662,43.334878],[21.447832,43.335288],[21.450831,43.33466],[21.454545,43.334193],[21.458079,43.331049],[21.461122,43.328558],[21.467,43.325755],[21.472697,43.32705],[21.478798,43.326871],[21.484315,43.325838],[21.4826,43.330665],[21.483337,43.337377],[21.487868,43.338711],[21.493134,43.33359],[21.498335,43.336564],[21.505509,43.338599],[21.508792,43.336713],[21.512751,43.338836],[21.517639,43.344023],[21.523826,43.341554],[21.528583,43.340988],[21.534499,43.339385],[21.540875,43.340222],[21.546176,43.340724],[21.552765,43.338382],[21.559171,43.337157],[21.561753,43.340272],[21.567,43.342813],[21.570213,43.34557],[21.569109,43.349872],[21.568867,43.354591],[21.573267,43.360003],[21.58075,43.357977],[21.588001,43.362636],[21.591358,43.364905],[21.593249,43.369884],[21.596873,43.374319],[21.591898,43.379919],[21.585768,43.382321],[21.58247,43.388229],[21.578141,43.392391],[21.575859,43.393377],[21.573755,43.395389],[21.573901,43.399339],[21.573138,43.403243],[21.571096,43.40658],[21.572587,43.411189],[21.567161,43.411827],[21.563886,43.415154],[21.561077,43.418952],[21.554704,43.418063],[21.553089,43.422949],[21.550896,43.42433],[21.546397,43.426221],[21.5408,43.425861],[21.536369,43.428688],[21.532527,43.432648],[21.528757,43.435085],[21.524852,43.436692],[21.518997,43.438231],[21.517027,43.438152],[21.512498,43.433956],[21.504716,43.433011],[21.50348,43.4379],[21.505273,43.443709],[21.507691,43.448169],[21.500972,43.444957],[21.498373,43.447273],[21.493048,43.443212],[21.497628,43.450393],[21.501565,43.461399],[21.499386,43.462111],[21.496416,43.464379],[21.491631,43.466146],[21.489984,43.469062],[21.486247,43.47232],[21.481007,43.474723],[21.480139,43.476547],[21.473426,43.477711],[21.471849,43.47964],[21.468504,43.480695],[21.462778,43.476814],[21.457625,43.473563],[21.451111,43.470735],[21.443695,43.471544],[21.441828,43.476029],[21.439407,43.479437],[21.435372,43.483587],[21.430794,43.486508],[21.428006,43.486735],[21.42501,43.48469],[21.419773,43.482592],[21.415711,43.480791],[21.412561,43.482172],[21.406515,43.481741],[21.40285,43.484141],[21.398467,43.484124],[21.39377,43.483327],[21.387744,43.481621],[21.381734,43.483656],[21.378683,43.485436],[21.375355,43.486778],[21.371141,43.490845],[21.366219,43.49332],[21.363224,43.493513],[21.357398,43.491452],[21.353829,43.490276],[21.348406,43.489169],[21.345645,43.492326],[21.341479,43.493173],[21.336995,43.493008],[21.333593,43.490367],[21.328286,43.488274],[21.325301,43.491441],[21.321101,43.489466],[21.314803,43.489146],[21.311957,43.485477],[21.311717,43.481909],[21.307033,43.478522],[21.298881,43.4765],[21.293239,43.477376],[21.289538,43.476712],[21.28565,43.47402],[21.281543,43.471732],[21.27801,43.468056],[21.272554,43.463919],[21.270263,43.459531],[21.271284,43.454733],[21.268174,43.452666],[21.263509,43.449517],[21.258116,43.447568],[21.260029,43.44471],[21.261858,43.4422],[21.263073,43.439324],[21.264935,43.43557],[21.270529,43.434289],[21.274778,43.429307],[21.271627,43.424017],[21.270951,43.419718],[21.270271,43.414328],[21.267905,43.409811],[21.26387,43.408019],[21.259713,43.402258],[21.2543,43.399259]]]}},{"type":"Feature","properties":{"name":"Варденик","name_lat":"Vardenik","type":"ZP","rajac":false,"pa_type":"ZP","pa_id":"vardenik"},"geometry":{"type":"Polygon","coordinates":[[[22.180756,42.672555],[22.179239,42.670648],[22.177287,42.670254],[22.166799,42.670933],[22.167619,42.668617],[22.168221,42.66617],[22.168155,42.66428],[22.170252,42.663497],[22.170118,42.662261],[22.168262,42.661296],[22.166219,42.661711],[22.165102,42.660751],[22.164099,42.658548],[22.165684,42.657911],[22.166892,42.657729],[22.171183,42.655316],[22.173186,42.653119],[22.175197,42.651109],[22.176939,42.648278],[22.172068,42.646594],[22.173516,42.644492],[22.178262,42.642054],[22.177179,42.64055],[22.179158,42.637287],[22.175347,42.635297],[22.176441,42.634006],[22.177682,42.630942],[22.180385,42.630059],[22.178345,42.626812],[22.182119,42.62484],[22.180688,42.621392],[22.182276,42.621621],[22.182662,42.620959],[22.182975,42.619323],[22.184187,42.618187],[22.185046,42.617452],[22.185995,42.617822],[22.185714,42.615658],[22.187019,42.615326],[22.192449,42.616124],[22.193307,42.615414],[22.19189,42.615605],[22.191165,42.614171],[22.189967,42.613563],[22.188664,42.613671],[22.189244,42.611139],[22.190783,42.610346],[22.193671,42.607965],[22.196402,42.607364],[22.20014,42.606803],[22.201342,42.60574],[22.205069,42.605496],[22.20731,42.609172],[22.207218,42.612445],[22.210741,42.612997],[22.21162,42.612564],[22.215158,42.608186],[22.218057,42.607171],[22.219469,42.607685],[22.221777,42.606773],[22.223851,42.606916],[22.227666,42.606069],[22.225065,42.602914],[22.222884,42.601742],[22.227302,42.601997],[22.228933,42.600929],[22.232786,42.601201],[22.233799,42.60364],[22.237272,42.60544],[22.238565,42.607284],[22.245028,42.607174],[22.25022,42.607738],[22.252899,42.607492],[22.256464,42.611505],[22.257185,42.612559],[22.25633,42.61397],[22.259632,42.621281],[22.256448,42.625974],[22.251409,42.628069],[22.249262,42.628453],[22.246607,42.62946],[22.255764,42.631421],[22.265364,42.633162],[22.265311,42.63438],[22.272979,42.631342],[22.271558,42.625789],[22.27563,42.623314],[22.279641,42.614541],[22.283504,42.61035],[22.285802,42.604687],[22.288253,42.599685],[22.288724,42.593997],[22.296138,42.596474],[22.307772,42.595828],[22.31613,42.596811],[22.327122,42.592551],[22.331474,42.589786],[22.333434,42.590261],[22.337965,42.592228],[22.339091,42.593512],[22.340707,42.594846],[22.338807,42.598039],[22.338117,42.602354],[22.341967,42.603209],[22.341461,42.607235],[22.337596,42.609771],[22.33317,42.610325],[22.329823,42.611473],[22.327421,42.611555],[22.325955,42.613083],[22.32509,42.615371],[22.318985,42.616955],[22.319173,42.620757],[22.323876,42.623846],[22.323949,42.625363],[22.327789,42.623595],[22.33249,42.625165],[22.338271,42.635974],[22.334771,42.635877],[22.333802,42.638678],[22.331538,42.642815],[22.327561,42.646097],[22.324134,42.649921],[22.325153,42.651929],[22.329853,42.654218],[22.329535,42.656494],[22.329079,42.658928],[22.326974,42.662232],[22.324693,42.665305],[22.322037,42.667117],[22.320168,42.668486],[22.317487,42.670155],[22.314887,42.674061],[22.312431,42.676824],[22.312498,42.680137],[22.313956,42.681729],[22.31466,42.684805],[22.312985,42.686977],[22.312028,42.687786],[22.309924,42.688078],[22.3078,42.688899],[22.305977,42.690457],[22.304045,42.691044],[22.302462,42.691725],[22.30117,42.69208],[22.299674,42.692445],[22.298621,42.69319],[22.29742,42.693647],[22.296138,42.694235],[22.294052,42.694006],[22.291653,42.693835],[22.289738,42.693357],[22.285173,42.691732],[22.279019,42.69144],[22.277248,42.689665],[22.27581,42.687523],[22.270071,42.686743],[22.268254,42.686467],[22.268947,42.687559],[22.268403,42.689598],[22.265842,42.690947],[22.265143,42.693461],[22.261467,42.694537],[22.259594,42.695086],[22.258317,42.696527],[22.261049,42.698719],[22.261354,42.699915],[22.260658,42.701792],[22.25878,42.702374],[22.257745,42.703387],[22.259989,42.707102],[22.257115,42.707162],[22.254926,42.706403],[22.253198,42.704859],[22.250767,42.70377],[22.248857,42.701439],[22.247346,42.698367],[22.245452,42.695106],[22.2432,42.692502],[22.242388,42.690677],[22.237373,42.691864],[22.226429,42.692874],[22.220626,42.693578],[22.216401,42.693386],[22.211924,42.693924],[22.211726,42.692802],[22.215304,42.688898],[22.218941,42.685139],[22.219418,42.682773],[22.218999,42.681873],[22.217761,42.680712],[22.217194,42.679658],[22.216847,42.678749],[22.212937,42.677919],[22.211316,42.677957],[22.208472,42.675162],[22.206375,42.675531],[22.203785,42.675881],[22.201283,42.674506],[22.19881,42.674672],[22.194242,42.674931],[22.191741,42.673425],[22.19013,42.672281],[22.185918,42.674371],[22.182385,42.677107],[22.181178,42.675053],[22.180756,42.672555]]]}},{"type":"Feature","properties":{"name":"Увац","name_lat":"Uvac","type":"ZP","rajac":false,"pa_type":"ZP","pa_id":"uvac"},"geometry":{"type":"Polygon","coordinates":[[[19.778884,43.54643],[19.771711,43.544653],[19.765094,43.538466],[19.757579,43.538947],[19.747728,43.536764],[19.742557,43.528325],[19.751261,43.517403],[19.753763,43.523072],[19.758394,43.521383],[19.76841,43.518456],[19.775567,43.517559],[19.792439,43.513445],[19.800324,43.517889],[19.808994,43.514788],[19.815201,43.504522],[19.821136,43.498033],[19.826118,43.48793],[19.831444,43.482972],[19.834016,43.489309],[19.827992,43.495459],[19.828488,43.49949],[19.831867,43.503867],[19.843043,43.501336],[19.85375,43.494153],[19.848556,43.486907],[19.850923,43.478284],[19.857052,43.477378],[19.869577,43.469591],[19.873527,43.469974],[19.881102,43.470934],[19.879941,43.477261],[19.88247,43.479878],[19.888653,43.473481],[19.893622,43.469898],[19.89675,43.465298],[19.896332,43.460329],[19.902305,43.454864],[19.903594,43.446887],[19.909974,43.44499],[19.919592,43.445381],[19.92008,43.440964],[19.919618,43.433323],[19.914657,43.436639],[19.911221,43.431698],[19.907324,43.430436],[19.915189,43.423971],[19.922106,43.42074],[19.91962,43.414349],[19.912148,43.414202],[19.903871,43.415061],[19.896793,43.418123],[19.897747,43.413339],[19.905045,43.409867],[19.909539,43.40603],[19.898792,43.404047],[19.90181,43.399672],[19.910903,43.399671],[19.916069,43.39465],[19.908105,43.38898],[19.907246,43.378996],[19.901539,43.368925],[19.901755,43.360958],[19.906527,43.352406],[19.89777,43.354732],[19.888596,43.350941],[19.88619,43.344938],[19.891758,43.338844],[19.898094,43.332562],[19.906224,43.334277],[19.907601,43.34018],[19.91114,43.344599],[19.919841,43.344695],[19.916689,43.35074],[19.924125,43.355716],[19.923683,43.361837],[19.921964,43.366944],[19.925364,43.369914],[19.932538,43.367375],[19.941034,43.362238],[19.945342,43.354151],[19.949024,43.347579],[19.950582,43.342171],[19.960731,43.343407],[19.962744,43.341415],[19.968203,43.335947],[19.975578,43.333903],[19.973772,43.329857],[19.98245,43.325735],[19.981841,43.321673],[19.990295,43.314514],[19.996068,43.309334],[19.998912,43.318669],[20.006795,43.319063],[20.005736,43.327318],[20.000175,43.336522],[19.994533,43.344476],[19.983918,43.350076],[19.977957,43.351749],[19.975385,43.358902],[19.965773,43.364247],[19.961148,43.368777],[19.957509,43.376822],[19.953312,43.379907],[19.960309,43.382716],[19.961216,43.389331],[19.971538,43.392175],[19.987495,43.39297],[20.005438,43.388511],[20.015965,43.38792],[20.02161,43.383685],[20.030945,43.383696],[20.027972,43.38895],[20.028084,43.393275],[20.019771,43.398173],[20.012648,43.401894],[20.004192,43.404304],[19.995913,43.407247],[19.986835,43.404638],[19.9798,43.405748],[19.971727,43.409641],[19.965658,43.410038],[19.957582,43.41107],[19.947967,43.41437],[19.943017,43.418633],[19.939989,43.423117],[19.943562,43.431377],[19.948801,43.43499],[19.953086,43.437723],[19.941876,43.437208],[19.935633,43.441185],[19.944517,43.443253],[19.936588,43.444529],[19.948061,43.446851],[19.947883,43.447859],[19.940884,43.452723],[19.940841,43.45829],[19.949187,43.456707],[19.948825,43.458785],[19.954658,43.462216],[19.946466,43.464252],[19.933905,43.462959],[19.921406,43.462566],[19.918882,43.469297],[19.914038,43.476434],[19.90714,43.480571],[19.899094,43.483393],[19.89412,43.487074],[19.900151,43.490454],[19.901677,43.494004],[19.908206,43.489456],[19.913969,43.485454],[19.919518,43.484308],[19.925971,43.480009],[19.933569,43.478982],[19.94175,43.479899],[19.934346,43.474515],[19.937135,43.472195],[19.95114,43.470758],[19.954092,43.474808],[19.958776,43.47796],[19.965844,43.476134],[19.972356,43.480288],[19.988122,43.480479],[19.98543,43.484246],[19.979733,43.490388],[19.979455,43.498676],[19.980725,43.509163],[19.985087,43.511833],[19.981948,43.518183],[19.966853,43.519524],[19.972079,43.51592],[19.972688,43.508739],[19.971053,43.501478],[19.969124,43.494627],[19.966204,43.487717],[19.960962,43.483835],[19.955213,43.487925],[19.942191,43.491953],[19.929783,43.491994],[19.922765,43.492663],[19.91368,43.491974],[19.910126,43.498008],[19.905044,43.500919],[19.901418,43.50547],[19.8964,43.508866],[19.896594,43.513672],[19.891009,43.516276],[19.880059,43.518149],[19.872337,43.520166],[19.862636,43.519018],[19.855013,43.523234],[19.845566,43.517449],[19.832151,43.517653],[19.822769,43.520413],[19.813517,43.521982],[19.801419,43.521086],[19.793127,43.523759],[19.787921,43.528266],[19.785281,43.533976],[19.785726,43.540784],[19.778884,43.54643]]]}},{"type":"Feature","properties":{"name":"Стара планина","name_lat":"Stara planina","type":"ZP","rajac":false,"pa_type":"ZP","pa_id":"stara-planina"},"geometry":{"type":"Polygon","coordinates":[[[22.361577,43.799268],[22.347719,43.806272],[22.328379,43.800166],[22.313334,43.80635],[22.318596,43.773326],[22.31806,43.762116],[22.322759,43.747691],[22.339954,43.738721],[22.351288,43.693168],[22.356746,43.695449],[22.357007,43.688917],[22.356946,43.684053],[22.355766,43.68145],[22.351646,43.677274],[22.349039,43.674932],[22.35194,43.669932],[22.341434,43.667028],[22.346857,43.660406],[22.351331,43.654721],[22.360648,43.647951],[22.372732,43.642131],[22.392248,43.634775],[22.407593,43.618766],[22.401622,43.614603],[22.394136,43.611758],[22.388528,43.607806],[22.391685,43.601539],[22.391565,43.591218],[22.389567,43.584959],[22.392958,43.580726],[22.396702,43.579466],[22.400733,43.575235],[22.401469,43.571594],[22.411382,43.569099],[22.415246,43.567273],[22.422007,43.564597],[22.426875,43.561234],[22.428874,43.556924],[22.424299,43.55266],[22.423491,43.547363],[22.424419,43.544132],[22.41996,43.543932],[22.420283,43.542544],[22.417511,43.540136],[22.412276,43.538886],[22.410826,43.533669],[22.407934,43.528618],[22.396849,43.525974],[22.388642,43.525646],[22.378066,43.522214],[22.373679,43.519688],[22.378621,43.517286],[22.379294,43.512852],[22.369813,43.514614],[22.369667,43.511602],[22.362176,43.511596],[22.356938,43.51089],[22.355238,43.509152],[22.35685,43.505695],[22.358775,43.502169],[22.352531,43.50092],[22.350311,43.498406],[22.345865,43.493518],[22.341414,43.490969],[22.358613,43.478432],[22.381617,43.467122],[22.395016,43.457391],[22.408991,43.442686],[22.41578,43.432431],[22.425082,43.430948],[22.433565,43.430813],[22.449938,43.43606],[22.456564,43.430887],[22.463631,43.41993],[22.456807,43.416666],[22.449497,43.408971],[22.448219,43.401123],[22.445459,43.393794],[22.440651,43.392858],[22.447245,43.383411],[22.455161,43.371654],[22.46345,43.370817],[22.472312,43.373581],[22.477321,43.371333],[22.485974,43.372538],[22.495097,43.367242],[22.497913,43.357645],[22.508748,43.348911],[22.514428,43.345514],[22.524977,43.33836],[22.528219,43.335596],[22.545621,43.334207],[22.558944,43.331102],[22.579798,43.32051],[22.578487,43.309609],[22.574494,43.302917],[22.570106,43.294535],[22.565976,43.291374],[22.565857,43.283769],[22.55892,43.280959],[22.557998,43.27363],[22.570555,43.256922],[22.581877,43.258128],[22.590361,43.254851],[22.595353,43.26169],[22.595047,43.257978],[22.597487,43.252762],[22.594097,43.241228],[22.597587,43.237721],[22.627894,43.22792],[22.620879,43.222824],[22.617694,43.220483],[22.614923,43.216085],[22.615921,43.20978],[22.618655,43.199893],[22.62546,43.192995],[22.631848,43.189475],[22.643315,43.183836],[22.676362,43.18072],[22.693998,43.178043],[22.708118,43.17724],[22.710816,43.174124],[22.710073,43.165411],[22.750792,43.141901],[22.756069,43.140947],[22.75786,43.139418],[22.761776,43.139694],[22.762418,43.140296],[22.765319,43.14155],[22.770804,43.142618],[22.775288,43.144241],[22.779551,43.144396],[22.781995,43.141594],[22.784132,43.141463],[22.787479,43.139913],[22.791086,43.137486],[22.794204,43.140933],[22.79911,43.143458],[22.809642,43.143569],[22.817338,43.141655],[22.820976,43.140183],[22.823529,43.138349],[22.827138,43.137545],[22.833311,43.133078],[22.839872,43.128975],[22.847101,43.122588],[22.854991,43.11492],[22.867931,43.108847],[22.878103,43.099675],[22.898609,43.093247],[22.905432,43.085418],[22.953167,43.093063],[22.9832,43.113662],[22.992302,43.129548],[22.994697,43.151446],[22.986766,43.167428],[22.995925,43.177052],[23.006068,43.188717],[22.981463,43.201763],[22.960545,43.206652],[22.938253,43.204961],[22.920446,43.218032],[22.899247,43.225161],[22.880859,43.246593],[22.869153,43.261571],[22.857427,43.274407],[22.844566,43.290632],[22.835287,43.308588],[22.82956,43.318805],[22.822454,43.33274],[22.796485,43.341653],[22.770398,43.363473],[22.760217,43.378905],[22.733444,43.389296],[22.707341,43.394218],[22.692837,43.394877],[22.674831,43.396765],[22.667434,43.409344],[22.660678,43.420451],[22.652563,43.428114],[22.624779,43.428214],[22.602336,43.435378],[22.587521,43.45121],[22.5705,43.463204],[22.558521,43.46268],[22.54492,43.466356],[22.533225,43.471948],[22.528907,43.482364],[22.524555,43.496212],[22.504824,43.522024],[22.501703,43.542378],[22.489305,43.561512],[22.495884,43.580489],[22.489077,43.588312],[22.493104,43.603204],[22.488188,43.617675],[22.482791,43.623954],[22.491895,43.637115],[22.474725,43.657616],[22.4541,43.661859],[22.440942,43.672922],[22.420567,43.681541],[22.405645,43.694463],[22.403629,43.716961],[22.397746,43.740618],[22.384627,43.767478],[22.367276,43.792451],[22.361577,43.799268]]]}},{"type":"Feature","properties":{"name":"Шарган – Мокра гора","name_lat":"Sargan - Mokra Gora","type":"ZP","rajac":false,"pa_type":"ZP","pa_id":"sargan-mokra-gora"},"geometry":{"type":"Polygon","coordinates":[[[19.531038,43.780921],[19.531756,43.780126],[19.533601,43.779302],[19.536301,43.779246],[19.539675,43.780189],[19.540583,43.778163],[19.540414,43.776206],[19.541754,43.775778],[19.544653,43.775235],[19.547601,43.7749],[19.5504,43.775703],[19.552227,43.775562],[19.555655,43.776357],[19.56004,43.775886],[19.560705,43.777671],[19.56253,43.780638],[19.561555,43.784585],[19.561334,43.786274],[19.560164,43.786555],[19.566697,43.794667],[19.565217,43.79846],[19.56178,43.80055],[19.559969,43.80236],[19.556482,43.800413],[19.55366,43.800909],[19.551706,43.803804],[19.549159,43.806489],[19.547704,43.809055],[19.549324,43.810941],[19.548666,43.814203],[19.54967,43.815206],[19.548431,43.817303],[19.546757,43.821315],[19.546214,43.823549],[19.546445,43.825376],[19.545486,43.82741],[19.545983,43.829549],[19.546481,43.830702],[19.548481,43.83221],[19.545859,43.832557],[19.542029,43.831845],[19.539142,43.831336],[19.536,43.831145],[19.534995,43.831803],[19.535899,43.832795],[19.537845,43.834251],[19.534475,43.83592],[19.529478,43.836887],[19.524899,43.837425],[19.520591,43.840631],[19.517069,43.841651],[19.512458,43.842741],[19.509196,43.844235],[19.512425,43.847522],[19.512786,43.851501],[19.512131,43.855094],[19.509385,43.85852],[19.50723,43.860827],[19.50659,43.864858],[19.50634,43.868027],[19.51154,43.868133],[19.51221,43.870113],[19.512225,43.872694],[19.514396,43.874973],[19.511148,43.875248],[19.509612,43.877724],[19.510944,43.880971],[19.511789,43.884621],[19.509873,43.886323],[19.507652,43.887505],[19.503446,43.887338],[19.498577,43.889616],[19.494883,43.890721],[19.491584,43.892513],[19.487836,43.893401],[19.484345,43.894483],[19.483087,43.896825],[19.480824,43.898607],[19.47646,43.899464],[19.471838,43.900048],[19.468131,43.899466],[19.464115,43.898404],[19.461722,43.8974],[19.456682,43.896462],[19.453373,43.897672],[19.449843,43.897256],[19.44609,43.895543],[19.444076,43.894109],[19.445244,43.891629],[19.444822,43.89014],[19.443724,43.887748],[19.441377,43.887091],[19.439311,43.88646],[19.436777,43.885059],[19.437326,43.882701],[19.438659,43.880698],[19.43462,43.879994],[19.432566,43.878498],[19.431569,43.876665],[19.434998,43.876297],[19.437401,43.876169],[19.437738,43.874356],[19.437428,43.872951],[19.439959,43.870824],[19.438941,43.867883],[19.440805,43.865599],[19.442607,43.86315],[19.444057,43.861539],[19.447637,43.860021],[19.450141,43.859925],[19.452185,43.858238],[19.450307,43.857491],[19.45197,43.855538],[19.453427,43.853938],[19.455694,43.853238],[19.456518,43.851779],[19.454901,43.849611],[19.452136,43.84876],[19.448921,43.848068],[19.446148,43.848045],[19.442114,43.847766],[19.439196,43.846374],[19.436091,43.845266],[19.434831,43.843752],[19.435177,43.841499],[19.436839,43.839018],[19.436344,43.837061],[19.436574,43.835009],[19.438862,43.832869],[19.436355,43.830242],[19.433068,43.829152],[19.429547,43.827238],[19.427603,43.824146],[19.42494,43.821911],[19.421494,43.820128],[19.419675,43.818628],[19.416194,43.818144],[19.413717,43.816593],[19.412391,43.814413],[19.410031,43.814745],[19.407372,43.815103],[19.403891,43.815412],[19.398917,43.817234],[19.395951,43.817308],[19.393015,43.814248],[19.391856,43.811886],[19.391325,43.80929],[19.392623,43.806021],[19.393873,43.803413],[19.394486,43.800713],[19.394759,43.798191],[19.399551,43.797122],[19.403434,43.797651],[19.407679,43.79598],[19.411071,43.793934],[19.415239,43.794124],[19.416588,43.795945],[19.418899,43.797256],[19.422105,43.79582],[19.423819,43.792445],[19.425566,43.790473],[19.428178,43.78904],[19.430153,43.785925],[19.431564,43.782466],[19.430978,43.779823],[19.431128,43.777011],[19.435698,43.776125],[19.43971,43.776119],[19.445035,43.775818],[19.449471,43.773808],[19.453435,43.771612],[19.456358,43.768926],[19.460646,43.766281],[19.46543,43.764441],[19.466095,43.760397],[19.468142,43.759342],[19.469327,43.76195],[19.473475,43.76328],[19.473653,43.766752],[19.47462,43.768916],[19.477041,43.771098],[19.476441,43.774123],[19.47772,43.775923],[19.481348,43.77741],[19.482618,43.779104],[19.483454,43.7799],[19.487863,43.780112],[19.489226,43.780114],[19.491705,43.779575],[19.494389,43.779173],[19.49768,43.781144],[19.500176,43.779336],[19.500149,43.78097],[19.502266,43.781821],[19.502615,43.782773],[19.503475,43.78379],[19.505774,43.784629],[19.5086,43.784544],[19.509836,43.783601],[19.511899,43.783022],[19.513994,43.782424],[19.515955,43.782954],[19.517876,43.783109],[19.519698,43.782069],[19.521463,43.783168],[19.522945,43.781389],[19.526974,43.781189],[19.530524,43.780975],[19.531038,43.780921]]]}},{"type":"Feature","properties":{"name":"Камена гора","name_lat":"Kamena Gora","type":"ZP","rajac":false,"pa_type":"ZP","pa_id":"kamena-gora"},"geometry":{"type":"Polygon","coordinates":[[[19.710524,43.277451],[19.714822,43.278546],[19.719429,43.279903],[19.719806,43.283017],[19.717589,43.286144],[19.714841,43.28892],[19.711077,43.291053],[19.706452,43.29251],[19.701399,43.293785],[19.697302,43.298219],[19.692275,43.302819],[19.689349,43.303576],[19.68715,43.304319],[19.68541,43.304574],[19.683192,43.305153],[19.681856,43.306336],[19.680336,43.307158],[19.678993,43.310846],[19.679961,43.312494],[19.678888,43.312795],[19.677557,43.310347],[19.675783,43.309148],[19.673412,43.309366],[19.671963,43.309939],[19.66348,43.313598],[19.664017,43.310377],[19.662166,43.308166],[19.664734,43.304769],[19.666479,43.300882],[19.663613,43.299673],[19.662362,43.30037],[19.660234,43.301045],[19.659039,43.301423],[19.658476,43.301347],[19.658127,43.301839],[19.657131,43.301734],[19.65688,43.302297],[19.656007,43.301846],[19.655358,43.301855],[19.656438,43.300871],[19.65761,43.298568],[19.65406,43.299099],[19.652803,43.299047],[19.65215,43.299374],[19.651577,43.299888],[19.651253,43.299611],[19.647539,43.298893],[19.645525,43.297702],[19.644401,43.294513],[19.640757,43.294581],[19.637904,43.294548],[19.636529,43.293216],[19.634813,43.290901],[19.631259,43.288554],[19.628538,43.287698],[19.625449,43.286175],[19.618329,43.280676],[19.614439,43.280488],[19.609372,43.280595],[19.60545,43.279311],[19.604404,43.277249],[19.601202,43.275869],[19.595823,43.273076],[19.591019,43.277417],[19.591793,43.280197],[19.5927,43.280583],[19.593357,43.28097],[19.593651,43.281507],[19.593875,43.282061],[19.5943,43.282566],[19.594686,43.283208],[19.594989,43.283922],[19.594946,43.285151],[19.595011,43.285784],[19.595249,43.286666],[19.595938,43.287139],[19.596435,43.287824],[19.596855,43.288193],[19.597272,43.288996],[19.59712,43.289624],[19.597316,43.290254],[19.597335,43.290912],[19.597394,43.291338],[19.597374,43.291929],[19.597543,43.292625],[19.597471,43.293304],[19.597887,43.293833],[19.598184,43.294733],[19.598773,43.295401],[19.599493,43.295797],[19.598591,43.296661],[19.596595,43.297704],[19.593924,43.297983],[19.593669,43.298717],[19.592568,43.301262],[19.587129,43.304125],[19.586551,43.303757],[19.585558,43.304191],[19.584582,43.304395],[19.583921,43.304621],[19.583431,43.305115],[19.583028,43.305748],[19.582869,43.306229],[19.582641,43.306755],[19.582248,43.307082],[19.582012,43.307949],[19.581533,43.30877],[19.581433,43.310107],[19.581464,43.311464],[19.580701,43.312728],[19.580162,43.314383],[19.580835,43.316524],[19.579661,43.320149],[19.577534,43.322179],[19.573577,43.314884],[19.565592,43.312235],[19.560795,43.312201],[19.555412,43.312586],[19.550278,43.310643],[19.548436,43.308739],[19.544642,43.307338],[19.535798,43.300041],[19.532266,43.294782],[19.527479,43.284903],[19.529415,43.274627],[19.535238,43.268755],[19.538506,43.265376],[19.539264,43.263266],[19.541656,43.261634],[19.54156,43.259765],[19.54427,43.252305],[19.556106,43.244085],[19.564722,43.242224],[19.57077,43.241856],[19.573264,43.240545],[19.577473,43.240958],[19.580287,43.241008],[19.584064,43.23997],[19.588527,43.239118],[19.593132,43.237931],[19.596468,43.236505],[19.600543,43.235134],[19.602326,43.235974],[19.60353,43.23798],[19.603683,43.239738],[19.606118,43.239833],[19.608946,43.239037],[19.609677,43.23748],[19.611889,43.237306],[19.615794,43.235665],[19.62051,43.235962],[19.625973,43.235485],[19.630384,43.237911],[19.633665,43.238555],[19.635621,43.237259],[19.637735,43.238861],[19.639013,43.2415],[19.640446,43.241349],[19.640866,43.239609],[19.642276,43.240982],[19.642399,43.242513],[19.640462,43.241978],[19.637933,43.242582],[19.637107,43.244254],[19.63604,43.245551],[19.635179,43.246373],[19.634328,43.246658],[19.63586,43.248465],[19.637575,43.250089],[19.639372,43.251628],[19.639049,43.25241],[19.639298,43.253825],[19.64217,43.254505],[19.642969,43.25338],[19.645642,43.252923],[19.648119,43.252465],[19.650902,43.252011],[19.654253,43.250545],[19.655625,43.250697],[19.657068,43.250677],[19.657411,43.252835],[19.658536,43.255164],[19.660164,43.255926],[19.662182,43.256794],[19.662904,43.256576],[19.66364,43.256331],[19.663318,43.25746],[19.663641,43.2582],[19.664098,43.258814],[19.665251,43.259927],[19.66714,43.2612],[19.668515,43.261098],[19.669745,43.26124],[19.6709,43.259888],[19.672954,43.259838],[19.675034,43.260439],[19.677645,43.26053],[19.679444,43.26081],[19.678894,43.261923],[19.677071,43.262933],[19.676601,43.264118],[19.675392,43.265004],[19.676491,43.269225],[19.677951,43.277353],[19.68993,43.279119],[19.694672,43.279256],[19.697185,43.277433],[19.699392,43.276192],[19.699141,43.274504],[19.70992,43.277136],[19.710524,43.277451]]]}},{"type":"Feature","properties":{"name":"Национални парк Тара","name_lat":"Nacionalni park Tara","type":"NP","rajac":false,"pa_type":"NP","pa_id":"nacionalni-park-tara"},"geometry":{"type":"Polygon","coordinates":[[[19.283932,43.997206],[19.272864,43.999016],[19.263199,44.002334],[19.256209,44.007672],[19.250785,44.012773],[19.240152,44.014421],[19.235139,44.010461],[19.235352,44.004418],[19.235791,44.000176],[19.235491,43.994138],[19.236635,43.987684],[19.240357,43.981442],[19.247485,43.974569],[19.252267,43.969125],[19.255341,43.961691],[19.252633,43.956305],[19.253553,43.951898],[19.258935,43.948927],[19.264423,43.947491],[19.269705,43.944528],[19.271252,43.939643],[19.27585,43.936409],[19.280984,43.932187],[19.283715,43.928219],[19.289944,43.923703],[19.294055,43.919804],[19.296846,43.913851],[19.299867,43.907026],[19.306466,43.901509],[19.310584,43.897453],[19.310406,43.893604],[19.314807,43.890164],[19.314057,43.886386],[19.31718,43.881995],[19.323279,43.879662],[19.330861,43.874423],[19.336065,43.868422],[19.337973,43.863308],[19.343091,43.858451],[19.347019,43.85253],[19.35344,43.847101],[19.360137,43.842132],[19.3647,43.83745],[19.371183,43.835552],[19.37474,43.832758],[19.372861,43.828398],[19.372435,43.824234],[19.377897,43.820222],[19.381963,43.816365],[19.386885,43.813189],[19.390056,43.809468],[19.392162,43.812884],[19.396635,43.817606],[19.404753,43.81577],[19.41019,43.814471],[19.413759,43.816794],[19.419513,43.818904],[19.42494,43.821911],[19.429547,43.827238],[19.436232,43.830218],[19.437397,43.834716],[19.436404,43.838718],[19.435175,43.843113],[19.437987,43.84546],[19.444503,43.847959],[19.450422,43.848886],[19.455151,43.850864],[19.455205,43.853004],[19.451498,43.855872],[19.452025,43.858862],[19.447076,43.860059],[19.44251,43.863252],[19.43916,43.868202],[19.43708,43.87317],[19.437609,43.875888],[19.43216,43.875767],[19.434422,43.87965],[19.439104,43.881811],[19.437133,43.885401],[19.4427,43.887619],[19.445194,43.890281],[19.44465,43.893421],[19.448035,43.896248],[19.452995,43.897428],[19.457864,43.896248],[19.463369,43.898092],[19.467742,43.899546],[19.47307,43.899937],[19.478092,43.898609],[19.482432,43.896961],[19.486132,43.893963],[19.491866,43.892571],[19.498195,43.889834],[19.505972,43.887318],[19.509874,43.886321],[19.514431,43.883023],[19.519124,43.879472],[19.525375,43.877909],[19.53063,43.881202],[19.535885,43.887047],[19.542775,43.886586],[19.551047,43.887547],[19.555937,43.888884],[19.559496,43.891642],[19.563803,43.891631],[19.567837,43.892133],[19.569798,43.891239],[19.573559,43.889729],[19.579321,43.889576],[19.586,43.888439],[19.590698,43.886156],[19.595465,43.885075],[19.600863,43.884949],[19.602798,43.88691],[19.60313,43.890197],[19.601937,43.894766],[19.607243,43.897041],[19.607384,43.898578],[19.602257,43.900029],[19.59534,43.900152],[19.588672,43.902697],[19.584532,43.905147],[19.577422,43.906722],[19.571064,43.909912],[19.566429,43.913404],[19.563963,43.913892],[19.559804,43.911643],[19.556252,43.909888],[19.552648,43.912363],[19.54898,43.91519],[19.549871,43.918592],[19.548992,43.920331],[19.549882,43.92166],[19.552629,43.923446],[19.550767,43.924064],[19.547828,43.925117],[19.547237,43.928579],[19.549522,43.930239],[19.553627,43.931652],[19.552448,43.934542],[19.552207,43.937554],[19.549641,43.939667],[19.546268,43.939118],[19.541223,43.937457],[19.538055,43.935353],[19.535708,43.932248],[19.532672,43.930008],[19.528284,43.930686],[19.527748,43.93287],[19.525271,43.930944],[19.523809,43.92891],[19.525614,43.926813],[19.528516,43.925527],[19.533068,43.925769],[19.53121,43.921585],[19.526738,43.91884],[19.526734,43.921401],[19.523413,43.922204],[19.519362,43.924261],[19.515135,43.925698],[19.510732,43.927157],[19.505326,43.928851],[19.501526,43.933788],[19.500161,43.936267],[19.497845,43.939455],[19.492427,43.940453],[19.488992,43.942458],[19.483898,43.942449],[19.477986,43.942956],[19.472835,43.942265],[19.467143,43.945896],[19.463297,43.948554],[19.458788,43.950017],[19.454389,43.949944],[19.453356,43.947782],[19.448718,43.949474],[19.448571,43.947593],[19.443933,43.948285],[19.439428,43.947879],[19.436204,43.947917],[19.434624,43.950074],[19.429835,43.950052],[19.43075,43.952863],[19.429164,43.954612],[19.426279,43.954437],[19.427362,43.958168],[19.426301,43.955148],[19.42408,43.954479],[19.423155,43.954404],[19.420989,43.95729],[19.416139,43.959042],[19.411842,43.960985],[19.408634,43.963309],[19.407326,43.968242],[19.401335,43.968139],[19.397783,43.964331],[19.394306,43.96088],[19.387131,43.960556],[19.378904,43.962483],[19.372639,43.968132],[19.365195,43.970458],[19.357043,43.977928],[19.352793,43.982016],[19.341498,43.981765],[19.330998,43.984258],[19.324601,43.98831],[19.316447,43.992928],[19.306661,43.996838],[19.292833,43.997404],[19.283932,43.997206]]]}},{"type":"Feature","properties":{"name":"Национални парк Копаоник","name_lat":"Nacionalni park Kopaonik","type":"NP","rajac":false,"pa_type":"NP","pa_id":"nacionalni-park-kopaonik"},"geometry":{"type":"Polygon","coordinates":[[[20.868565,43.263911],[20.866714,43.265339],[20.868793,43.268025],[20.872737,43.267597],[20.877185,43.26812],[20.87944,43.264468],[20.883746,43.264634],[20.889577,43.264956],[20.890252,43.266966],[20.887584,43.268476],[20.882126,43.269642],[20.880571,43.275154],[20.874815,43.279463],[20.878289,43.284944],[20.879204,43.287116],[20.87999,43.288969],[20.879562,43.291076],[20.877844,43.291763],[20.875554,43.292318],[20.877572,43.292892],[20.87906,43.294464],[20.880164,43.296926],[20.884186,43.299212],[20.882778,43.300555],[20.879933,43.30137],[20.878173,43.303287],[20.875392,43.303506],[20.874241,43.304292],[20.871522,43.304935],[20.866845,43.305984],[20.871131,43.306022],[20.874391,43.306499],[20.87629,43.304768],[20.879655,43.303913],[20.880912,43.303041],[20.882209,43.304881],[20.882115,43.30687],[20.882334,43.310006],[20.886366,43.310628],[20.887335,43.308642],[20.890047,43.306605],[20.892007,43.302596],[20.891328,43.305319],[20.889548,43.309889],[20.89118,43.310413],[20.893052,43.309421],[20.890743,43.313477],[20.889672,43.316575],[20.888671,43.318798],[20.885725,43.320073],[20.885743,43.324599],[20.882857,43.326682],[20.879713,43.32671],[20.875983,43.325126],[20.87302,43.325407],[20.868543,43.323791],[20.861936,43.32409],[20.859849,43.322188],[20.856774,43.322042],[20.857328,43.32699],[20.861022,43.329533],[20.865855,43.333203],[20.866517,43.338947],[20.868297,43.343919],[20.866185,43.345912],[20.865152,43.34975],[20.863743,43.352772],[20.860647,43.353662],[20.857429,43.355282],[20.861087,43.359186],[20.860845,43.360796],[20.857644,43.363319],[20.857313,43.368227],[20.859519,43.372706],[20.864588,43.374713],[20.867053,43.377151],[20.865414,43.380569],[20.87143,43.38418],[20.867713,43.386074],[20.864192,43.384407],[20.865042,43.380231],[20.859459,43.37859],[20.854049,43.379054],[20.853535,43.382476],[20.846623,43.384055],[20.84409,43.381763],[20.84563,43.376767],[20.843446,43.372921],[20.843246,43.372111],[20.842956,43.37195],[20.838564,43.371695],[20.836906,43.365601],[20.837741,43.36202],[20.83476,43.359145],[20.827029,43.361232],[20.824054,43.363935],[20.819755,43.366949],[20.817356,43.367118],[20.817878,43.359535],[20.817761,43.353393],[20.804091,43.357826],[20.798618,43.364473],[20.792407,43.361911],[20.786034,43.367405],[20.785053,43.367947],[20.784687,43.370619],[20.788655,43.374102],[20.786851,43.377493],[20.782176,43.376722],[20.780738,43.372709],[20.781106,43.367237],[20.775662,43.365272],[20.776519,43.36625],[20.774226,43.367357],[20.775221,43.364059],[20.778135,43.361747],[20.77471,43.361914],[20.772429,43.361327],[20.766704,43.361488],[20.760642,43.363705],[20.75071,43.366466],[20.750329,43.363249],[20.743389,43.365962],[20.73871,43.365386],[20.740582,43.359925],[20.736206,43.364486],[20.733332,43.365377],[20.731393,43.363358],[20.730269,43.36226],[20.729935,43.360443],[20.728661,43.358503],[20.727,43.357699],[20.725414,43.356279],[20.724091,43.354325],[20.72384,43.352574],[20.723868,43.350345],[20.722018,43.341859],[20.725262,43.338664],[20.728655,43.343374],[20.728822,43.337271],[20.729848,43.332525],[20.734355,43.328546],[20.73741,43.323726],[20.742998,43.321399],[20.746489,43.314965],[20.74401,43.31348],[20.744718,43.313047],[20.743563,43.312292],[20.742851,43.312028],[20.742203,43.310634],[20.741057,43.308082],[20.735792,43.307565],[20.729872,43.306657],[20.728736,43.304637],[20.7312,43.306243],[20.733882,43.30263],[20.735086,43.301528],[20.738482,43.302186],[20.740267,43.296812],[20.740017,43.2953],[20.742031,43.294146],[20.742326,43.293144],[20.741613,43.289567],[20.745927,43.286875],[20.756595,43.289013],[20.76189,43.286956],[20.764202,43.2898],[20.767737,43.289986],[20.769144,43.286722],[20.7717,43.286927],[20.771719,43.284239],[20.772058,43.282187],[20.775704,43.278653],[20.777215,43.27732],[20.778156,43.276487],[20.779557,43.276529],[20.780981,43.276472],[20.783576,43.276613],[20.784774,43.275531],[20.786119,43.274388],[20.791078,43.272999],[20.795575,43.271914],[20.795312,43.270802],[20.80336,43.270483],[20.819786,43.27242],[20.822862,43.26925],[20.827504,43.267103],[20.830504,43.262366],[20.843445,43.254282],[20.867043,43.251538],[20.873461,43.254605],[20.874829,43.257943],[20.873988,43.259013],[20.874834,43.26235],[20.872602,43.259824],[20.869354,43.259289],[20.868404,43.260339],[20.869885,43.263411],[20.87236,43.264923],[20.870886,43.265348],[20.868565,43.263911]]]}},{"type":"Feature","properties":{"name":"Златибор","name_lat":"Zlatibor","type":"ZP","rajac":false,"pa_type":"ZP","pa_id":"zlatibor"},"geometry":{"type":"Polygon","coordinates":[[[19.5031489,43.6129096],[19.5056643,43.6115356],[19.5142261,43.6053296],[19.5232768,43.6041256],[19.5275078,43.6012966],[19.5376052,43.5967866],[19.5437637,43.5946076],[19.5469569,43.5974156],[19.5510088,43.5957396],[19.5579501,43.5956126],[19.5655981,43.5940236],[19.5733182,43.5933556],[19.5850772,43.5882906],[19.5913226,43.5865616],[19.5972771,43.5855396],[19.6037535,43.5857106],[19.6084873,43.5799016],[19.6115905,43.5766346],[19.6122633,43.5713006],[19.6122683,43.5686386],[19.6156875,43.5687126],[19.6193466,43.5684656],[19.6223708,43.5668556],[19.6269336,43.5655306],[19.629309,43.5561946],[19.63345,43.5552136],[19.637409,43.5532376],[19.641507,43.5518326],[19.6508446,43.5502027],[19.6568531,43.5511597],[19.6695619,43.5536547],[19.6647491,43.5574417],[19.6663187,43.5600407],[19.6683672,43.5610457],[19.6711984,43.5630477],[19.6754894,43.5679927],[19.6758253,43.5667887],[19.6744766,43.5650977],[19.6814209,43.5657297],[19.684879,43.5605467],[19.6921202,43.5574557],[19.6935918,43.5538407],[19.6992274,43.5503987],[19.7041941,43.5514567],[19.7082421,43.5496567],[19.7148804,43.5503357],[19.7196852,43.5526997],[19.7272383,43.5578057],[19.7292128,43.5630567],[19.7351533,43.5640627],[19.7408118,43.5594957],[19.747965,43.5564298],[19.7523619,43.5533708],[19.7552042,43.5475058],[19.7607238,43.5481768],[19.7686118,43.5460798],[19.7745044,43.5434388],[19.779842,43.5431988],[19.7860994,43.5455628],[19.7927217,43.5498038],[19.799498,43.5538958],[19.8053175,43.5534908],[19.8105862,43.5537018],[19.8165877,43.5494228],[19.8246017,43.5497769],[19.8248396,43.5564849],[19.8251705,43.5611559],[19.8282157,43.5659529],[19.8224652,43.5698819],[19.8227191,43.5743899],[19.8266131,43.5765029],[19.8276008,43.5804669],[19.8294853,43.5833769],[19.8292094,43.5862129],[19.82266,43.5902269],[19.8183891,43.5929869],[19.8184131,43.5984999],[19.8203326,43.6017159],[19.8159037,43.6060958],[19.8084226,43.6059958],[19.8045676,43.6048908],[19.7982632,43.6063608],[19.7940922,43.6088798],[19.7887036,43.6108408],[19.7880318,43.6132068],[19.7809095,43.6189518],[19.7762627,43.6218908],[19.7843277,43.6250548],[19.7864151,43.6285508],[19.7901032,43.6339678],[19.7973683,43.6371048],[19.8006335,43.6430378],[19.806598,43.6466148],[19.8134492,43.6462208],[19.8201935,43.6469829],[19.8239206,43.6433199],[19.8271348,43.6399949],[19.8308188,43.6388459],[19.8359595,43.6361499],[19.8367394,43.6324819],[19.8441805,43.6302729],[19.8496561,43.6287719],[19.8508928,43.6301949],[19.8509537,43.6331339],[19.8488213,43.6380359],[19.8431447,43.6382949],[19.837942,43.6424109],[19.8333502,43.6464609],[19.8315846,43.6469409],[19.8283374,43.6501579],[19.8256691,43.6533999],[19.8223719,43.6556899],[19.8174952,43.6576409],[19.8124694,43.6617358],[19.8047764,43.6637118],[19.8008723,43.6699418],[19.7956627,43.6730498],[19.7923645,43.6765108],[19.7889164,43.6782318],[19.7853093,43.6815578],[19.7788349,43.6841078],[19.7716037,43.6838908],[19.7662221,43.6878338],[19.7591269,43.6914098],[19.7515318,43.6931458],[19.7423032,43.6897647],[19.731286,43.6873137],[19.7184872,43.6836487],[19.7100964,43.6820997],[19.7065483,43.6765307],[19.7063053,43.6699667],[19.7099304,43.6653147],[19.70382,43.6597297],[19.6966038,43.6578407],[19.6885979,43.6602547],[19.6876111,43.6666217],[19.6843329,43.6732897],[19.6561201,43.6808717],[19.6465215,43.6788877],[19.6384606,43.6806446],[19.6417787,43.6886636],[19.648623,43.6924657],[19.6499356,43.6984387],[19.6477762,43.7030577],[19.6526109,43.7036307],[19.6564979,43.7083757],[19.6636741,43.7177057],[19.6677311,43.7255897],[19.6688867,43.7357677],[19.6664763,43.7452747],[19.6548363,43.7478787],[19.6412268,43.7508106],[19.6342965,43.7570556],[19.6226025,43.7596686],[19.6148665,43.7627036],[19.6077063,43.7665466],[19.5985146,43.7702156],[19.5905336,43.7719496],[19.5808991,43.7723126],[19.573284,43.7649456],[19.5716375,43.7647986],[19.5672256,43.7673156],[19.5635865,43.7706636],[19.5601774,43.7700816],[19.5572431,43.7687586],[19.5542279,43.7640426],[19.54998,43.7602816],[19.5401085,43.7596746],[19.5328773,43.7617666],[19.5276057,43.7633646],[19.5178302,43.7643246],[19.5087055,43.7584466],[19.5056493,43.7541256],[19.4991719,43.7494306],[19.4940972,43.7415286],[19.4852105,43.7378046],[19.4785072,43.7379926],[19.4814374,43.7355276],[19.4814454,43.7316156],[19.4856304,43.7272006],[19.4799538,43.7241736],[19.4805917,43.7202816],[19.4856524,43.7157356],[19.4898433,43.7105216],[19.4957448,43.7078506],[19.5017663,43.7042776],[19.5095363,43.6996326],[19.5118587,43.6933156],[19.5071169,43.6859646],[19.51086,43.6800726],[19.510708,43.6728366],[19.514573,43.6662276],[19.5174613,43.6608536],[19.5216682,43.6545506],[19.5232858,43.6492476],[19.5207445,43.6401326],[19.5163916,43.6336656],[19.5065051,43.6306086],[19.5073789,43.6263606],[19.5044006,43.6201886],[19.5031489,43.6129096]]]}},{"type":"Feature","properties":{"name":"Кањишки јараши","name_lat":"Kanjiski jarasi","type":"ZP","rajac":false,"pa_type":"ZP","pa_id":"kanjiski-jarasi"},"geometry":{"type":"MultiPolygon","coordinates":[[[[19.998529,45.979001],[19.998065,45.979219],[19.99769,45.979403],[19.997636,45.979428],[19.99725,45.979022],[19.997704,45.978801],[19.997484,45.978729],[19.997212,45.978726],[19.996842,45.978884],[19.996657,45.978975],[19.996515,45.9791],[19.996265,45.978832],[19.996068,45.978613],[19.996058,45.9786],[19.995949,45.978492],[19.996078,45.978291],[19.996216,45.978133],[19.996309,45.978046],[19.996307,45.978028],[19.996313,45.977974],[19.996263,45.977903],[19.996224,45.977862],[19.996152,45.977773],[19.996104,45.977734],[19.996051,45.977688],[19.99601,45.977654],[19.995969,45.97761],[19.995885,45.977521],[19.995856,45.977478],[19.995798,45.977398],[19.995745,45.977353],[19.995656,45.977281],[19.995623,45.977249],[19.995555,45.977218],[19.995488,45.977177],[19.995418,45.977113],[19.995371,45.977064],[19.99534,45.977033],[19.995311,45.977001],[19.995269,45.976953],[19.995256,45.97693],[19.995177,45.976882],[19.995134,45.976839],[19.995074,45.976784],[19.994992,45.976701],[19.994942,45.976657],[19.994892,45.976597],[19.994855,45.976567],[19.994856,45.976524],[19.994975,45.976346],[19.995117,45.976311],[19.995177,45.976236],[19.9952,45.976105],[19.995168,45.975864],[19.995145,45.975714],[19.995267,45.975542],[19.995211,45.975433],[19.99523,45.975376],[19.99526,45.975395],[19.995369,45.975159],[19.995453,45.974971],[19.995506,45.974988],[19.995928,45.974677],[19.996329,45.974461],[19.996504,45.974599],[19.996571,45.974547],[19.99657,45.974445],[19.996895,45.974338],[19.996969,45.974286],[19.997281,45.974257],[19.997359,45.974212],[19.997602,45.974141],[19.998428,45.974072],[19.999563,45.97398],[20.000301,45.973932],[20.000392,45.973878],[20.000504,45.973983],[20.000783,45.974121],[20.001074,45.974377],[20.001286,45.974665],[20.001508,45.974971],[20.001607,45.975218],[20.001721,45.975493],[20.001797,45.975666],[20.001903,45.97578],[20.001854,45.975798],[20.001651,45.976247],[20.00143,45.976475],[20.001355,45.976536],[20.001284,45.976587],[20.001154,45.976682],[20.000938,45.976803],[20.000912,45.976817],[20.00076,45.976937],[20.000579,45.977094],[20.000443,45.977209],[20.00026,45.977332],[20.000247,45.977344],[19.999972,45.977444],[19.999769,45.977527],[19.999625,45.977588],[19.999562,45.977615],[19.999579,45.977869],[19.999585,45.977998],[19.999929,45.978309],[19.999058,45.978741],[19.998529,45.979001]]],[[[20.011395,45.98585],[20.011719,45.9861],[20.011859,45.986161],[20.01211,45.986273],[20.012276,45.986329],[20.012341,45.986398],[20.012373,45.98643],[20.012416,45.986462],[20.012589,45.986598],[20.01265,45.986652],[20.012669,45.986665],[20.012781,45.98673],[20.012911,45.986796],[20.013208,45.986915],[20.01337,45.986935],[20.012705,45.987707],[20.01242,45.988093],[20.012178,45.988492],[20.012125,45.988629],[20.012106,45.9887],[20.012037,45.988882],[20.012023,45.988913],[20.011966,45.989098],[20.011902,45.989276],[20.011855,45.989405],[20.011822,45.989503],[20.011523,45.989456],[20.011135,45.989393],[20.011007,45.989373],[20.010669,45.989169],[20.010289,45.988941],[20.009897,45.988703],[20.00944,45.988427],[20.009007,45.988164],[20.008923,45.988116],[20.008907,45.988042],[20.009046,45.987995],[20.009164,45.98791],[20.009327,45.987633],[20.00954,45.987333],[20.009852,45.986937],[20.010353,45.986302],[20.01021,45.986147],[20.01004,45.985961],[20.00978,45.985713],[20.009595,45.985698],[20.009161,45.986057],[20.009079,45.986125],[20.00907,45.986136],[20.008931,45.986442],[20.008864,45.986573],[20.008777,45.986826],[20.008716,45.986994],[20.008602,45.987201],[20.008485,45.987414],[20.008099,45.987206],[20.007679,45.987114],[20.007512,45.986735],[20.007475,45.986604],[20.007456,45.986479],[20.007421,45.986261],[20.007408,45.986151],[20.007386,45.986127],[20.007334,45.986029],[20.007269,45.9859],[20.007213,45.985774],[20.007126,45.985623],[20.007155,45.98552],[20.007146,45.985478],[20.007133,45.985403],[20.007135,45.985388],[20.007143,45.985341],[20.007145,45.985269],[20.007094,45.985027],[20.007043,45.984959],[20.006998,45.984913],[20.006936,45.984847],[20.006844,45.984752],[20.006906,45.98454],[20.006922,45.984408],[20.00685,45.984269],[20.006848,45.984017],[20.006796,45.983773],[20.006715,45.983532],[20.006702,45.983418],[20.006702,45.983318],[20.006684,45.983159],[20.006399,45.982937],[20.006434,45.982768],[20.00646,45.982704],[20.006442,45.982502],[20.006353,45.98214],[20.006269,45.98179],[20.006451,45.981422],[20.005542,45.98071],[20.00492,45.980552],[20.004734,45.980963],[20.004541,45.981387],[20.004216,45.981864],[20.003641,45.981852],[20.003048,45.981962],[20.003034,45.98201],[20.002774,45.982003],[20.002582,45.982096],[20.002406,45.982223],[20.002375,45.982308],[20.00236,45.982224],[20.00239,45.982096],[20.002357,45.981744],[20.002482,45.981525],[20.002512,45.981316],[20.002576,45.980917],[20.002501,45.980556],[20.002441,45.980249],[20.002436,45.980206],[20.002611,45.979813],[20.002824,45.979584],[20.00319,45.979355],[20.003321,45.979277],[20.003573,45.979187],[20.003966,45.979048],[20.004296,45.978935],[20.004662,45.978753],[20.004889,45.978427],[20.005048,45.978042],[20.005203,45.977677],[20.005369,45.977272],[20.005301,45.977212],[20.005267,45.977144],[20.004764,45.976654],[20.004718,45.976667],[20.004146,45.976909],[20.004053,45.977169],[20.003765,45.977332],[20.003196,45.977641],[20.002585,45.977085],[20.002401,45.976919],[20.002482,45.976805],[20.00264,45.976494],[20.002628,45.97648],[20.00259,45.976416],[20.002566,45.976362],[20.0027,45.975968],[20.002823,45.975598],[20.003331,45.975721],[20.003543,45.975301],[20.003656,45.975057],[20.003685,45.97486],[20.003641,45.974695],[20.003561,45.974375],[20.003517,45.974211],[20.0033,45.97406],[20.003141,45.973813],[20.003102,45.973553],[20.003121,45.973336],[20.003067,45.973104],[20.002779,45.972923],[20.002852,45.972867],[20.002881,45.97284],[20.003184,45.972576],[20.003233,45.972528],[20.003874,45.971954],[20.003914,45.971917],[20.00397,45.971867],[20.004023,45.97182],[20.004107,45.971687],[20.004194,45.971556],[20.004305,45.97138],[20.004442,45.971171],[20.004557,45.970995],[20.004713,45.970753],[20.004812,45.970599],[20.004872,45.970508],[20.004968,45.970363],[20.005082,45.970185],[20.005231,45.969956],[20.005405,45.969687],[20.005534,45.96949],[20.005646,45.969319],[20.00583,45.969034],[20.005915,45.968906],[20.006066,45.968672],[20.006181,45.968492],[20.006613,45.968299],[20.006654,45.968264],[20.007058,45.968373],[20.007222,45.968412],[20.007289,45.968427],[20.007574,45.968595],[20.007736,45.968678],[20.008374,45.968909],[20.008381,45.968912],[20.008477,45.968563],[20.008482,45.968554],[20.008681,45.968378],[20.00894,45.96805],[20.008995,45.967983],[20.009289,45.967682],[20.010148,45.967834],[20.009952,45.968428],[20.00989,45.96863],[20.010139,45.968889],[20.010557,45.969353],[20.010597,45.969398],[20.010963,45.969661],[20.011189,45.969823],[20.011825,45.970021],[20.012691,45.970294],[20.013155,45.970564],[20.013518,45.970773],[20.013604,45.970828],[20.013718,45.970966],[20.013782,45.971178],[20.013711,45.97149],[20.013483,45.971749],[20.013269,45.972],[20.013132,45.97216],[20.012968,45.972362],[20.012824,45.972509],[20.01265,45.972672],[20.012634,45.972674],[20.012525,45.972788],[20.012374,45.972926],[20.012313,45.972981],[20.012253,45.973111],[20.012206,45.973448],[20.012183,45.97359],[20.012147,45.973828],[20.012102,45.97412],[20.011957,45.974091],[20.011723,45.97433],[20.011658,45.974395],[20.0114,45.974653],[20.011265,45.974785],[20.011092,45.974953],[20.010954,45.975088],[20.010733,45.975306],[20.010679,45.975331],[20.010567,45.975511],[20.010558,45.975552],[20.010552,45.975571],[20.010545,45.975712],[20.010539,45.97585],[20.010563,45.975994],[20.010586,45.976136],[20.010578,45.976255],[20.010556,45.976363],[20.010426,45.976589],[20.009989,45.976969],[20.009677,45.97717],[20.009262,45.977276],[20.008954,45.977275],[20.008335,45.977305],[20.007717,45.977182],[20.00726,45.977088],[20.007077,45.977053],[20.006927,45.977024],[20.006866,45.977213],[20.006869,45.977283],[20.007035,45.977626],[20.007142,45.977825],[20.007194,45.977972],[20.007382,45.978094],[20.008487,45.978276],[20.00848,45.978339],[20.008881,45.978434],[20.009001,45.978557],[20.009008,45.978744],[20.008894,45.979048],[20.008916,45.97942],[20.009508,45.979539],[20.009403,45.979624],[20.009334,45.979707],[20.009217,45.979786],[20.009178,45.979892],[20.009078,45.980053],[20.008949,45.980226],[20.008787,45.980402],[20.008749,45.980454],[20.008714,45.98052],[20.008683,45.980586],[20.008654,45.98065],[20.00864,45.980755],[20.008645,45.980942],[20.008755,45.981065],[20.008795,45.981094],[20.009182,45.981324],[20.009647,45.98153],[20.010327,45.98188],[20.010542,45.98215],[20.010534,45.982277],[20.010529,45.982407],[20.010479,45.982535],[20.010413,45.982666],[20.010301,45.982792],[20.010243,45.982935],[20.010288,45.98323],[20.010439,45.983581],[20.010606,45.983836],[20.010646,45.983894],[20.010833,45.984241],[20.010914,45.984505],[20.010967,45.984697],[20.011065,45.98501],[20.01103,45.985508],[20.011092,45.985617],[20.011395,45.98585]]],[[[20.013781,46.077304],[20.013761,46.077331],[20.01308,46.077984],[20.011938,46.078126],[20.011018,46.0782],[20.012073,46.077117],[20.012122,46.077135],[20.013142,46.07666],[20.014039,46.076872],[20.013781,46.077304]]],[[[20.015006,46.080229],[20.011648,46.080197],[20.010079,46.079743],[20.015452,46.073841],[20.010521,46.071016],[20.00613,46.067706],[20.006644,46.070096],[20.007531,46.076098],[20.006884,46.080596],[20.004048,46.08057],[20.006206,46.076711],[20.006458,46.076054],[20.005681,46.075036],[20.004519,46.07503],[19.996854,46.071103],[19.993446,46.069312],[19.996291,46.07192],[19.995826,46.07304],[19.994824,46.078794],[19.990225,46.077769],[19.986361,46.076046],[19.985109,46.076902],[19.984286,46.075678],[19.977095,46.075273],[19.975706,46.074117],[19.975912,46.073694],[19.975364,46.073207],[19.975548,46.072504],[19.974235,46.071014],[19.967228,46.071296],[19.965924,46.071185],[19.964531,46.070143],[19.962874,46.069608],[19.962461,46.06872],[19.962716,46.068086],[19.963911,46.068683],[19.964617,46.068138],[19.963611,46.067543],[19.962766,46.067625],[19.966344,46.06718],[19.966588,46.066194],[19.96575,46.065813],[19.963844,46.065415],[19.962259,46.066235],[19.961089,46.068224],[19.957352,46.07028],[19.956462,46.066841],[19.951651,46.064689],[19.948601,46.064577],[19.954566,46.063254],[19.948791,46.061065],[19.948193,46.060214],[19.944702,46.058554],[19.941783,46.058727],[19.941698,46.057059],[19.938188,46.055642],[19.933221,46.059714],[19.929925,46.055899],[19.934936,46.054321],[19.937372,46.05524],[19.950493,46.056501],[19.954242,46.054212],[19.951241,46.049021],[19.950979,46.041526],[19.950185,46.036197],[19.950598,46.034007],[19.951524,46.031023],[19.953189,46.029534],[19.959025,46.029359],[19.962656,46.027814],[19.949914,46.025402],[19.947763,46.027318],[19.949092,46.025338],[19.948101,46.024857],[19.944119,46.025645],[19.94475,46.021072],[19.946696,46.018855],[19.94865,46.017304],[19.948415,46.015575],[19.939845,46.014598],[19.942661,46.013152],[19.944069,46.011443],[19.9472,46.007585],[19.948834,46.004798],[19.956357,46.004231],[19.954136,45.999449],[19.951681,46.001724],[19.953842,45.998868],[19.956682,45.996266],[19.960212,45.99376],[19.964564,45.99096],[19.968672,45.98946],[19.971318,45.988374],[19.973438,45.98704],[19.975846,45.985843],[19.977403,45.985023],[19.97909,45.984106],[19.981539,45.983035],[19.982502,45.983843],[19.98364,45.98349],[19.984639,45.983028],[19.985054,45.982364],[19.986352,45.98134],[19.986929,45.982229],[19.987334,45.984302],[19.987782,45.985818],[19.991024,45.985603],[19.99389,45.986543],[19.994204,45.989282],[19.997571,45.990436],[19.999135,45.988262],[19.997965,45.986352],[20.001488,45.986491],[20.00213,45.986795],[20.002238,45.988557],[20.002158,45.990166],[20.00241,45.99166],[20.00215,45.993357],[20.001581,45.994883],[20.000261,45.995642],[20.000993,45.996246],[20.000741,45.997225],[20.000322,45.998382],[19.999715,45.999745],[19.99881,46.000405],[19.996375,46.000012],[19.996011,45.998448],[19.995687,45.997899],[19.99225,45.998324],[19.992547,45.997779],[19.992463,45.996297],[19.993021,45.99578],[19.9942,45.994769],[19.993655,45.994192],[19.994853,45.993197],[19.996969,45.99173],[19.994921,45.991331],[19.99337,45.991853],[19.989383,45.992221],[19.987298,45.991793],[19.985871,45.991285],[19.9888,45.989742],[19.989211,45.98882],[19.985894,45.986191],[19.982908,45.987158],[19.981395,45.989874],[19.978934,45.991571],[19.977394,45.993901],[19.976344,45.997052],[19.976184,46.000023],[19.977986,46.002816],[19.978846,46.003712],[19.97996,46.004658],[19.983193,46.003304],[19.984138,46.003139],[19.985805,46.003046],[19.985948,46.004385],[19.986646,46.00543],[19.986491,46.006048],[19.986036,46.007105],[19.985736,46.007859],[19.985179,46.009295],[19.982661,46.008921],[19.976039,46.009378],[19.976374,46.011158],[19.97978,46.013819],[19.981355,46.014714],[19.984438,46.016046],[19.985822,46.017283],[19.986632,46.01792],[19.987747,46.020054],[19.987683,46.022244],[19.987569,46.02523],[19.987459,46.029001],[19.988922,46.033045],[19.988754,46.037006],[19.987656,46.040656],[19.990223,46.040971],[19.992736,46.042144],[19.995282,46.043081],[19.997064,46.043973],[19.997873,46.044643],[19.999051,46.045492],[20.001064,46.047147],[20.002716,46.049028],[20.004206,46.050465],[20.002268,46.05533],[20.002474,46.053423],[20.003275,46.051666],[20.001978,46.049759],[20.000299,46.047569],[19.997522,46.045367],[19.994917,46.044034],[19.991795,46.044616],[19.991517,46.045736],[19.992764,46.046693],[19.993734,46.047402],[19.995099,46.048613],[19.995717,46.049669],[19.995928,46.050836],[19.996131,46.051718],[19.996216,46.052516],[19.995664,46.053541],[19.995181,46.054381],[19.996784,46.055063],[19.999794,46.055733],[20.000213,46.056006],[19.996715,46.057119],[19.997107,46.058151],[20.002431,46.057967],[20.00414,46.058189],[20.009351,46.064043],[20.008017,46.064879],[20.009961,46.068054],[20.010491,46.069617],[20.01118,46.068708],[20.014016,46.070052],[20.015505,46.073423],[20.018184,46.073423],[20.020061,46.079946],[20.015006,46.080229]]],[[[19.998734,45.999255],[19.998613,45.999774],[19.997972,45.999689],[19.998109,45.999136],[19.998734,45.999255]]],[[[19.987266,46.082612],[19.988883,46.083391],[19.988852,46.083422],[19.988795,46.083493],[19.988475,46.083869],[19.988252,46.084142],[19.985087,46.082772],[19.98507,46.082622],[19.98516,46.082439],[19.985369,46.082009],[19.985463,46.081814],[19.985742,46.08148],[19.985772,46.081452],[19.987266,46.082612]]],[[[19.988038,46.084441],[19.98785,46.084699],[19.987548,46.085121],[19.987338,46.085414],[19.987173,46.085398],[19.984785,46.085089],[19.985193,46.08411],[19.985208,46.084062],[19.985349,46.083624],[19.985313,46.083525],[19.987347,46.08436],[19.987408,46.084288],[19.988038,46.084441]]],[[[19.964561,46.119411],[19.964277,46.119624],[19.964233,46.119156],[19.965101,46.118476],[19.965381,46.117864],[19.96532,46.117094],[19.964695,46.116277],[19.964113,46.116051],[19.963616,46.116218],[19.963588,46.116159],[19.964668,46.115883],[19.965822,46.115554],[19.965994,46.115261],[19.9658,46.114915],[19.965691,46.114725],[19.965946,46.114695],[19.966218,46.114634],[19.966611,46.114737],[19.967014,46.114847],[19.967568,46.114717],[19.967247,46.113593],[19.966712,46.112617],[19.965953,46.111595],[19.965308,46.111925],[19.965063,46.111838],[19.965212,46.111684],[19.965271,46.111646],[19.965387,46.11117],[19.965444,46.110832],[19.965457,46.110544],[19.965455,46.110411],[19.965577,46.110176],[19.965293,46.109686],[19.965379,46.109406],[19.964384,46.108411],[19.966224,46.107638],[19.966951,46.108296],[19.967451,46.108311],[19.967281,46.108512],[19.96811,46.108613],[19.968159,46.109381],[19.968206,46.109925],[19.967572,46.111079],[19.968666,46.111494],[19.969323,46.109713],[19.969868,46.107962],[19.969812,46.107253],[19.969474,46.106435],[19.968075,46.106386],[19.965986,46.107059],[19.965026,46.107373],[19.963982,46.108236],[19.963897,46.10828],[19.963719,46.107623],[19.960704,46.10724],[19.959893,46.107515],[19.959536,46.107711],[19.959109,46.109771],[19.958453,46.108954],[19.957841,46.108573],[19.95743,46.10896],[19.956291,46.108261],[19.956045,46.108684],[19.956023,46.108278],[19.955634,46.107767],[19.955162,46.107609],[19.955251,46.107123],[19.954887,46.106478],[19.95547,46.106076],[19.955792,46.106728],[19.956145,46.107172],[19.95671,46.107426],[19.957299,46.107424],[19.957459,46.107311],[19.957727,46.107211],[19.959625,46.107177],[19.959694,46.106664],[19.959882,46.106371],[19.959876,46.106145],[19.960339,46.10598],[19.960613,46.105834],[19.961083,46.105782],[19.961283,46.10572],[19.961623,46.105707],[19.962132,46.105982],[19.962377,46.10593],[19.962633,46.105823],[19.962948,46.106018],[19.963554,46.10589],[19.963523,46.105435],[19.964156,46.105769],[19.964471,46.104284],[19.963447,46.103489],[19.959605,46.102396],[19.957329,46.101916],[19.960822,46.101253],[19.958638,46.100647],[19.961682,46.100036],[19.962165,46.097389],[19.964456,46.096058],[19.964762,46.094925],[19.965422,46.094647],[19.966351,46.094317],[19.966825,46.093685],[19.9664,46.092935],[19.968037,46.090778],[19.968356,46.091871],[19.96837,46.093202],[19.969189,46.092962],[19.968638,46.094223],[19.969661,46.093756],[19.971587,46.092139],[19.9731,46.091318],[19.974252,46.090693],[19.974602,46.090521],[19.974693,46.089276],[19.974397,46.088175],[19.973463,46.086702],[19.971834,46.08537],[19.972828,46.085563],[19.97351,46.086267],[19.974363,46.087549],[19.977045,46.089148],[19.979542,46.090102],[19.978815,46.09089],[19.978294,46.091473],[19.980627,46.092408],[19.981904,46.092457],[19.98261,46.091319],[19.985088,46.091682],[19.986563,46.091192],[19.986794,46.09109],[19.987475,46.090334],[19.988047,46.08861],[19.986838,46.088359],[19.983672,46.087846],[19.98718,46.085723],[19.99261,46.085584],[19.993162,46.085152],[19.992038,46.084839],[19.989254,46.084331],[19.988901,46.083447],[19.993657,46.084863],[19.991741,46.086871],[19.988703,46.08771],[19.989524,46.088483],[19.994605,46.086721],[19.999885,46.085866],[20.000077,46.084658],[19.997636,46.082993],[19.998025,46.082424],[20.000514,46.081949],[20.003001,46.083865],[20.004292,46.086802],[20.003993,46.088182],[19.99895,46.088433],[19.995906,46.088941],[19.994488,46.089156],[19.997057,46.090876],[19.99809,46.092524],[19.995439,46.093044],[19.991893,46.092198],[19.987786,46.090938],[19.98517,46.092394],[19.984853,46.0941],[19.988973,46.095701],[19.990728,46.097236],[19.990065,46.098156],[19.989975,46.09881],[19.990788,46.099131],[19.990847,46.099611],[19.991088,46.10025],[19.989841,46.099773],[19.989594,46.100165],[19.989491,46.100461],[19.989167,46.100315],[19.988802,46.100578],[19.988488,46.100642],[19.988235,46.100617],[19.986498,46.099846],[19.985534,46.100679],[19.983844,46.10081],[19.982479,46.100611],[19.98099,46.099722],[19.979311,46.100201],[19.978999,46.10098],[19.980539,46.101504],[19.981383,46.102221],[19.980921,46.10325],[19.980814,46.104168],[19.980436,46.105442],[19.979299,46.106319],[19.981508,46.107261],[19.977807,46.106817],[19.977042,46.107578],[19.975802,46.108716],[19.974596,46.108274],[19.974076,46.109393],[19.973353,46.110556],[19.971879,46.112191],[19.970729,46.113467],[19.97073,46.113894],[19.970174,46.114885],[19.969335,46.115954],[19.96898,46.116071],[19.968674,46.116268],[19.968571,46.116253],[19.96798,46.116038],[19.967988,46.114929],[19.967764,46.114877],[19.967183,46.114949],[19.966835,46.115066],[19.966759,46.115453],[19.966186,46.115965],[19.966144,46.11659],[19.965865,46.117456],[19.965788,46.117862],[19.965775,46.118157],[19.965656,46.118506],[19.965578,46.118816],[19.964983,46.119192],[19.964561,46.119411]]],[[[19.974939,46.099467],[19.974645,46.099816],[19.973933,46.099834],[19.973669,46.099838],[19.973428,46.099913],[19.972942,46.100066],[19.971826,46.099599],[19.970907,46.100808],[19.970518,46.100665],[19.970632,46.100164],[19.971607,46.098875],[19.9721,46.098228],[19.972719,46.097404],[19.977462,46.099262],[19.977112,46.100104],[19.97719,46.10013],[19.977182,46.100189],[19.974939,46.099467]]]]}},{"type":"Feature","properties":{"name":"Радан","name_lat":"Radan","type":"ZP","rajac":false,"pa_type":"ZP","pa_id":"radan"},"geometry":{"type":"MultiPolygon","coordinates":[[[[21.559976,43.06463],[21.551705,43.066987],[21.545755,43.071162],[21.538598,43.072226],[21.53123,43.072921],[21.524477,43.071478],[21.519718,43.066873],[21.512235,43.062132],[21.508763,43.064642],[21.502976,43.067533],[21.496507,43.069076],[21.491533,43.072762],[21.482967,43.071606],[21.476422,43.071532],[21.470091,43.070762],[21.472885,43.077112],[21.466708,43.081767],[21.463238,43.083665],[21.460592,43.091427],[21.450791,43.089495],[21.449873,43.093278],[21.444775,43.09753],[21.440891,43.101654],[21.437341,43.107368],[21.438302,43.113507],[21.433187,43.11988],[21.424565,43.121743],[21.415602,43.119528],[21.404606,43.119691],[21.40062,43.115947],[21.394212,43.118335],[21.389075,43.118971],[21.385424,43.117886],[21.380952,43.117533],[21.384675,43.121772],[21.383594,43.126915],[21.381077,43.131363],[21.375187,43.131684],[21.368855,43.130741],[21.363277,43.13039],[21.356526,43.132239],[21.353643,43.127907],[21.349364,43.123236],[21.340704,43.122068],[21.33612,43.117679],[21.330463,43.10948],[21.326094,43.105899],[21.320727,43.106138],[21.314212,43.105854],[21.306499,43.106418],[21.295579,43.10786],[21.288006,43.108814],[21.282105,43.10439],[21.2843,43.099197],[21.286661,43.092103],[21.292927,43.085929],[21.303233,43.082495],[21.310025,43.078597],[21.303968,43.074429],[21.299843,43.074293],[21.298107,43.071725],[21.294738,43.067681],[21.293152,43.062588],[21.298681,43.058605],[21.306471,43.054291],[21.306411,43.035571],[21.310647,43.026741],[21.311578,43.022816],[21.313329,43.01665],[21.322666,43.016098],[21.332914,43.017403],[21.340597,43.016421],[21.343044,43.012173],[21.339801,43.008798],[21.34019,43.002351],[21.334353,43.004526],[21.327788,43.00252],[21.32265,42.999545],[21.322301,42.994919],[21.331861,42.991604],[21.338492,42.992894],[21.343423,42.992089],[21.343424,42.987078],[21.348471,42.985001],[21.354105,42.984153],[21.361609,42.974803],[21.359412,42.965421],[21.373545,42.95757],[21.376318,42.964121],[21.378522,42.969303],[21.382603,42.972011],[21.383813,42.978213],[21.381327,42.98476],[21.390088,42.993357],[21.398917,42.997389],[21.404265,42.997885],[21.409996,42.99595],[21.421608,42.99672],[21.431875,42.992462],[21.436795,42.986115],[21.443365,42.98882],[21.450595,42.984686],[21.452398,42.977233],[21.441447,42.97497],[21.435757,42.970856],[21.428812,42.965255],[21.421644,42.957677],[21.421138,42.950706],[21.415507,42.947713],[21.408111,42.944775],[21.406407,42.941353],[21.412843,42.935841],[21.414986,42.929724],[21.415937,42.923892],[21.429127,42.926398],[21.435322,42.928999],[21.448114,42.924487],[21.458651,42.931464],[21.467244,42.932082],[21.471593,42.925626],[21.478276,42.921331],[21.48157,42.915692],[21.489161,42.91419],[21.496539,42.914534],[21.50627,42.912775],[21.511768,42.913397],[21.518026,42.91536],[21.523995,42.91387],[21.531982,42.911069],[21.541658,42.914863],[21.550745,42.920684],[21.551347,42.925178],[21.56013,42.929066],[21.565457,42.931325],[21.563509,42.934646],[21.567407,42.9381],[21.574529,42.938997],[21.580115,42.937433],[21.586875,42.93903],[21.599374,42.936693],[21.605304,42.934081],[21.612026,42.930629],[21.619702,42.932008],[21.62756,42.935352],[21.633731,42.939447],[21.636546,42.935063],[21.638653,42.930465],[21.645793,42.927213],[21.652234,42.92693],[21.659532,42.921944],[21.664634,42.921177],[21.669127,42.926147],[21.675923,42.931055],[21.681837,42.935316],[21.687858,42.932652],[21.680792,42.944705],[21.681094,42.955223],[21.675429,42.961936],[21.667868,42.966126],[21.659733,42.960526],[21.651105,42.957882],[21.640595,42.955164],[21.632935,42.959503],[21.629166,42.961977],[21.628339,42.968157],[21.632999,42.972576],[21.64175,42.9726],[21.648725,42.973931],[21.650226,42.979353],[21.645214,42.980954],[21.636269,42.988217],[21.62931,42.994942],[21.621116,42.995978],[21.612162,42.997262],[21.60876,43.004277],[21.601382,43.009093],[21.597208,43.015095],[21.601171,43.020361],[21.609564,43.020034],[21.614388,43.0249],[21.61858,43.026055],[21.627415,43.022813],[21.637514,43.026589],[21.645061,43.033617],[21.649816,43.036075],[21.654177,43.041175],[21.65085,43.048243],[21.643001,43.051706],[21.638043,43.056902],[21.628606,43.062049],[21.623818,43.07304],[21.620647,43.075885],[21.611027,43.076008],[21.601995,43.076072],[21.593979,43.074585],[21.58811,43.071318],[21.584947,43.068113],[21.579351,43.063742],[21.571073,43.060862],[21.567694,43.066662],[21.559976,43.06463]]],[[[21.393985,43.049179],[21.393574,43.049144],[21.39332,43.048947],[21.392872,43.04867],[21.392481,43.048708],[21.391942,43.048778],[21.391877,43.048686],[21.391575,43.04866],[21.391097,43.04828],[21.390742,43.04812],[21.390353,43.048034],[21.390182,43.048161],[21.389835,43.048487],[21.389806,43.048547],[21.389783,43.048599],[21.389439,43.049024],[21.389177,43.048804],[21.388923,43.048652],[21.38866,43.048478],[21.388371,43.048331],[21.388132,43.048459],[21.387944,43.048508],[21.387707,43.048577],[21.387413,43.048919],[21.387327,43.048598],[21.387213,43.048424],[21.386875,43.04823],[21.386649,43.048223],[21.386479,43.0481],[21.386091,43.047693],[21.385654,43.047457],[21.385191,43.047434],[21.384987,43.047491],[21.384833,43.047542],[21.384398,43.0477],[21.383976,43.047831],[21.383877,43.047877],[21.383411,43.048103],[21.382879,43.048259],[21.38248,43.048352],[21.381893,43.048472],[21.381854,43.048375],[21.381817,43.048206],[21.381593,43.048212],[21.381865,43.047949],[21.381501,43.04784],[21.381269,43.047712],[21.381068,43.047571],[21.380896,43.047443],[21.38081,43.047378],[21.380695,43.04728],[21.380687,43.047273],[21.380672,43.047259],[21.380168,43.046986],[21.379839,43.046939],[21.379662,43.046863],[21.380113,43.04667],[21.380496,43.046437],[21.38096,43.046391],[21.38121,43.046136],[21.381428,43.045819],[21.381518,43.045699],[21.381755,43.045482],[21.382001,43.045375],[21.382127,43.045342],[21.382711,43.045285],[21.382902,43.045262],[21.383065,43.044859],[21.383236,43.044677],[21.382783,43.044496],[21.382636,43.044453],[21.382012,43.044337],[21.381877,43.044287],[21.382123,43.044052],[21.382201,43.043692],[21.382001,43.043484],[21.382088,43.043154],[21.381831,43.042917],[21.381667,43.042605],[21.381623,43.042183],[21.381674,43.042003],[21.381772,43.041684],[21.381656,43.04114],[21.381384,43.040898],[21.38091,43.040621],[21.380647,43.040444],[21.380267,43.039956],[21.379683,43.039769],[21.379507,43.039733],[21.379478,43.039727],[21.379121,43.039654],[21.378655,43.039636],[21.378748,43.039531],[21.379183,43.039401],[21.379648,43.039466],[21.379882,43.039427],[21.380077,43.039446],[21.380203,43.039436],[21.380451,43.039447],[21.380527,43.039465],[21.380484,43.039692],[21.380745,43.039888],[21.381624,43.039929],[21.381947,43.039913],[21.382281,43.040138],[21.382638,43.040276],[21.382953,43.040238],[21.383332,43.040178],[21.383523,43.040136],[21.383841,43.04009],[21.384303,43.039912],[21.384819,43.039978],[21.384627,43.040176],[21.384362,43.04028],[21.384011,43.040394],[21.383656,43.040509],[21.383136,43.040697],[21.383316,43.040894],[21.38375,43.041153],[21.383857,43.04151],[21.384125,43.041804],[21.384253,43.042143],[21.38459,43.042519],[21.385053,43.042504],[21.385555,43.042325],[21.385486,43.042215],[21.385489,43.0421],[21.385755,43.04216],[21.38615,43.042106],[21.386272,43.041987],[21.386815,43.042243],[21.38699,43.042491],[21.387485,43.042696],[21.38821,43.042613],[21.388732,43.042366],[21.388968,43.042447],[21.38975,43.042375],[21.390178,43.042779],[21.390445,43.043002],[21.390894,43.043335],[21.391012,43.043449],[21.391472,43.043754],[21.391787,43.04402],[21.392562,43.044537],[21.392929,43.044542],[21.393467,43.044339],[21.39382,43.044416],[21.394256,43.044707],[21.394435,43.044509],[21.394589,43.044135],[21.394784,43.044059],[21.395033,43.043917],[21.3951,43.043704],[21.395298,43.043735],[21.395479,43.043766],[21.395779,43.043704],[21.395922,43.043539],[21.396233,43.043542],[21.396461,43.043569],[21.396906,43.043466],[21.397077,43.043407],[21.397257,43.043288],[21.39729,43.043263],[21.397401,43.043161],[21.397519,43.04312],[21.397745,43.043104],[21.398035,43.043006],[21.398183,43.04303],[21.398357,43.043171],[21.398508,43.043185],[21.398681,43.043373],[21.398944,43.043433],[21.399015,43.043507],[21.399198,43.04337],[21.399474,43.043154],[21.399636,43.043027],[21.399711,43.043142],[21.39975,43.043255],[21.399855,43.043173],[21.400011,43.043142],[21.400436,43.043105],[21.400649,43.043132],[21.400854,43.043154],[21.401089,43.043325],[21.401207,43.043473],[21.401594,43.043632],[21.401842,43.043903],[21.402573,43.043691],[21.402749,43.043634],[21.402898,43.043615],[21.403255,43.043586],[21.403723,43.043658],[21.403904,43.043697],[21.404165,43.043792],[21.404516,43.043696],[21.404622,43.043895],[21.40463,43.044001],[21.404638,43.044045],[21.404535,43.044086],[21.404481,43.044248],[21.404517,43.044397],[21.404552,43.04447],[21.404616,43.04461],[21.404623,43.044686],[21.40461,43.044741],[21.404776,43.044981],[21.404858,43.045038],[21.404842,43.045193],[21.404805,43.045268],[21.404719,43.045442],[21.404655,43.04551],[21.404453,43.045681],[21.404332,43.045778],[21.404289,43.045879],[21.404264,43.046014],[21.404342,43.046274],[21.404339,43.046415],[21.404374,43.046519],[21.404418,43.04658],[21.404386,43.046665],[21.404365,43.047035],[21.404455,43.047308],[21.404151,43.047296],[21.403973,43.047293],[21.403769,43.047361],[21.403657,43.04742],[21.403289,43.047626],[21.40312,43.047672],[21.40296,43.047716],[21.402843,43.047728],[21.402755,43.04772],[21.40265,43.047784],[21.402341,43.047767],[21.40218,43.047729],[21.402132,43.047641],[21.401749,43.04772],[21.401629,43.047716],[21.40145,43.047776],[21.401421,43.047797],[21.401244,43.047791],[21.401002,43.047768],[21.400783,43.047714],[21.400674,43.047754],[21.400555,43.047781],[21.400258,43.047672],[21.400135,43.047615],[21.399768,43.047363],[21.399528,43.047381],[21.399384,43.047439],[21.399222,43.04751],[21.399158,43.047673],[21.399091,43.047768],[21.398972,43.04783],[21.398794,43.047923],[21.398587,43.048036],[21.39829,43.048175],[21.397837,43.048363],[21.397644,43.048431],[21.397456,43.048498],[21.397347,43.04855],[21.396942,43.048666],[21.396771,43.048821],[21.396556,43.048981],[21.396382,43.049068],[21.396175,43.049152],[21.396079,43.049154],[21.396016,43.048979],[21.395952,43.048956],[21.395835,43.048811],[21.394999,43.04908],[21.394931,43.049098],[21.394697,43.049153],[21.394322,43.049227],[21.393985,43.049179]]]]}},{"type":"Feature","properties":{"name":"Планина Рудник","name_lat":"Planina Rudnik","type":"ZP","rajac":false,"pa_type":"ZP","pa_id":"planina-rudnik"},"geometry":{"type":"Polygon","coordinates":[[[20.516901,44.114446],[20.520472,44.110705],[20.521806,44.107415],[20.523632,44.105909],[20.522128,44.102434],[20.518944,44.098645],[20.520192,44.093571],[20.52054,44.091677],[20.517302,44.088464],[20.517601,44.085671],[20.521765,44.08452],[20.523913,44.086418],[20.528422,44.084273],[20.530363,44.082708],[20.529342,44.07976],[20.531191,44.077594],[20.532997,44.075075],[20.534541,44.07166],[20.538192,44.068182],[20.542131,44.066441],[20.547125,44.068218],[20.554685,44.073436],[20.555222,44.078085],[20.552713,44.083181],[20.55048,44.087042],[20.549063,44.090147],[20.546319,44.094597],[20.547942,44.097269],[20.545444,44.100077],[20.54884,44.102783],[20.550992,44.104034],[20.553959,44.10242],[20.561611,44.09906],[20.568172,44.095862],[20.573086,44.092419],[20.577661,44.088716],[20.582534,44.085994],[20.584833,44.083272],[20.588141,44.080171],[20.589117,44.077033],[20.588498,44.072404],[20.589839,44.06877],[20.588019,44.065494],[20.585068,44.062477],[20.591375,44.063865],[20.596115,44.064388],[20.600948,44.064293],[20.603157,44.062046],[20.602779,44.06485],[20.604167,44.064732],[20.609897,44.062853],[20.608606,44.068506],[20.605377,44.072206],[20.608722,44.076772],[20.61343,44.076559],[20.618364,44.074983],[20.622633,44.075465],[20.627092,44.077529],[20.632528,44.078401],[20.629254,44.081274],[20.631831,44.081734],[20.631828,44.088617],[20.635844,44.089647],[20.637252,44.091265],[20.641821,44.089565],[20.646553,44.091112],[20.651934,44.090558],[20.652186,44.094142],[20.654988,44.095601],[20.658817,44.096746],[20.663982,44.096633],[20.668446,44.094672],[20.670557,44.09714],[20.670978,44.100993],[20.674321,44.102412],[20.675152,44.105761],[20.674036,44.107585],[20.674897,44.110863],[20.676446,44.114306],[20.682219,44.115449],[20.682638,44.119361],[20.688098,44.121586],[20.690969,44.125743],[20.693163,44.129356],[20.698774,44.129773],[20.699226,44.134628],[20.695196,44.137935],[20.690836,44.138772],[20.688695,44.141171],[20.685085,44.144854],[20.681299,44.145083],[20.680838,44.143013],[20.676424,44.144215],[20.671335,44.142442],[20.673217,44.138204],[20.677092,44.133202],[20.675847,44.128399],[20.674346,44.125314],[20.67133,44.122697],[20.670384,44.120291],[20.667424,44.121663],[20.663492,44.123869],[20.662528,44.127343],[20.665368,44.129539],[20.666477,44.132511],[20.662061,44.131454],[20.659198,44.133167],[20.653921,44.132369],[20.651494,44.128488],[20.649339,44.127093],[20.646136,44.127349],[20.642564,44.123391],[20.635223,44.125725],[20.630639,44.126475],[20.631947,44.131283],[20.638384,44.132929],[20.643066,44.133064],[20.639759,44.133896],[20.636363,44.135749],[20.632638,44.13704],[20.628672,44.137629],[20.624391,44.136173],[20.62254,44.134744],[20.626513,44.137827],[20.63033,44.141341],[20.626066,44.145009],[20.61996,44.142882],[20.620802,44.144811],[20.62391,44.147019],[20.618805,44.147596],[20.615374,44.147731],[20.612265,44.149577],[20.611563,44.149169],[20.607895,44.150908],[20.599952,44.149718],[20.596186,44.145992],[20.593606,44.140589],[20.587614,44.136994],[20.587454,44.14372],[20.579002,44.147098],[20.586495,44.152078],[20.592585,44.154753],[20.602343,44.157646],[20.60637,44.156355],[20.609113,44.156842],[20.614538,44.157687],[20.618378,44.157061],[20.622862,44.156032],[20.628377,44.157824],[20.629305,44.15957],[20.627575,44.161457],[20.625347,44.162436],[20.62138,44.163827],[20.616437,44.163215],[20.612908,44.161142],[20.608252,44.162697],[20.60217,44.163713],[20.601702,44.166148],[20.603955,44.16836],[20.603379,44.17209],[20.599037,44.171381],[20.590268,44.170247],[20.589872,44.173853],[20.585213,44.175381],[20.581107,44.177092],[20.578122,44.1794],[20.573419,44.182421],[20.569348,44.178315],[20.567029,44.175822],[20.560858,44.179435],[20.559813,44.176587],[20.559123,44.172643],[20.555214,44.169927],[20.551573,44.166057],[20.547217,44.16369],[20.544372,44.167006],[20.539682,44.163934],[20.534677,44.162885],[20.531321,44.160579],[20.532313,44.153336],[20.532924,44.148878],[20.529498,44.145017],[20.528259,44.141882],[20.524195,44.139219],[20.519422,44.13767],[20.514945,44.138603],[20.511966,44.138654],[20.514059,44.140811],[20.511569,44.142421],[20.511806,44.144495],[20.507394,44.144495],[20.505061,44.141732],[20.50611,44.140664],[20.508274,44.137107],[20.509452,44.132245],[20.511268,44.131822],[20.512156,44.128103],[20.515961,44.124962],[20.518824,44.122381],[20.517622,44.117887],[20.516901,44.114446]]]}},{"type":"Feature","properties":{"name":"Столови","name_lat":"Stolovi","type":"ZP","rajac":false,"pa_type":"ZP","pa_id":"stolovi"},"geometry":{"type":"Polygon","coordinates":[[[20.587458,43.578188],[20.591618,43.57513],[20.593468,43.571896],[20.596221,43.569441],[20.600527,43.568642],[20.603737,43.56511],[20.608045,43.562278],[20.613362,43.561808],[20.61909,43.56084],[20.619723,43.557587],[20.613785,43.555759],[20.609448,43.551835],[20.614237,43.550174],[20.618841,43.549503],[20.622636,43.550603],[20.625395,43.55219],[20.628537,43.555576],[20.629425,43.558745],[20.628822,43.560538],[20.630132,43.562317],[20.632449,43.561304],[20.635706,43.563261],[20.633616,43.565398],[20.635862,43.567782],[20.636619,43.568322],[20.637974,43.569205],[20.639716,43.57014],[20.641135,43.570666],[20.641921,43.571723],[20.642734,43.572731],[20.64382,43.573596],[20.644883,43.574507],[20.646293,43.575315],[20.647735,43.575056],[20.649205,43.574692],[20.651544,43.57462],[20.652998,43.574738],[20.65456,43.574455],[20.655548,43.573429],[20.657454,43.572619],[20.659225,43.572757],[20.660924,43.573838],[20.6625,43.574798],[20.664218,43.575973],[20.665595,43.576195],[20.667324,43.576391],[20.669713,43.575817],[20.670438,43.574602],[20.671578,43.574363],[20.672936,43.573083],[20.674444,43.571426],[20.67534,43.570436],[20.673248,43.569377],[20.670961,43.568575],[20.667983,43.567283],[20.667223,43.564637],[20.66954,43.563312],[20.671854,43.562323],[20.673381,43.56125],[20.675293,43.56046],[20.675537,43.561942],[20.677494,43.562185],[20.67749,43.563264],[20.678606,43.563896],[20.680414,43.564447],[20.682983,43.564831],[20.684115,43.565538],[20.68478,43.566953],[20.686377,43.568098],[20.687238,43.569713],[20.688891,43.571087],[20.689998,43.572409],[20.691852,43.573549],[20.694204,43.575709],[20.694913,43.576726],[20.694583,43.577986],[20.69551,43.579694],[20.695271,43.582437],[20.695305,43.585368],[20.694744,43.588001],[20.695301,43.58854],[20.695928,43.590938],[20.696571,43.591222],[20.697671,43.593154],[20.69919,43.595011],[20.699974,43.596689],[20.701301,43.597404],[20.70147,43.599017],[20.701586,43.600397],[20.701246,43.60125],[20.700882,43.603276],[20.700714,43.604983],[20.699958,43.60624],[20.700126,43.609169],[20.700907,43.611015],[20.702313,43.613658],[20.703545,43.615163],[20.703392,43.617599],[20.701973,43.619161],[20.699809,43.620052],[20.698131,43.621237],[20.699405,43.621761],[20.699744,43.622454],[20.700197,43.624495],[20.701105,43.626272],[20.701181,43.628625],[20.70059,43.628834],[20.699541,43.628071],[20.698743,43.62858],[20.696415,43.628552],[20.694043,43.629011],[20.69179,43.628438],[20.690488,43.628623],[20.68956,43.628451],[20.687892,43.628265],[20.685653,43.627459],[20.683449,43.628229],[20.68247,43.627186],[20.682107,43.627834],[20.681171,43.628971],[20.678704,43.629634],[20.677462,43.630517],[20.674861,43.630643],[20.673972,43.631794],[20.672677,43.633193],[20.670733,43.633986],[20.667723,43.633211],[20.664984,43.633362],[20.662166,43.633914],[20.660295,43.634651],[20.662196,43.635903],[20.66208,43.640043],[20.658981,43.643668],[20.657832,43.645123],[20.65678,43.646998],[20.655507,43.649114],[20.654322,43.648802],[20.652633,43.647638],[20.650805,43.646887],[20.647943,43.646513],[20.645606,43.646145],[20.641669,43.645992],[20.638246,43.646173],[20.632032,43.647124],[20.630514,43.648937],[20.63032,43.652912],[20.629428,43.655451],[20.625067,43.65616],[20.622479,43.656979],[20.620228,43.658288],[20.617163,43.658014],[20.61366,43.657021],[20.609182,43.657205],[20.60551,43.657996],[20.603206,43.660347],[20.598347,43.661254],[20.595426,43.661605],[20.593816,43.660781],[20.590607,43.659949],[20.586049,43.659202],[20.582004,43.658824],[20.580145,43.662596],[20.577924,43.665079],[20.574427,43.665722],[20.571732,43.665347],[20.570569,43.664575],[20.568023,43.663581],[20.566108,43.661575],[20.564924,43.65992],[20.56355,43.659056],[20.563198,43.657429],[20.563312,43.656149],[20.563167,43.654688],[20.561992,43.653436],[20.559879,43.651732],[20.557807,43.650501],[20.55527,43.648692],[20.554061,43.645996],[20.553054,43.643284],[20.553073,43.640835],[20.553206,43.638116],[20.552749,43.634861],[20.548876,43.633124],[20.545286,43.632815],[20.544231,43.630138],[20.546351,43.62701],[20.550019,43.623203],[20.554724,43.619881],[20.554919,43.616219],[20.55045,43.615024],[20.548288,43.612737],[20.553042,43.611449],[20.554884,43.608015],[20.558249,43.603613],[20.559719,43.600111],[20.558335,43.598091],[20.561936,43.596111],[20.566975,43.596018],[20.570893,43.594966],[20.572216,43.592603],[20.576721,43.588907],[20.581298,43.585099],[20.581901,43.582451],[20.58488,43.581643],[20.587305,43.579094],[20.587458,43.578188]]]}},{"type":"Feature","properties":{"name":"Сува планина","name_lat":"Suva planiana","type":"ZP","rajac":false,"pa_type":"ZP","pa_id":"suva-planiana"},"geometry":{"type":"Polygon","coordinates":[[[22.320433,43.10546],[22.31853,43.109095],[22.315713,43.110439],[22.321963,43.111272],[22.328916,43.112966],[22.332551,43.117177],[22.326863,43.116667],[22.322894,43.119339],[22.317431,43.121786],[22.313128,43.124049],[22.311346,43.125551],[22.308331,43.128363],[22.306803,43.132092],[22.30274,43.133858],[22.301259,43.137509],[22.306379,43.138662],[22.309475,43.13989],[22.316215,43.137668],[22.322052,43.1358],[22.329932,43.132142],[22.336955,43.132673],[22.337054,43.135288],[22.343174,43.135562],[22.342787,43.137709],[22.339075,43.139618],[22.333764,43.140139],[22.330893,43.141772],[22.328061,43.144725],[22.324761,43.145397],[22.320902,43.14723],[22.319751,43.149617],[22.317752,43.151782],[22.315253,43.153669],[22.315608,43.156427],[22.31475,43.160217],[22.311903,43.165919],[22.30602,43.175368],[22.303376,43.17761],[22.301695,43.180931],[22.297002,43.185593],[22.290114,43.185882],[22.288163,43.1888],[22.281618,43.186912],[22.277221,43.187624],[22.275649,43.190232],[22.27641,43.194256],[22.275421,43.197111],[22.276026,43.200713],[22.273258,43.202488],[22.271834,43.204409],[22.273218,43.208935],[22.275173,43.212803],[22.27084,43.214222],[22.268885,43.215028],[22.265042,43.213437],[22.266609,43.215777],[22.266319,43.217698],[22.269773,43.220624],[22.263587,43.223162],[22.263335,43.226206],[22.26026,43.226284],[22.254227,43.224761],[22.249539,43.22532],[22.24505,43.224055],[22.242283,43.228751],[22.239978,43.231021],[22.23713,43.234122],[22.232906,43.236463],[22.228444,43.235017],[22.22461,43.234126],[22.2228,43.230994],[22.224033,43.226502],[22.22274,43.222502],[22.223497,43.21757],[22.222369,43.21514],[22.224638,43.210181],[22.229568,43.207679],[22.227664,43.203527],[22.219334,43.204933],[22.216631,43.204884],[22.209027,43.207403],[22.203046,43.204535],[22.195362,43.201748],[22.185194,43.198663],[22.180888,43.197479],[22.17967,43.202851],[22.177651,43.208425],[22.176242,43.21181],[22.17366,43.214222],[22.171452,43.218208],[22.166501,43.219131],[22.164009,43.220047],[22.159712,43.221696],[22.154289,43.221702],[22.150433,43.22202],[22.147496,43.224867],[22.14545,43.228692],[22.14037,43.229942],[22.133862,43.228079],[22.125312,43.22612],[22.120856,43.226626],[22.115944,43.227063],[22.116089,43.230253],[22.110766,43.231346],[22.107072,43.23294],[22.102386,43.235062],[22.098708,43.238241],[22.094165,43.240415],[22.089851,43.241905],[22.086471,43.24507],[22.081449,43.248444],[22.077397,43.252173],[22.073701,43.2514],[22.070395,43.248502],[22.068991,43.244994],[22.064477,43.24142],[22.058714,43.237865],[22.054194,43.234964],[22.050225,43.233406],[22.048432,43.230802],[22.051525,43.226259],[22.056128,43.225512],[22.05265,43.223588],[22.050355,43.22257],[22.052095,43.219673],[22.04946,43.216695],[22.046212,43.212542],[22.051855,43.208901],[22.054385,43.206467],[22.05854,43.207814],[22.059998,43.210278],[22.062218,43.212814],[22.066238,43.212685],[22.070164,43.211994],[22.072823,43.211751],[22.077261,43.212569],[22.080693,43.211471],[22.082711,43.208044],[22.086367,43.205692],[22.084669,43.202859],[22.083102,43.201466],[22.083677,43.198816],[22.083142,43.196314],[22.083723,43.19228],[22.084305,43.189686],[22.086425,43.187853],[22.091782,43.187339],[22.093146,43.182598],[22.097783,43.184039],[22.100465,43.178295],[22.104373,43.175125],[22.107225,43.172194],[22.109547,43.16926],[22.113677,43.167007],[22.114307,43.164038],[22.114096,43.160655],[22.113672,43.156394],[22.117001,43.154705],[22.119359,43.154873],[22.123557,43.157811],[22.129865,43.158304],[22.134695,43.16016],[22.139366,43.159366],[22.14295,43.155107],[22.147278,43.152272],[22.151494,43.151397],[22.15712,43.149566],[22.155349,43.145807],[22.158871,43.146021],[22.162985,43.145124],[22.166285,43.146654],[22.169582,43.145619],[22.173643,43.143111],[22.176745,43.142048],[22.179847,43.141562],[22.183184,43.138628],[22.181488,43.137375],[22.184771,43.136982],[22.188631,43.131465],[22.191961,43.128761],[22.192947,43.126019],[22.192182,43.123125],[22.193639,43.120622],[22.197107,43.120099],[22.198552,43.122127],[22.203476,43.12385],[22.207681,43.122409],[22.210037,43.119219],[22.212141,43.118325],[22.217312,43.120545],[22.222045,43.1198],[22.226375,43.115252],[22.230923,43.113221],[22.232938,43.109782],[22.236177,43.10639],[22.237565,43.104131],[22.240786,43.104875],[22.245762,43.103029],[22.274016,43.108876],[22.297872,43.111331],[22.320433,43.10546]]]}},{"type":"Feature","properties":{"name":"ПИО „Рајац\"","name_lat":"Rajac","type":"ZP","rajac":true,"pa_type":"ZP","pa_id":"rajac"},"geometry":{"type":"Polygon","coordinates":[[[20.175125,44.129208],[20.176513,44.128218],[20.179431,44.129296],[20.18146,44.129827],[20.182057,44.131992],[20.185379,44.133069],[20.18632,44.134065],[20.189411,44.133616],[20.193871,44.134459],[20.19328,44.135662],[20.195346,44.134818],[20.197863,44.134592],[20.200195,44.13394],[20.202254,44.134505],[20.20447,44.13497],[20.205747,44.133369],[20.209923,44.133327],[20.214517,44.13361],[20.218185,44.132393],[20.220524,44.13331],[20.221713,44.134345],[20.225002,44.134241],[20.227371,44.133316],[20.230627,44.132872],[20.233588,44.133463],[20.234357,44.134913],[20.234892,44.136026],[20.235541,44.137669],[20.235573,44.138663],[20.236449,44.138762],[20.236603,44.138766],[20.236678,44.138769],[20.236734,44.138772],[20.236765,44.138775],[20.236845,44.13878],[20.23699,44.138789],[20.238694,44.138751],[20.238993,44.138753],[20.239583,44.138743],[20.241366,44.138115],[20.242049,44.137778],[20.243622,44.136995],[20.244883,44.136494],[20.246199,44.136289],[20.247907,44.135561],[20.249055,44.13599],[20.250502,44.1363],[20.252159,44.136249],[20.251197,44.13441],[20.251544,44.133806],[20.253056,44.133073],[20.254074,44.132421],[20.254547,44.131785],[20.255956,44.131173],[20.258185,44.130045],[20.26189,44.130031],[20.26272,44.130025],[20.263977,44.130008],[20.264938,44.130109],[20.265567,44.131327],[20.269392,44.132287],[20.273387,44.131953],[20.276212,44.132528],[20.279645,44.131766],[20.278872,44.132723],[20.278645,44.134062],[20.281633,44.135919],[20.28033,44.137294],[20.279181,44.138162],[20.278547,44.135457],[20.277235,44.134523],[20.275269,44.135501],[20.27377,44.13541],[20.273443,44.137086],[20.274371,44.137001],[20.275461,44.136974],[20.275221,44.137498],[20.272975,44.138241],[20.272109,44.138738],[20.271545,44.139464],[20.269353,44.13954],[20.267346,44.139398],[20.265588,44.14009],[20.265082,44.141034],[20.267546,44.141065],[20.269434,44.141764],[20.270317,44.142617],[20.270898,44.143442],[20.271449,44.14413],[20.272572,44.144892],[20.27487,44.1449],[20.276573,44.144909],[20.277642,44.145054],[20.279535,44.145457],[20.281095,44.144988],[20.282645,44.143312],[20.286284,44.14244],[20.289869,44.142635],[20.289743,44.143798],[20.28924,44.145561],[20.287124,44.147273],[20.286693,44.147266],[20.286656,44.147967],[20.287028,44.149302],[20.287006,44.150835],[20.287018,44.152563],[20.286796,44.154092],[20.286469,44.155014],[20.28573,44.156301],[20.285144,44.155638],[20.284262,44.155361],[20.283583,44.154742],[20.283474,44.154325],[20.282222,44.152554],[20.280103,44.15157],[20.278996,44.152957],[20.277916,44.154005],[20.276747,44.154962],[20.276973,44.157036],[20.274941,44.157932],[20.274397,44.156955],[20.274435,44.155325],[20.273229,44.154557],[20.272863,44.153555],[20.271559,44.15335],[20.270243,44.153166],[20.267656,44.152614],[20.265581,44.1534],[20.26348,44.153726],[20.26236,44.153243],[20.260031,44.152535],[20.259123,44.151061],[20.258018,44.150482],[20.256338,44.15094],[20.254383,44.151428],[20.252451,44.150729],[20.251092,44.151885],[20.250164,44.152919],[20.24911,44.153211],[20.247841,44.153036],[20.246236,44.152692],[20.24482,44.152275],[20.243816,44.153153],[20.241689,44.152742],[20.240519,44.152254],[20.240361,44.150712],[20.238961,44.150743],[20.237139,44.150325],[20.235676,44.150661],[20.233687,44.150533],[20.232827,44.151519],[20.232267,44.151595],[20.230164,44.150726],[20.228797,44.149909],[20.226301,44.150049],[20.223889,44.149525],[20.221148,44.149956],[20.219549,44.149794],[20.218438,44.149247],[20.217724,44.149422],[20.21623,44.149375],[20.214688,44.149392],[20.212557,44.149163],[20.210346,44.149135],[20.207492,44.149149],[20.206466,44.148619],[20.205722,44.148328],[20.204606,44.149273],[20.202079,44.149836],[20.199737,44.149069],[20.198144,44.148874],[20.195562,44.148567],[20.194633,44.147038],[20.192601,44.14778],[20.191152,44.149618],[20.189194,44.149651],[20.186854,44.150039],[20.183531,44.150461],[20.18323,44.151986],[20.182542,44.152563],[20.180381,44.153123],[20.178517,44.153025],[20.17787,44.151388],[20.176876,44.150127],[20.173875,44.149493],[20.172335,44.149076],[20.171034,44.14858],[20.169532,44.147891],[20.168286,44.146985],[20.169811,44.146231],[20.1702,44.145309],[20.169883,44.144802],[20.168879,44.143203],[20.167115,44.142066],[20.166267,44.140458],[20.165628,44.138635],[20.165957,44.136679],[20.166961,44.135545],[20.168803,44.134312],[20.168148,44.13319],[20.167504,44.131791],[20.169687,44.130539],[20.174487,44.129282],[20.175125,44.129208]]]}},{"type":"Feature","properties":{"name":"Маљен","name_lat":"Maljen","type":"ZP","rajac":false,"pa_type":"ZP","pa_id":"maljen"},"geometry":{"type":"Polygon","coordinates":[[[20.002695,44.119744],[20.004148,44.121091],[20.005087,44.120975],[20.006102,44.120651],[20.008606,44.120518],[20.010849,44.118577],[20.009347,44.115819],[20.007792,44.112415],[20.006455,44.110639],[20.005436,44.109856],[20.004746,44.109002],[20.005682,44.106925],[20.005727,44.10585],[20.00513,44.104052],[20.005734,44.098777],[19.996832,44.096001],[19.996144,44.092013],[19.9989,44.088028],[20.00396,44.087564],[20.010626,44.086969],[20.01507,44.083829],[20.020257,44.080065],[20.024345,44.077371],[20.027526,44.075454],[20.025508,44.068593],[20.023779,44.064524],[20.025532,44.060613],[20.031267,44.057621],[20.038909,44.055808],[20.042529,44.055309],[20.048829,44.058791],[20.051533,44.059661],[20.055688,44.060291],[20.057818,44.061394],[20.061158,44.060657],[20.064122,44.060982],[20.066598,44.062726],[20.06887,44.060338],[20.068702,44.056391],[20.067014,44.051835],[20.064806,44.047952],[20.067121,44.044872],[20.071634,44.046279],[20.078695,44.048722],[20.083007,44.051542],[20.081298,44.055815],[20.083348,44.059188],[20.088614,44.059784],[20.093474,44.057064],[20.098896,44.05628],[20.099105,44.057758],[20.102569,44.059854],[20.102005,44.06442],[20.104617,44.064809],[20.10469,44.061674],[20.110726,44.063205],[20.1092,44.066055],[20.106507,44.067871],[20.106609,44.071291],[20.107115,44.075001],[20.108274,44.0782],[20.110838,44.081485],[20.110483,44.086248],[20.109329,44.08948],[20.108897,44.09371],[20.113275,44.097164],[20.116626,44.101204],[20.115085,44.104701],[20.113585,44.109518],[20.106937,44.108391],[20.100903,44.107854],[20.098847,44.111325],[20.098599,44.113196],[20.102301,44.115737],[20.104733,44.117863],[20.10697,44.120918],[20.108381,44.123601],[20.106252,44.124232],[20.103923,44.1269],[20.103622,44.129854],[20.101366,44.129393],[20.095823,44.130756],[20.091436,44.13141],[20.089285,44.131545],[20.086173,44.131543],[20.082781,44.13146],[20.080563,44.131124],[20.078975,44.130775],[20.076182,44.13036],[20.073489,44.129441],[20.069564,44.128925],[20.065164,44.127547],[20.060849,44.128705],[20.058926,44.129569],[20.05843,44.13256],[20.057707,44.135549],[20.054442,44.138333],[20.052608,44.140719],[20.050479,44.142037],[20.044733,44.142841],[20.044033,44.146426],[20.046697,44.150021],[20.046387,44.154004],[20.045291,44.157556],[20.043415,44.159792],[20.043204,44.161483],[20.037801,44.161701],[20.035056,44.161684],[20.031722,44.161299],[20.028151,44.161827],[20.023843,44.161325],[20.021544,44.159099],[20.018332,44.158297],[20.013637,44.157936],[20.009592,44.158007],[20.00734,44.155541],[20.004425,44.156728],[20.001911,44.155637],[19.999696,44.154646],[19.997285,44.154674],[19.995335,44.152603],[19.992553,44.15347],[19.989581,44.153407],[19.986715,44.152484],[19.984902,44.151302],[19.979572,44.15163],[19.974478,44.151436],[19.971646,44.150294],[19.968803,44.149849],[19.967095,44.150586],[19.965984,44.147714],[19.963681,44.145896],[19.960347,44.146596],[19.95816,44.147736],[19.955695,44.148803],[19.955807,44.150797],[19.953728,44.151549],[19.94906,44.150658],[19.945983,44.150164],[19.941427,44.149705],[19.936609,44.148506],[19.931615,44.147366],[19.933899,44.147134],[19.930325,44.146369],[19.928301,44.145369],[19.930876,44.143248],[19.936192,44.142337],[19.938067,44.139406],[19.933684,44.138083],[19.932897,44.136804],[19.933497,44.133894],[19.93453,44.130468],[19.933419,44.127955],[19.933875,44.126812],[19.932443,44.124341],[19.929366,44.121053],[19.925157,44.117375],[19.928596,44.115198],[19.931235,44.112047],[19.934115,44.111715],[19.937389,44.112151],[19.93893,44.111509],[19.942319,44.111959],[19.945872,44.112399],[19.946544,44.108968],[19.950301,44.107545],[19.955055,44.106046],[19.957484,44.103815],[19.958497,44.104206],[19.960203,44.103878],[19.95971,44.101994],[19.958005,44.099308],[19.961621,44.098963],[19.966284,44.097833],[19.969359,44.097256],[19.97238,44.097574],[19.977424,44.098226],[19.976387,44.100621],[19.976875,44.102691],[19.977011,44.105093],[19.97775,44.106974],[19.975663,44.109338],[19.974734,44.11235],[19.97622,44.114745],[19.972566,44.117155],[19.969391,44.118109],[19.970259,44.118855],[19.974097,44.119204],[19.97857,44.119014],[19.983318,44.117976],[19.985819,44.118325],[19.987148,44.118933],[19.987352,44.117485],[19.989703,44.116814],[19.99205,44.117205],[19.993032,44.11604],[19.995406,44.117173],[19.996987,44.117634],[19.998775,44.118318],[20.000169,44.118619],[20.002291,44.120172],[20.002695,44.119744]]]}},{"type":"Feature","properties":{"name":"Јерма","name_lat":"Jerma","type":"ZP","rajac":false,"pa_type":"ZP","pa_id":"jerma"},"geometry":{"type":"Polygon","coordinates":[[[22.62396,43.019987],[22.620238,43.018318],[22.616914,43.018846],[22.614096,43.016967],[22.614059,43.015399],[22.615145,43.012651],[22.614897,43.009716],[22.613947,43.008475],[22.612032,43.008613],[22.611071,43.008069],[22.609571,43.007984],[22.608408,43.006846],[22.605172,43.005461],[22.600762,43.003679],[22.593388,43.003959],[22.585816,43.003231],[22.581305,42.995285],[22.577788,42.991732],[22.576577,42.989385],[22.577617,42.987824],[22.577024,42.985672],[22.576114,42.983631],[22.576661,42.981673],[22.577001,42.979689],[22.580379,42.978956],[22.580656,42.977654],[22.580412,42.97668],[22.580682,42.976077],[22.578915,42.975048],[22.579048,42.974362],[22.580652,42.972213],[22.580931,42.97115],[22.581827,42.968709],[22.582051,42.966161],[22.584648,42.965538],[22.587525,42.965142],[22.589965,42.965583],[22.592094,42.964574],[22.5944,42.963344],[22.595974,42.962239],[22.59818,42.961111],[22.597615,42.960307],[22.597081,42.959278],[22.595289,42.95795],[22.593894,42.956944],[22.590625,42.955342],[22.589957,42.954448],[22.589121,42.953249],[22.587578,42.951631],[22.58631,42.950131],[22.585529,42.947924],[22.588409,42.945532],[22.586625,42.944704],[22.587506,42.943621],[22.590279,42.941597],[22.595262,42.939821],[22.602237,42.934575],[22.605433,42.932512],[22.604271,42.93137],[22.598695,42.930519],[22.594442,42.930207],[22.593001,42.928634],[22.594123,42.925834],[22.595729,42.923768],[22.596257,42.922137],[22.598258,42.922103],[22.599868,42.920963],[22.602074,42.920417],[22.606712,42.92048],[22.609259,42.918732],[22.612128,42.91865],[22.614456,42.917741],[22.61589,42.918107],[22.617402,42.917898],[22.621058,42.91676],[22.624252,42.9169],[22.627485,42.91729],[22.630441,42.916217],[22.629564,42.913781],[22.63522,42.912683],[22.636845,42.910561],[22.638909,42.909708],[22.638157,42.907482],[22.637313,42.903525],[22.635977,42.901136],[22.635438,42.897562],[22.63988,42.897917],[22.644742,42.896569],[22.647539,42.894121],[22.65288,42.8919],[22.656791,42.890627],[22.657677,42.889767],[22.659239,42.888933],[22.656113,42.88852],[22.653643,42.888455],[22.652565,42.887664],[22.651787,42.885994],[22.651689,42.884471],[22.653366,42.885019],[22.652775,42.883542],[22.654683,42.882825],[22.657775,42.882717],[22.661368,42.881712],[22.665073,42.879078],[22.667271,42.876838],[22.671311,42.876274],[22.674716,42.875979],[22.674894,42.877789],[22.675767,42.879864],[22.67654,42.880486],[22.6803,42.879377],[22.680645,42.881873],[22.67988,42.885021],[22.679166,42.886617],[22.678581,42.889031],[22.679751,42.888307],[22.682157,42.887498],[22.684395,42.887563],[22.685705,42.889304],[22.68692,42.890521],[22.68843,42.891227],[22.688826,42.89178],[22.6897,42.892949],[22.69021,42.894027],[22.690602,42.895844],[22.689219,42.897571],[22.686377,42.900437],[22.685217,42.901911],[22.684259,42.903082],[22.684013,42.904157],[22.681923,42.906006],[22.679251,42.908096],[22.678564,42.910081],[22.67576,42.911992],[22.67444,42.914213],[22.674092,42.917097],[22.672376,42.919033],[22.670949,42.921311],[22.671619,42.922715],[22.669256,42.922875],[22.666826,42.923709],[22.664108,42.9248],[22.662416,42.926713],[22.660391,42.928706],[22.658748,42.93091],[22.658282,42.934035],[22.65751,42.936379],[22.656776,42.938529],[22.656714,42.940757],[22.656942,42.942401],[22.65525,42.943801],[22.656522,42.945645],[22.656691,42.946902],[22.654929,42.947727],[22.655206,42.949595],[22.655157,42.951052],[22.65601,42.952795],[22.656264,42.9562],[22.656791,42.958044],[22.658176,42.960127],[22.657803,42.960115],[22.656619,42.961223],[22.655217,42.962193],[22.654921,42.964145],[22.654194,42.966085],[22.653275,42.968419],[22.651983,42.969493],[22.652194,42.972399],[22.653171,42.973949],[22.655413,42.975563],[22.656987,42.976281],[22.657186,42.97732],[22.657289,42.979295],[22.65643,42.981781],[22.655852,42.984051],[22.654469,42.985648],[22.651378,42.985915],[22.6499,42.9872],[22.650993,42.987519],[22.650762,42.98828],[22.648583,42.990254],[22.647307,42.99306],[22.645441,42.995429],[22.644819,42.99775],[22.646053,42.99945],[22.64652,43.000769],[22.645368,43.002036],[22.644876,43.002552],[22.643527,43.004628],[22.641938,43.007603],[22.639667,43.008245],[22.63739,43.008736],[22.634623,43.008259],[22.633296,43.010019],[22.634122,43.011005],[22.633956,43.01172],[22.633326,43.012622],[22.632632,43.013979],[22.632742,43.015924],[22.633457,43.017742],[22.630728,43.019035],[22.625323,43.018639],[22.624483,43.019485],[22.62396,43.019987]]]}},{"type":"Feature","properties":{"name":"Клисура Дјетиње","name_lat":"Klisura Djetinje","type":"ZP","rajac":false,"pa_type":"ZP","pa_id":"klisura-djetinje"},"geometry":{"type":"Polygon","coordinates":[[[19.723902,43.856813],[19.723836,43.855253],[19.722419,43.855187],[19.722723,43.853161],[19.724408,43.85283],[19.727039,43.852403],[19.726755,43.851564],[19.725398,43.850352],[19.726278,43.849271],[19.726173,43.848483],[19.724957,43.847717],[19.725032,43.846375],[19.725012,43.844855],[19.72641,43.845624],[19.727788,43.845962],[19.729444,43.845918],[19.73111,43.845463],[19.733123,43.84536],[19.734375,43.845239],[19.736084,43.844431],[19.737565,43.8429],[19.739125,43.840802],[19.740829,43.839644],[19.742754,43.838059],[19.742867,43.836786],[19.741953,43.835986],[19.740186,43.835288],[19.740494,43.834372],[19.742258,43.833864],[19.741609,43.833082],[19.742375,43.832984],[19.742613,43.833464],[19.744389,43.833069],[19.745892,43.8337],[19.746287,43.834453],[19.747379,43.835189],[19.747837,43.83627],[19.747661,43.837171],[19.747439,43.838394],[19.748065,43.839471],[19.746742,43.841307],[19.747779,43.842047],[19.749642,43.841238],[19.751368,43.840227],[19.753167,43.840222],[19.755187,43.840344],[19.755429,43.841488],[19.755469,43.842636],[19.756726,43.841733],[19.757393,43.843242],[19.758755,43.843672],[19.760237,43.843625],[19.762866,43.843123],[19.765101,43.842879],[19.766434,43.842203],[19.767491,43.842449],[19.768282,43.841951],[19.768511,43.840391],[19.769305,43.841153],[19.770941,43.841904],[19.772162,43.841179],[19.773812,43.841699],[19.776064,43.841619],[19.77583,43.84259],[19.776271,43.843294],[19.77936,43.843595],[19.781298,43.843515],[19.782389,43.844476],[19.782494,43.845541],[19.783476,43.845823],[19.78555,43.845983],[19.787645,43.845533],[19.789164,43.843683],[19.790549,43.842702],[19.792893,43.843705],[19.793452,43.844668],[19.793935,43.845958],[19.795965,43.845343],[19.796487,43.846982],[19.798255,43.846992],[19.800514,43.846857],[19.799844,43.845942],[19.800738,43.845488],[19.801683,43.844682],[19.803138,43.844258],[19.803173,43.842826],[19.804298,43.842394],[19.805191,43.84334],[19.807299,43.844129],[19.807785,43.843271],[19.808611,43.844347],[19.808439,43.845126],[19.80881,43.845976],[19.809035,43.847173],[19.809333,43.848495],[19.809807,43.84734],[19.810716,43.846994],[19.81196,43.847752],[19.812628,43.848492],[19.813816,43.84783],[19.815586,43.848137],[19.816578,43.849179],[19.815791,43.84951],[19.815133,43.850281],[19.814624,43.851398],[19.813837,43.850514],[19.812244,43.85072],[19.809697,43.850765],[19.807657,43.851647],[19.80574,43.8522],[19.805145,43.852766],[19.804398,43.853336],[19.803695,43.854094],[19.801401,43.8543],[19.800913,43.855273],[19.799519,43.856087],[19.798395,43.856292],[19.798568,43.857157],[19.797981,43.85789],[19.79606,43.858142],[19.794461,43.858644],[19.791379,43.859729],[19.788968,43.8599],[19.786473,43.860062],[19.78466,43.860278],[19.783314,43.859874],[19.78243,43.86012],[19.780924,43.86015],[19.779794,43.859954],[19.781012,43.858696],[19.781306,43.857322],[19.782551,43.856131],[19.781836,43.854739],[19.780186,43.855345],[19.780565,43.854655],[19.779705,43.8531],[19.778361,43.853053],[19.77671,43.85368],[19.775873,43.853889],[19.774416,43.852783],[19.773441,43.854033],[19.771979,43.85339],[19.771291,43.854219],[19.769768,43.854357],[19.769685,43.855018],[19.770023,43.856311],[19.769349,43.855304],[19.768874,43.853936],[19.768276,43.852604],[19.76814,43.851071],[19.768804,43.849728],[19.769759,43.848578],[19.768495,43.848141],[19.766906,43.848454],[19.7652,43.848695],[19.76287,43.849562],[19.761722,43.849935],[19.760554,43.848785],[19.759434,43.848748],[19.758163,43.848914],[19.757263,43.848503],[19.756454,43.848193],[19.7552,43.847038],[19.753284,43.846523],[19.750906,43.846643],[19.749365,43.846426],[19.748044,43.844579],[19.746455,43.844038],[19.745072,43.842947],[19.744109,43.843869],[19.745153,43.844848],[19.74573,43.845743],[19.746363,43.84678],[19.745723,43.847463],[19.744325,43.848189],[19.745367,43.849567],[19.746033,43.850105],[19.745478,43.850874],[19.743636,43.851004],[19.742191,43.850716],[19.741532,43.851247],[19.741467,43.852142],[19.741212,43.852951],[19.741384,43.853856],[19.741423,43.854506],[19.742117,43.855345],[19.741861,43.856496],[19.741482,43.857449],[19.739991,43.857943],[19.738448,43.858199],[19.737178,43.858633],[19.736027,43.859416],[19.734603,43.858985],[19.732819,43.859317],[19.731341,43.859293],[19.729294,43.860007],[19.72777,43.86009],[19.728437,43.859516],[19.727744,43.859011],[19.726806,43.858214],[19.726111,43.857424],[19.724567,43.857633],[19.723902,43.856813]]]}},{"type":"Feature","properties":{"name":"Овчарско-кабларска клисура","name_lat":"Ovcarsko-Kablarska klisura","type":"ZP","rajac":false,"pa_type":"ZP","pa_id":"ovcarsko-kablarska-klisura"},"geometry":{"type":"Polygon","coordinates":[[[20.217956,43.93671],[20.217008,43.937559],[20.214335,43.937418],[20.211864,43.937158],[20.209264,43.936625],[20.210496,43.938071],[20.211761,43.939303],[20.208617,43.939176],[20.209388,43.93882],[20.206226,43.936717],[20.203552,43.935439],[20.202206,43.934146],[20.203869,43.933705],[20.202248,43.931533],[20.202068,43.930461],[20.199733,43.929663],[20.197949,43.928479],[20.194587,43.926883],[20.194151,43.927892],[20.192807,43.926326],[20.190515,43.925536],[20.188676,43.925532],[20.185955,43.924662],[20.184984,43.921823],[20.181039,43.921539],[20.178296,43.922989],[20.17761,43.923865],[20.17629,43.924857],[20.174212,43.924588],[20.17219,43.925997],[20.170098,43.927073],[20.170831,43.928264],[20.169977,43.930448],[20.172754,43.931483],[20.171524,43.932986],[20.169481,43.934218],[20.168328,43.93486],[20.16758,43.93646],[20.16786,43.937826],[20.166548,43.938944],[20.165676,43.940489],[20.161669,43.941562],[20.158731,43.942231],[20.154928,43.9428],[20.155041,43.9424],[20.154577,43.940066],[20.153283,43.938779],[20.151887,43.938147],[20.151466,43.939358],[20.149644,43.938349],[20.147126,43.94006],[20.146659,43.94003],[20.14619,43.938976],[20.14345,43.937383],[20.142832,43.93567],[20.142676,43.93471],[20.140563,43.935555],[20.138037,43.935453],[20.136754,43.935573],[20.134028,43.936668],[20.131966,43.936754],[20.130312,43.935941],[20.127412,43.935462],[20.12617,43.93375],[20.123472,43.9341],[20.121074,43.934416],[20.118187,43.933958],[20.116769,43.934466],[20.11588,43.933037],[20.11558,43.930964],[20.11687,43.92918],[20.119492,43.926603],[20.121928,43.924703],[20.124777,43.923869],[20.125957,43.922739],[20.126627,43.920235],[20.128207,43.917647],[20.130136,43.916649],[20.132067,43.913888],[20.134111,43.911829],[20.137496,43.911139],[20.140236,43.910542],[20.142555,43.910883],[20.143951,43.909095],[20.146016,43.907651],[20.149994,43.90775],[20.151646,43.9068],[20.153583,43.905301],[20.158187,43.905564],[20.161989,43.905893],[20.165236,43.903941],[20.167319,43.901213],[20.170291,43.899313],[20.17044,43.898681],[20.166499,43.898683],[20.162185,43.899095],[20.159229,43.897795],[20.155976,43.895641],[20.157001,43.893384],[20.157713,43.891109],[20.155158,43.890725],[20.154061,43.888896],[20.158055,43.887123],[20.15891,43.886043],[20.159084,43.884034],[20.160543,43.882517],[20.158571,43.881379],[20.156152,43.879612],[20.153897,43.878484],[20.153545,43.87707],[20.155026,43.875021],[20.15686,43.87525],[20.158998,43.874567],[20.160558,43.875079],[20.163367,43.873864],[20.166171,43.872987],[20.168964,43.872585],[20.171664,43.872591],[20.173865,43.870796],[20.175773,43.870278],[20.17839,43.86976],[20.179987,43.868662],[20.182227,43.869513],[20.184248,43.869966],[20.186139,43.872895],[20.186545,43.87192],[20.190059,43.871669],[20.192386,43.872586],[20.194587,43.872174],[20.195741,43.872497],[20.199982,43.872929],[20.20039,43.874607],[20.200914,43.875318],[20.202077,43.876691],[20.200928,43.878039],[20.202383,43.879033],[20.205135,43.879484],[20.207006,43.878537],[20.208197,43.877499],[20.207905,43.876077],[20.207707,43.875113],[20.206787,43.874279],[20.205687,43.873804],[20.206935,43.873363],[20.209143,43.873139],[20.210622,43.871801],[20.211886,43.873358],[20.212462,43.876294],[20.212042,43.878003],[20.209446,43.879027],[20.211242,43.881007],[20.212644,43.883624],[20.2118,43.884948],[20.209726,43.885604],[20.208246,43.884421],[20.206949,43.885507],[20.20759,43.88775],[20.210061,43.888026],[20.212292,43.888066],[20.214759,43.889196],[20.213658,43.889733],[20.21481,43.890269],[20.215232,43.890621],[20.217443,43.890812],[20.218856,43.891037],[20.220852,43.891709],[20.223498,43.893027],[20.225906,43.894188],[20.228894,43.894226],[20.231894,43.894029],[20.234645,43.895429],[20.236125,43.896373],[20.240293,43.896923],[20.242805,43.897896],[20.244665,43.899446],[20.247263,43.901216],[20.250219,43.902786],[20.253016,43.903736],[20.255804,43.903918],[20.260193,43.904187],[20.262094,43.904857],[20.26258,43.907],[20.261043,43.907187],[20.259811,43.909376],[20.256283,43.910535],[20.254821,43.912783],[20.254404,43.914227],[20.255512,43.915932],[20.257875,43.917326],[20.258933,43.918942],[20.25725,43.919592],[20.254196,43.921302],[20.252085,43.922292],[20.249026,43.920967],[20.245438,43.92011],[20.244061,43.922895],[20.242461,43.923954],[20.241071,43.92585],[20.238109,43.927003],[20.237487,43.929591],[20.237363,43.930928],[20.231727,43.931264],[20.228272,43.932481],[20.223415,43.933616],[20.219171,43.935127],[20.218702,43.935766],[20.218208,43.936207],[20.217956,43.93671]]]}},{"type":"Feature","properties":{"name":"Власина","name_lat":"Vlasina","type":"ZP","rajac":false,"pa_type":"ZP","pa_id":"vlasina"},"geometry":{"type":"Polygon","coordinates":[[[22.386619,42.779494],[22.384593,42.781874],[22.382618,42.784226],[22.381962,42.78574],[22.382636,42.78785],[22.384001,42.790097],[22.381629,42.794151],[22.377411,42.796435],[22.378016,42.799622],[22.378329,42.805113],[22.373307,42.805304],[22.36631,42.80656],[22.362825,42.804353],[22.359074,42.802284],[22.358532,42.800576],[22.357204,42.800591],[22.356339,42.800261],[22.357825,42.795682],[22.356943,42.792937],[22.35792,42.78992],[22.359021,42.78519],[22.355898,42.784639],[22.356057,42.785802],[22.351887,42.78813],[22.348263,42.786798],[22.345598,42.785258],[22.343047,42.782411],[22.337785,42.779389],[22.337156,42.779595],[22.336638,42.782045],[22.335973,42.782935],[22.335194,42.782612],[22.331767,42.782957],[22.328746,42.781614],[22.32809,42.781957],[22.324451,42.78222],[22.320876,42.784147],[22.319773,42.782351],[22.318796,42.781183],[22.316138,42.77975],[22.314178,42.778903],[22.314027,42.777191],[22.315754,42.774519],[22.313967,42.772158],[22.31026,42.77144],[22.309045,42.770431],[22.306289,42.770871],[22.302992,42.76935],[22.300454,42.767203],[22.297508,42.765284],[22.295488,42.762641],[22.294786,42.758286],[22.293995,42.755894],[22.293711,42.754285],[22.293138,42.752492],[22.291952,42.750974],[22.291789,42.748892],[22.286629,42.749452],[22.277494,42.748311],[22.271794,42.749883],[22.269648,42.752362],[22.268829,42.755712],[22.265935,42.753902],[22.263894,42.753528],[22.261361,42.751695],[22.256108,42.751117],[22.25561,42.750773],[22.262076,42.748579],[22.265903,42.745915],[22.269553,42.7434],[22.271384,42.740283],[22.272627,42.736691],[22.271374,42.735496],[22.272087,42.733036],[22.274267,42.730616],[22.275985,42.728761],[22.276132,42.724547],[22.27456,42.721315],[22.269204,42.717937],[22.278784,42.715753],[22.280596,42.716333],[22.280782,42.715306],[22.281551,42.714288],[22.282612,42.713937],[22.283469,42.713437],[22.283757,42.711903],[22.284972,42.710511],[22.285873,42.709057],[22.286753,42.708315],[22.288049,42.707158],[22.288436,42.706104],[22.290011,42.705818],[22.290866,42.705624],[22.291095,42.704811],[22.29108,42.70315],[22.289319,42.701451],[22.289182,42.700285],[22.290219,42.699089],[22.289891,42.697508],[22.289512,42.69628],[22.289434,42.695002],[22.289632,42.693474],[22.29122,42.693762],[22.293538,42.693721],[22.295541,42.694293],[22.296697,42.693957],[22.297963,42.693334],[22.299055,42.692947],[22.300206,42.692194],[22.301528,42.691865],[22.30267,42.6916],[22.304342,42.690886],[22.306059,42.690384],[22.307732,42.689006],[22.309841,42.688072],[22.311812,42.687883],[22.312768,42.687163],[22.315361,42.68625],[22.314196,42.683078],[22.31304,42.68065],[22.312136,42.678986],[22.313655,42.676003],[22.315612,42.672426],[22.318813,42.669766],[22.320449,42.668186],[22.32243,42.666968],[22.324939,42.664963],[22.327133,42.662009],[22.329161,42.658854],[22.329422,42.656519],[22.33027,42.654889],[22.32596,42.652551],[22.324183,42.650021],[22.325599,42.647469],[22.330986,42.642891],[22.33457,42.639395],[22.332744,42.635384],[22.338849,42.636823],[22.34531,42.637024],[22.348416,42.640168],[22.349946,42.642881],[22.350669,42.645017],[22.353985,42.645917],[22.356325,42.647498],[22.360902,42.651129],[22.364973,42.65416],[22.366039,42.657291],[22.368334,42.658383],[22.369573,42.656382],[22.369312,42.654387],[22.370236,42.653167],[22.372014,42.653092],[22.373151,42.653341],[22.374068,42.654107],[22.377372,42.65391],[22.378065,42.654436],[22.38029,42.652888],[22.381934,42.654456],[22.384222,42.656949],[22.385327,42.656677],[22.387899,42.654162],[22.390179,42.653598],[22.392269,42.652064],[22.392648,42.653643],[22.391973,42.65696],[22.391775,42.660167],[22.391898,42.661677],[22.391263,42.665021],[22.392798,42.667313],[22.394393,42.66935],[22.395241,42.670642],[22.397427,42.672884],[22.400228,42.676971],[22.402725,42.682039],[22.404499,42.687151],[22.408431,42.691513],[22.409877,42.694809],[22.409583,42.697286],[22.408312,42.70347],[22.402586,42.705322],[22.398621,42.708773],[22.395258,42.714275],[22.395338,42.718918],[22.394359,42.723092],[22.393055,42.728086],[22.392928,42.731898],[22.392927,42.734222],[22.393503,42.737965],[22.395302,42.740951],[22.396634,42.743941],[22.399527,42.746852],[22.401224,42.749208],[22.403383,42.750609],[22.402325,42.751326],[22.399526,42.751845],[22.397853,42.753009],[22.396568,42.753863],[22.397795,42.755278],[22.398342,42.755805],[22.398832,42.756268],[22.401286,42.757262],[22.401167,42.758937],[22.399014,42.761166],[22.397229,42.764737],[22.394991,42.767873],[22.392837,42.769307],[22.390341,42.771097],[22.38962,42.772595],[22.389161,42.774532],[22.38876,42.776833],[22.387685,42.778247],[22.386619,42.779494]]]}},{"type":"Feature","properties":{"name":"Суботичка пешчара","name_lat":"Suboticka pescara","type":"ZP","rajac":false,"pa_type":"ZP","pa_id":"suboticka-pescara"},"geometry":{"type":"Polygon","coordinates":[[[19.667894,46.184835],[19.664936,46.187044],[19.656726,46.186522],[19.641484,46.175992],[19.631501,46.168374],[19.634874,46.164789],[19.638583,46.160561],[19.639918,46.158986],[19.638877,46.15726],[19.635285,46.158109],[19.631788,46.160967],[19.628399,46.163629],[19.623079,46.160889],[19.616856,46.157575],[19.614457,46.158208],[19.609981,46.161755],[19.605371,46.164398],[19.601992,46.166242],[19.598052,46.16858],[19.601861,46.170083],[19.605364,46.171462],[19.606365,46.172128],[19.600357,46.173835],[19.579389,46.17699],[19.56963,46.178372],[19.569379,46.176279],[19.572305,46.172849],[19.575529,46.171291],[19.57666,46.168728],[19.577434,46.166956],[19.579988,46.164978],[19.582568,46.166156],[19.585013,46.165926],[19.587773,46.163383],[19.591196,46.160787],[19.593022,46.160227],[19.595765,46.158328],[19.597661,46.158443],[19.595522,46.160932],[19.598852,46.161203],[19.602343,46.160266],[19.604334,46.158319],[19.606329,46.156288],[19.608678,46.155188],[19.610129,46.152714],[19.608596,46.150456],[19.606769,46.147611],[19.603664,46.149775],[19.600413,46.149985],[19.596387,46.152335],[19.591968,46.154762],[19.589427,46.157421],[19.5868,46.159966],[19.585377,46.162903],[19.579899,46.163614],[19.574832,46.161251],[19.572725,46.159041],[19.575493,46.156605],[19.580973,46.153827],[19.586413,46.149599],[19.591034,46.146387],[19.59491,46.143305],[19.596935,46.141942],[19.600169,46.141437],[19.602818,46.139365],[19.606426,46.136341],[19.609954,46.134171],[19.613149,46.132008],[19.615121,46.129452],[19.617799,46.130364],[19.621784,46.132649],[19.626345,46.135073],[19.630408,46.137183],[19.634068,46.139247],[19.637065,46.140791],[19.640692,46.142667],[19.6443,46.144678],[19.647657,46.146695],[19.650113,46.146018],[19.652432,46.147012],[19.655007,46.144032],[19.65889,46.146051],[19.662376,46.147923],[19.665952,46.149775],[19.670927,46.152287],[19.673226,46.148509],[19.676436,46.149082],[19.678758,46.146746],[19.681973,46.14911],[19.685631,46.151506],[19.689474,46.147746],[19.69279,46.149094],[19.695191,46.149942],[19.699726,46.146521],[19.703924,46.143239],[19.708001,46.14002],[19.71141,46.137843],[19.715702,46.134884],[19.71945,46.132239],[19.72251,46.129925],[19.724382,46.129158],[19.727923,46.128911],[19.731446,46.127972],[19.735856,46.126373],[19.743425,46.124354],[19.741964,46.127348],[19.740547,46.130769],[19.74131,46.133427],[19.745141,46.134042],[19.747721,46.135395],[19.750934,46.131785],[19.754161,46.128985],[19.757196,46.127359],[19.760343,46.125482],[19.763489,46.122595],[19.766258,46.120429],[19.769522,46.118292],[19.775338,46.119118],[19.778891,46.120107],[19.77723,46.122826],[19.780061,46.124437],[19.783391,46.124041],[19.789453,46.124587],[19.791241,46.126375],[19.794555,46.125503],[19.79377,46.127358],[19.791033,46.128068],[19.788744,46.128937],[19.786767,46.130051],[19.782855,46.131585],[19.777856,46.130959],[19.775051,46.128972],[19.777076,46.127466],[19.778571,46.126017],[19.774538,46.125792],[19.771159,46.129598],[19.770098,46.132523],[19.768551,46.134916],[19.765948,46.13777],[19.762761,46.140264],[19.767115,46.142369],[19.77168,46.143232],[19.776133,46.142158],[19.779472,46.143315],[19.782789,46.142363],[19.785594,46.141492],[19.789451,46.13961],[19.791399,46.138983],[19.792938,46.13842],[19.795511,46.137621],[19.798966,46.135656],[19.801883,46.134272],[19.804363,46.133071],[19.808849,46.13084],[19.811699,46.129317],[19.814176,46.130405],[19.810835,46.131426],[19.808297,46.131935],[19.804993,46.133525],[19.799396,46.136264],[19.798009,46.138469],[19.797927,46.139113],[19.79504,46.139518],[19.793658,46.140065],[19.791774,46.139291],[19.789258,46.140181],[19.786864,46.141293],[19.7838,46.143218],[19.779983,46.144522],[19.775854,46.143996],[19.772794,46.144055],[19.768071,46.144976],[19.766368,46.145707],[19.761966,46.146515],[19.755767,46.150241],[19.749625,46.155751],[19.74384,46.161648],[19.740338,46.166079],[19.736142,46.168542],[19.732978,46.169994],[19.728832,46.16827],[19.725001,46.169063],[19.719812,46.170604],[19.717524,46.17324],[19.717995,46.17411],[19.717551,46.175454],[19.716339,46.176675],[19.712844,46.178674],[19.710751,46.179938],[19.706428,46.182256],[19.704774,46.183144],[19.701477,46.185917],[19.697495,46.187814],[19.690924,46.18414],[19.686417,46.181833],[19.686003,46.179859],[19.684377,46.179682],[19.680536,46.180423],[19.675101,46.183054],[19.670276,46.18655],[19.667894,46.184835]]]}},{"type":"Feature","properties":{"name":"Клисура реке Милешевке","name_lat":"Klisura reke Milesevke","type":"ZP","rajac":false,"pa_type":"ZP","pa_id":"klisura-reke-milesevke"},"geometry":{"type":"Polygon","coordinates":[[[19.775311,43.369121],[19.771222,43.369479],[19.767849,43.368887],[19.765927,43.368417],[19.764487,43.367784],[19.762495,43.366997],[19.760704,43.366487],[19.759523,43.365799],[19.758245,43.366126],[19.757114,43.367124],[19.755843,43.368275],[19.754564,43.368883],[19.752706,43.36816],[19.752429,43.366665],[19.750975,43.365498],[19.747795,43.365813],[19.747464,43.365474],[19.74783,43.365282],[19.747793,43.365127],[19.746842,43.364489],[19.746023,43.363835],[19.743281,43.364201],[19.741003,43.363993],[19.73862,43.364712],[19.737297,43.366086],[19.73331,43.367626],[19.729723,43.368387],[19.728362,43.368659],[19.727789,43.368707],[19.727293,43.36861],[19.726921,43.368569],[19.726722,43.368521],[19.726501,43.368303],[19.726315,43.3681],[19.726087,43.368077],[19.725775,43.368065],[19.725402,43.36792],[19.72512,43.367711],[19.725057,43.367531],[19.725092,43.367347],[19.725133,43.367086],[19.725206,43.366834],[19.726319,43.36575],[19.727443,43.364678],[19.729169,43.363634],[19.731222,43.362122],[19.733675,43.360978],[19.734262,43.361147],[19.735168,43.360047],[19.735425,43.359327],[19.735784,43.358606],[19.736228,43.357819],[19.736459,43.357267],[19.735588,43.356732],[19.735863,43.35635],[19.735619,43.355878],[19.735386,43.35523],[19.735161,43.354631],[19.735124,43.354273],[19.734889,43.353558],[19.734628,43.352918],[19.734823,43.352433],[19.73474,43.351458],[19.734813,43.351069],[19.73487,43.350628],[19.734762,43.349774],[19.734617,43.34917],[19.734234,43.348862],[19.733785,43.348322],[19.734233,43.347582],[19.734179,43.346996],[19.734667,43.346495],[19.734959,43.346272],[19.735196,43.346199],[19.7353,43.346398],[19.735554,43.346464],[19.735688,43.3463],[19.735763,43.346044],[19.735714,43.34587],[19.736043,43.345506],[19.736183,43.345247],[19.737359,43.345433],[19.736878,43.346575],[19.738563,43.346679],[19.73889,43.347915],[19.737821,43.348889],[19.737359,43.349922],[19.737426,43.350988],[19.73915,43.354438],[19.743705,43.352621],[19.74534,43.353994],[19.747262,43.354126],[19.749813,43.351706],[19.752677,43.350152],[19.755142,43.349075],[19.756294,43.348512],[19.757748,43.347675],[19.758057,43.345835],[19.758549,43.344714],[19.757851,43.34315],[19.757888,43.342423],[19.758286,43.341441],[19.758616,43.340794],[19.759451,43.340124],[19.759047,43.338794],[19.759658,43.338264],[19.76058,43.337588],[19.761402,43.336959],[19.762433,43.336632],[19.762907,43.335864],[19.763627,43.335733],[19.763921,43.336052],[19.764398,43.337507],[19.765802,43.33821],[19.767779,43.338091],[19.770934,43.335449],[19.774267,43.334156],[19.778058,43.334027],[19.779915,43.332427],[19.780937,43.331294],[19.781719,43.329187],[19.782334,43.327938],[19.784216,43.327895],[19.786733,43.328432],[19.787957,43.328661],[19.788685,43.328791],[19.790989,43.329484],[19.79128,43.329413],[19.792505,43.327778],[19.793503,43.32615],[19.79512,43.325317],[19.796149,43.326234],[19.797245,43.32688],[19.79848,43.327944],[19.800571,43.328429],[19.800173,43.329985],[19.798213,43.331577],[19.796441,43.333396],[19.794596,43.334488],[19.796029,43.335387],[19.796459,43.336532],[19.797474,43.336758],[19.799185,43.33604],[19.799312,43.33553],[19.799854,43.336434],[19.799357,43.337969],[19.797631,43.339129],[19.798877,43.339654],[19.800286,43.339895],[19.801973,43.340682],[19.802749,43.341207],[19.804691,43.342191],[19.805857,43.343518],[19.80677,43.343805],[19.805829,43.344861],[19.805592,43.345595],[19.80654,43.346029],[19.803657,43.345511],[19.801881,43.344945],[19.799362,43.344139],[19.796452,43.343895],[19.796939,43.345683],[19.796362,43.346694],[19.797567,43.347976],[19.797493,43.349422],[19.79674,43.350608],[19.796315,43.351529],[19.795248,43.352972],[19.794059,43.354128],[19.793104,43.355378],[19.792915,43.355888],[19.7931,43.357693],[19.793728,43.358732],[19.794736,43.36013],[19.795408,43.360852],[19.792553,43.361997],[19.789913,43.362702],[19.787469,43.362549],[19.78817,43.360605],[19.78751,43.359318],[19.78674,43.357824],[19.787844,43.355312],[19.78847,43.354175],[19.790161,43.353123],[19.791319,43.352078],[19.791278,43.35113],[19.791138,43.349554],[19.790999,43.348744],[19.790913,43.347304],[19.790946,43.346527],[19.789884,43.345962],[19.787411,43.345376],[19.785989,43.345585],[19.78543,43.34655],[19.783535,43.346494],[19.780631,43.345442],[19.778547,43.344503],[19.777294,43.343533],[19.775551,43.343316],[19.775192,43.344786],[19.774288,43.346368],[19.773227,43.347481],[19.772723,43.348324],[19.771478,43.349652],[19.77082,43.351237],[19.769654,43.352066],[19.77039,43.353228],[19.772053,43.354056],[19.774522,43.354465],[19.776401,43.355056],[19.778022,43.355567],[19.77827,43.357024],[19.777348,43.357703],[19.776031,43.358863],[19.778077,43.3602],[19.776587,43.359622],[19.77475,43.359494],[19.772938,43.359003],[19.771438,43.359429],[19.77167,43.363029],[19.770871,43.365877],[19.77094,43.366809],[19.772467,43.367107],[19.773092,43.367566],[19.773868,43.368042],[19.775991,43.368595],[19.775311,43.369121]]]}},{"type":"Feature","properties":{"name":"Планина Цер","name_lat":"Planina Cer","type":"ZP","rajac":false,"pa_type":"ZP","pa_id":"planina-cer"},"geometry":{"type":"Polygon","coordinates":[[[19.342663,44.613633],[19.345556,44.611775],[19.348868,44.61163],[19.351833,44.611346],[19.35426,44.612703],[19.356383,44.614391],[19.359466,44.614896],[19.35937,44.616239],[19.359305,44.617954],[19.362651,44.618202],[19.364873,44.619423],[19.367083,44.620973],[19.369596,44.619588],[19.369909,44.617541],[19.372626,44.618189],[19.374635,44.618388],[19.375788,44.61694],[19.375619,44.614132],[19.379269,44.614662],[19.380502,44.613283],[19.380554,44.612105],[19.384849,44.611695],[19.387628,44.612024],[19.391113,44.611074],[19.393209,44.609699],[19.393904,44.607283],[19.393233,44.605954],[19.395573,44.604435],[19.396973,44.601649],[19.399624,44.601826],[19.401806,44.602385],[19.406045,44.601732],[19.407837,44.602146],[19.409879,44.603327],[19.41215,44.601819],[19.411981,44.600295],[19.414387,44.598161],[19.419314,44.597738],[19.421978,44.596671],[19.423738,44.594193],[19.424842,44.587934],[19.428652,44.588995],[19.431363,44.588483],[19.43336,44.589515],[19.435409,44.590806],[19.437614,44.591608],[19.439165,44.591906],[19.444418,44.592883],[19.447271,44.594215],[19.445954,44.597713],[19.449963,44.598469],[19.452721,44.600199],[19.456023,44.601473],[19.456098,44.603702],[19.458995,44.604708],[19.46191,44.603073],[19.463069,44.600896],[19.465003,44.600562],[19.467283,44.598892],[19.467564,44.59683],[19.469308,44.594044],[19.471455,44.592959],[19.474373,44.591323],[19.476026,44.589366],[19.479552,44.58824],[19.480538,44.586784],[19.486852,44.586915],[19.491244,44.586037],[19.49301,44.58462],[19.498707,44.586355],[19.50201,44.583504],[19.50491,44.582937],[19.509742,44.58169],[19.513356,44.580532],[19.513182,44.578009],[19.516924,44.577545],[19.520735,44.578858],[19.522829,44.578577],[19.526948,44.57814],[19.529598,44.577651],[19.532504,44.577533],[19.535867,44.579617],[19.535599,44.582897],[19.535977,44.585532],[19.537622,44.588111],[19.534577,44.590325],[19.537339,44.591815],[19.5368,44.593306],[19.534187,44.595116],[19.533254,44.596254],[19.528458,44.594935],[19.525045,44.595832],[19.524318,44.598168],[19.52475,44.601807],[19.520029,44.602686],[19.519108,44.604919],[19.517278,44.606587],[19.515302,44.608351],[19.510791,44.609842],[19.510942,44.61208],[19.50819,44.612954],[19.504914,44.614661],[19.503522,44.618156],[19.501767,44.620073],[19.498235,44.619673],[19.494791,44.620852],[19.492969,44.623134],[19.494821,44.627021],[19.494487,44.629085],[19.491612,44.63045],[19.490656,44.63153],[19.491482,44.634937],[19.491627,44.637003],[19.491102,44.638034],[19.489928,44.639628],[19.48932,44.640135],[19.488897,44.640661],[19.488569,44.641353],[19.487949,44.641559],[19.487293,44.641892],[19.48681,44.640914],[19.486428,44.640303],[19.485774,44.639618],[19.485087,44.639396],[19.484502,44.639288],[19.482681,44.639268],[19.478692,44.640879],[19.475818,44.642886],[19.47443,44.642133],[19.473495,44.640788],[19.472856,44.639962],[19.472395,44.639151],[19.472488,44.6384],[19.467226,44.63659],[19.463155,44.634687],[19.459167,44.63576],[19.454767,44.634664],[19.45026,44.635601],[19.449202,44.637737],[19.447824,44.638014],[19.446968,44.638711],[19.442302,44.637531],[19.439116,44.638475],[19.434074,44.639223],[19.427778,44.640482],[19.423704,44.641099],[19.42001,44.639337],[19.412389,44.641638],[19.410841,44.639616],[19.409641,44.638029],[19.406409,44.639543],[19.401529,44.639613],[19.39863,44.640534],[19.397288,44.640222],[19.394923,44.640121],[19.392096,44.638258],[19.393284,44.63534],[19.389524,44.635581],[19.390066,44.633026],[19.388929,44.630955],[19.385843,44.629086],[19.383714,44.628083],[19.379078,44.627866],[19.376146,44.630629],[19.372711,44.631947],[19.369956,44.632396],[19.367732,44.633694],[19.366112,44.635129],[19.365169,44.637516],[19.362619,44.637903],[19.360259,44.63776],[19.357517,44.641205],[19.356051,44.642485],[19.354384,44.641269],[19.35191,44.640904],[19.348423,44.641076],[19.347669,44.643275],[19.348357,44.645995],[19.347666,44.648307],[19.341544,44.646486],[19.338852,44.647402],[19.333236,44.648897],[19.330869,44.64707],[19.331155,44.645353],[19.331035,44.644214],[19.330473,44.642513],[19.325682,44.64216],[19.323228,44.640542],[19.321386,44.637962],[19.318827,44.635287],[19.316507,44.633759],[19.317534,44.632099],[19.317918,44.627469],[19.320683,44.627938],[19.321274,44.626078],[19.323751,44.625461],[19.326386,44.626287],[19.327058,44.624542],[19.329478,44.623856],[19.327039,44.622562],[19.330401,44.620689],[19.333086,44.621503],[19.337475,44.622007],[19.337981,44.619992],[19.341401,44.619665],[19.341461,44.617997],[19.343384,44.616474],[19.342292,44.614611],[19.342663,44.613633]]]}},{"type":"Feature","properties":{"name":"Пашњаци Велике дропље","name_lat":"Pasnjaci Velike droplje","type":"ZP","rajac":false,"pa_type":"ZP","pa_id":"pasnjaci-velike-droplje"},"geometry":{"type":"MultiPolygon","coordinates":[[[[20.327282,45.931998],[20.325272,45.933557],[20.324082,45.93393],[20.321888,45.934357],[20.318165,45.933329],[20.315678,45.932879],[20.311973,45.931522],[20.311256,45.931321],[20.308577,45.931302],[20.307561,45.931673],[20.306618,45.930961],[20.30574,45.930444],[20.302211,45.92967],[20.302249,45.929233],[20.298852,45.929],[20.296397,45.929219],[20.295239,45.929081],[20.29297,45.928297],[20.292159,45.92826],[20.291323,45.928004],[20.291704,45.9277],[20.292666,45.927733],[20.294718,45.928347],[20.296052,45.928637],[20.297098,45.928261],[20.295891,45.927492],[20.293613,45.926712],[20.293512,45.925798],[20.29261,45.92451],[20.29236,45.923902],[20.291582,45.923139],[20.290466,45.92298],[20.290043,45.920744],[20.289151,45.920135],[20.286758,45.919046],[20.281907,45.916832],[20.27702,45.914595],[20.275685,45.913982],[20.27388,45.913157],[20.272199,45.912388],[20.271066,45.911874],[20.269633,45.911219],[20.264407,45.908853],[20.261574,45.910802],[20.262312,45.909374],[20.261693,45.908253],[20.259907,45.907196],[20.257813,45.906566],[20.255706,45.906674],[20.253085,45.907494],[20.252394,45.907771],[20.252381,45.907902],[20.251841,45.908444],[20.251513,45.908736],[20.251038,45.909318],[20.250565,45.910008],[20.250003,45.911253],[20.249873,45.911611],[20.249792,45.911963],[20.249731,45.912305],[20.249743,45.912638],[20.249923,45.913137],[20.250135,45.913798],[20.250492,45.915099],[20.250516,45.915911],[20.249933,45.916204],[20.249524,45.91611],[20.249217,45.916195],[20.24862,45.915931],[20.247423,45.914707],[20.246424,45.913756],[20.245609,45.913434],[20.244603,45.913215],[20.243527,45.913475],[20.240801,45.913521],[20.240058,45.913503],[20.239807,45.913259],[20.239116,45.912478],[20.238968,45.912284],[20.238781,45.91184],[20.238843,45.911471],[20.239072,45.910866],[20.239412,45.909966],[20.239739,45.909043],[20.24015,45.907892],[20.240351,45.90732],[20.240397,45.907078],[20.240372,45.906848],[20.240187,45.905935],[20.240082,45.905216],[20.240328,45.903892],[20.240425,45.903587],[20.240667,45.903213],[20.240784,45.903105],[20.24116,45.903177],[20.241414,45.903123],[20.242825,45.90367],[20.244124,45.903797],[20.244375,45.903739],[20.244885,45.903639],[20.245842,45.903546],[20.246721,45.903561],[20.247516,45.903414],[20.248511,45.903223],[20.248396,45.902975],[20.248615,45.902447],[20.248895,45.901807],[20.249038,45.90148],[20.249121,45.901103],[20.249058,45.900579],[20.249154,45.900357],[20.249348,45.899899],[20.249438,45.899401],[20.249487,45.899205],[20.249707,45.898584],[20.249928,45.898132],[20.249979,45.897983],[20.250057,45.897909],[20.250051,45.898073],[20.250341,45.898153],[20.252018,45.898124],[20.253216,45.897975],[20.2553,45.897544],[20.25576,45.897095],[20.257502,45.895765],[20.260328,45.893688],[20.257188,45.89215],[20.25551,45.891774],[20.253862,45.891188],[20.252202,45.891308],[20.248519,45.891155],[20.247565,45.891396],[20.24677,45.891862],[20.246308,45.892418],[20.246632,45.892874],[20.246267,45.893291],[20.245436,45.894062],[20.245359,45.893935],[20.244827,45.892988],[20.244244,45.891961],[20.243647,45.890903],[20.243311,45.890302],[20.243024,45.889502],[20.242961,45.888669],[20.243247,45.887715],[20.243495,45.887373],[20.244235,45.886508],[20.244843,45.885387],[20.245551,45.881533],[20.246562,45.879586],[20.25015,45.878952],[20.251856,45.879476],[20.252065,45.879069],[20.251047,45.87656],[20.252059,45.874431],[20.252319,45.874042],[20.255139,45.873309],[20.258543,45.874074],[20.262036,45.874902],[20.266312,45.874127],[20.269777,45.872834],[20.272512,45.871634],[20.272806,45.871153],[20.275389,45.870469],[20.276496,45.870306],[20.277132,45.870263],[20.278795,45.870464],[20.281121,45.870909],[20.283456,45.870595],[20.283644,45.871081],[20.285279,45.871134],[20.285533,45.870783],[20.285216,45.870191],[20.284679,45.868691],[20.284864,45.868328],[20.284436,45.867352],[20.285133,45.867188],[20.284093,45.862435],[20.285138,45.862372],[20.289886,45.862999],[20.290623,45.863184],[20.292133,45.863987],[20.293659,45.864584],[20.294668,45.864794],[20.298067,45.865092],[20.299169,45.865505],[20.300287,45.866689],[20.302359,45.86829],[20.304988,45.870458],[20.3084,45.873151],[20.309865,45.87407],[20.314566,45.876269],[20.317225,45.877122],[20.321159,45.878483],[20.325364,45.879613],[20.325538,45.879979],[20.326415,45.882401],[20.326482,45.882538],[20.327306,45.884732],[20.32815,45.885825],[20.328983,45.886414],[20.33063,45.888709],[20.330252,45.889551],[20.331719,45.891018],[20.331481,45.89306],[20.332364,45.893745],[20.332225,45.894501],[20.331945,45.895164],[20.332322,45.895851],[20.333216,45.896475],[20.333919,45.896973],[20.334178,45.897423],[20.334533,45.897989],[20.335514,45.89854],[20.336655,45.898445],[20.337313,45.898613],[20.337526,45.898938],[20.338631,45.899993],[20.339152,45.90077],[20.34095,45.900704],[20.342162,45.900799],[20.345514,45.901844],[20.348864,45.902903],[20.35088,45.90541],[20.353194,45.907033],[20.353631,45.906785],[20.35603,45.907287],[20.355611,45.907559],[20.358763,45.908519],[20.358616,45.909544],[20.358588,45.909667],[20.364331,45.908419],[20.365171,45.908419],[20.368928,45.909557],[20.367221,45.916011],[20.366846,45.91758],[20.366661,45.920093],[20.365734,45.92286],[20.36433,45.927029],[20.363419,45.929709],[20.362394,45.932604],[20.361223,45.932936],[20.360725,45.933389],[20.359547,45.932937],[20.35715,45.932306],[20.356237,45.931646],[20.356258,45.931227],[20.356876,45.931108],[20.357496,45.930779],[20.356385,45.929627],[20.355359,45.928826],[20.35491,45.9281],[20.353237,45.927612],[20.352128,45.927237],[20.351326,45.927017],[20.350478,45.926574],[20.349459,45.925931],[20.34664,45.925168],[20.344846,45.924875],[20.344557,45.925559],[20.344271,45.925719],[20.340706,45.925037],[20.3376,45.923343],[20.335833,45.922622],[20.33386,45.922394],[20.331777,45.926163],[20.331032,45.926966],[20.331024,45.928087],[20.331628,45.928653],[20.331261,45.929472],[20.328371,45.931238],[20.32763,45.932054],[20.327282,45.931998]]],[[[20.343243,46.047178],[20.345913,46.047398],[20.344521,46.048357],[20.342439,46.049768],[20.338036,46.052758],[20.337739,46.052638],[20.334451,46.051526],[20.331918,46.050669],[20.329739,46.049932],[20.328184,46.049406],[20.324906,46.048279],[20.324763,46.04823],[20.324182,46.04803],[20.323504,46.047797],[20.323,46.047624],[20.318212,46.045991],[20.317718,46.045822],[20.31761,46.04577],[20.316414,46.046229],[20.315285,46.045425],[20.315124,46.045486],[20.315095,46.045434],[20.312636,46.043703],[20.312243,46.044108],[20.309637,46.043544],[20.30699,46.042971],[20.305194,46.041692],[20.302903,46.040061],[20.303181,46.039662],[20.302757,46.039064],[20.302453,46.037896],[20.303168,46.037052],[20.303256,46.036974],[20.304717,46.035285],[20.305129,46.035978],[20.305291,46.036339],[20.305363,46.037156],[20.306213,46.037022],[20.308248,46.037434],[20.308633,46.037425],[20.309604,46.037345],[20.310223,46.037292],[20.310649,46.03716],[20.310839,46.037243],[20.311907,46.036862],[20.316359,46.035273],[20.316368,46.035128],[20.315626,46.034804],[20.317659,46.032759],[20.31775,46.032408],[20.31788,46.032119],[20.31809,46.031653],[20.318058,46.031165],[20.3182,46.031226],[20.321487,46.031938],[20.32536,46.032799],[20.329611,46.033756],[20.333233,46.034585],[20.334613,46.0349],[20.335052,46.035094],[20.337673,46.038998],[20.339112,46.041133],[20.33935,46.041392],[20.339417,46.041493],[20.343243,46.047178]]],[[[20.18864,46.108126],[20.186598,46.108632],[20.186284,46.108708],[20.184826,46.10872],[20.180653,46.108564],[20.178462,46.108452],[20.175835,46.108322],[20.17544,46.108303],[20.175363,46.108299],[20.175037,46.108288],[20.171039,46.1081],[20.167499,46.107782],[20.165529,46.107699],[20.164601,46.107689],[20.162315,46.107662],[20.161147,46.107551],[20.160906,46.107532],[20.160131,46.107422],[20.159242,46.107231],[20.158306,46.107098],[20.155238,46.106756],[20.154345,46.106664],[20.154011,46.10669],[20.153916,46.106697],[20.15078,46.106943],[20.14265,46.107139],[20.142286,46.107146],[20.142827,46.106329],[20.146375,46.105494],[20.148855,46.104447],[20.150556,46.103092],[20.15143,46.102749],[20.15139,46.102657],[20.150323,46.101158],[20.148081,46.097865],[20.150895,46.096916],[20.152158,46.096456],[20.153398,46.096049],[20.154739,46.093207],[20.154653,46.091634],[20.154818,46.091579],[20.154811,46.09147],[20.154632,46.091505],[20.154795,46.084397],[20.153769,46.084431],[20.152845,46.084121],[20.15284,46.084119],[20.151138,46.084611],[20.15191,46.085907],[20.151878,46.087024],[20.150371,46.087476],[20.149639,46.086242],[20.149035,46.086413],[20.148361,46.085413],[20.145301,46.086297],[20.145277,46.086255],[20.145011,46.085796],[20.143606,46.083963],[20.143577,46.083923],[20.148279,46.082275],[20.149969,46.081685],[20.150853,46.081376],[20.15133,46.081209],[20.151515,46.081144],[20.151518,46.081148],[20.151679,46.081091],[20.160673,46.077931],[20.163039,46.076571],[20.170392,46.072389],[20.171265,46.071889],[20.17404,46.070302],[20.178059,46.067997],[20.182367,46.065532],[20.182547,46.065429],[20.194311,46.058735],[20.199003,46.061228],[20.199336,46.061396],[20.20239,46.06294],[20.204887,46.064245],[20.200868,46.066042],[20.200872,46.066256],[20.204335,46.069186],[20.207635,46.072019],[20.206266,46.072477],[20.206006,46.072616],[20.205929,46.072759],[20.205961,46.072808],[20.20876,46.077047],[20.210604,46.07976],[20.216792,46.079721],[20.223001,46.079659],[20.221446,46.081015],[20.221517,46.081098],[20.225038,46.085238],[20.224951,46.088306],[20.224919,46.089212],[20.224881,46.0903],[20.224801,46.092601],[20.223674,46.093787],[20.222668,46.094825],[20.220515,46.097047],[20.220613,46.097167],[20.221745,46.097531],[20.222872,46.099497],[20.216301,46.100969],[20.212608,46.101796],[20.208914,46.102623],[20.207645,46.102918],[20.203495,46.104079],[20.1956,46.106279],[20.195541,46.106298],[20.18864,46.108126]]]]}},{"type":"Feature","properties":{"name":"Озрен-Јадовник","name_lat":"Ozren-Jadovnik","type":"ZP","rajac":false,"pa_type":"ZP","pa_id":"ozren-jadovnik"},"geometry":{"type":"Polygon","coordinates":[[[19.727428,43.225724],[19.727442,43.225423],[19.727612,43.225037],[19.728497,43.224297],[19.732459,43.222346],[19.737794,43.224186],[19.741823,43.225407],[19.745918,43.225609],[19.75212,43.22194],[19.755106,43.221717],[19.755588,43.220887],[19.757534,43.219748],[19.760292,43.218838],[19.761249,43.218905],[19.761452,43.217816],[19.762051,43.215999],[19.764013,43.215188],[19.764837,43.213325],[19.763592,43.213318],[19.763815,43.211953],[19.765061,43.207206],[19.763644,43.202749],[19.763508,43.199774],[19.765647,43.198641],[19.766809,43.197898],[19.767217,43.196332],[19.769254,43.19577],[19.76952,43.194093],[19.76651,43.18965],[19.768647,43.188279],[19.770255,43.187108],[19.772962,43.185467],[19.775879,43.185418],[19.77879,43.186235],[19.780358,43.186959],[19.782745,43.187174],[19.784606,43.188219],[19.785533,43.189092],[19.787176,43.189121],[19.789144,43.18866],[19.791068,43.189901],[19.792453,43.18992],[19.794621,43.190041],[19.797104,43.189711],[19.798701,43.189949],[19.800495,43.189497],[19.802149,43.189366],[19.803287,43.189803],[19.804386,43.189052],[19.805733,43.188759],[19.806959,43.18905],[19.809321,43.188682],[19.81056,43.188921],[19.811901,43.188332],[19.813731,43.187856],[19.814935,43.187272],[19.816782,43.187349],[19.818077,43.187411],[19.818976,43.187646],[19.820644,43.188326],[19.821634,43.188925],[19.822751,43.188856],[19.823555,43.189424],[19.824528,43.189571],[19.82516,43.188869],[19.826459,43.188168],[19.827911,43.188052],[19.830413,43.187831],[19.831752,43.187461],[19.833032,43.187001],[19.834519,43.186259],[19.835943,43.18565],[19.837246,43.185544],[19.838418,43.185655],[19.839988,43.186336],[19.841987,43.186343],[19.843724,43.186974],[19.845493,43.186802],[19.846529,43.187236],[19.846697,43.188135],[19.845664,43.188748],[19.8465,43.189347],[19.847887,43.188895],[19.848478,43.189205],[19.849851,43.189762],[19.851217,43.190444],[19.851912,43.191533],[19.852564,43.192595],[19.854511,43.193512],[19.855177,43.194199],[19.856248,43.193752],[19.857316,43.193234],[19.858657,43.192393],[19.859546,43.191895],[19.863042,43.196979],[19.863099,43.210853],[19.846692,43.219177],[19.840934,43.232493],[19.842409,43.235014],[19.843583,43.237369],[19.844804,43.238404],[19.846726,43.238602],[19.849467,43.24034],[19.849314,43.241255],[19.849915,43.241909],[19.850873,43.242327],[19.85153,43.242705],[19.850899,43.247253],[19.850528,43.248448],[19.850003,43.249234],[19.848604,43.250972],[19.848893,43.253247],[19.8478,43.254531],[19.844864,43.254587],[19.842803,43.257612],[19.841135,43.259276],[19.839433,43.259228],[19.836886,43.258996],[19.838001,43.261394],[19.840642,43.261971],[19.838801,43.264421],[19.836755,43.266923],[19.835665,43.268212],[19.837713,43.269725],[19.838131,43.271502],[19.836775,43.272629],[19.83624,43.271014],[19.834232,43.271418],[19.831893,43.27041],[19.829589,43.272449],[19.829522,43.274704],[19.831797,43.275938],[19.832191,43.27719],[19.830826,43.277299],[19.82934,43.278161],[19.828496,43.27756],[19.824708,43.276825],[19.821417,43.278218],[19.81946,43.278948],[19.81847,43.280477],[19.815989,43.281326],[19.814106,43.282601],[19.811745,43.283691],[19.808917,43.284256],[19.806001,43.286543],[19.802685,43.287062],[19.801905,43.28778],[19.800046,43.289337],[19.798276,43.29026],[19.798412,43.292159],[19.797573,43.293575],[19.795686,43.295642],[19.793682,43.297732],[19.790369,43.299544],[19.786644,43.300795],[19.783221,43.298468],[19.780401,43.296571],[19.776813,43.294545],[19.77199,43.294711],[19.770233,43.294717],[19.763442,43.295025],[19.749717,43.288394],[19.744244,43.288209],[19.741491,43.288398],[19.737803,43.28796],[19.734681,43.289746],[19.731598,43.287049],[19.721561,43.280214],[19.718001,43.278853],[19.714495,43.277527],[19.711035,43.276748],[19.708445,43.272267],[19.708319,43.267848],[19.706907,43.263519],[19.708436,43.257941],[19.709302,43.256784],[19.709373,43.255504],[19.709315,43.254073],[19.709869,43.252922],[19.713561,43.252615],[19.71576,43.252038],[19.71821,43.251745],[19.720644,43.248852],[19.721398,43.246747],[19.721558,43.245164],[19.722317,43.244146],[19.722814,43.243022],[19.722393,43.242046],[19.72212,43.241109],[19.7241,43.240832],[19.724438,43.239743],[19.724049,43.238984],[19.723508,43.237214],[19.724144,43.235422],[19.723997,43.233921],[19.72682,43.231418],[19.728047,43.230424],[19.728317,43.229519],[19.727442,43.229518],[19.727523,43.22912],[19.726917,43.228888],[19.725877,43.228537],[19.725891,43.227987],[19.726482,43.227562],[19.726957,43.226568],[19.727428,43.225724]]]}},{"type":"Feature","properties":{"name":"Клисура реке Трешњице","name_lat":"Klisura reke Tresnjice","type":"ZP","rajac":false,"pa_type":"ZP","pa_id":"klisura-reke-tresnjice"},"geometry":{"type":"Polygon","coordinates":[[[19.516372,44.133265],[19.518089,44.132558],[19.519872,44.131993],[19.521238,44.132028],[19.521895,44.13259],[19.521391,44.133247],[19.522094,44.133906],[19.522906,44.134637],[19.523527,44.135146],[19.524337,44.135451],[19.524822,44.136573],[19.525678,44.137454],[19.526227,44.13798],[19.527713,44.138078],[19.528806,44.137776],[19.530226,44.138093],[19.531157,44.138948],[19.531991,44.139741],[19.533105,44.139606],[19.533992,44.139767],[19.534693,44.140022],[19.535728,44.140096],[19.536367,44.139938],[19.536658,44.139014],[19.537179,44.138652],[19.537352,44.137582],[19.537675,44.136883],[19.538497,44.136191],[19.539601,44.135458],[19.540819,44.135034],[19.542416,44.135098],[19.542623,44.134117],[19.543269,44.133651],[19.543965,44.134626],[19.545022,44.134815],[19.546261,44.135024],[19.547153,44.134473],[19.54854,44.134131],[19.550086,44.134282],[19.55095,44.133862],[19.552373,44.133547],[19.553589,44.13372],[19.554675,44.133743],[19.555932,44.133715],[19.557287,44.133697],[19.558745,44.133434],[19.559491,44.133847],[19.559564,44.134859],[19.559361,44.135717],[19.559597,44.13652],[19.560736,44.136868],[19.562011,44.137113],[19.563478,44.136991],[19.564671,44.136593],[19.565918,44.135993],[19.567657,44.135734],[19.568532,44.135876],[19.569905,44.136105],[19.571439,44.136273],[19.572728,44.136456],[19.574057,44.135989],[19.574925,44.136396],[19.575958,44.137094],[19.577428,44.137349],[19.578604,44.13768],[19.580143,44.137603],[19.581098,44.136964],[19.581631,44.13763],[19.582036,44.138558],[19.583412,44.138672],[19.584619,44.138713],[19.5851,44.13951],[19.584325,44.139772],[19.583255,44.140155],[19.584042,44.140902],[19.583841,44.141656],[19.582904,44.142558],[19.58134,44.142635],[19.580004,44.14239],[19.579206,44.143118],[19.578032,44.143192],[19.576606,44.14262],[19.575163,44.142233],[19.573468,44.142203],[19.571836,44.142587],[19.570022,44.142925],[19.568389,44.142825],[19.56668,44.14283],[19.56496,44.143318],[19.56285,44.143274],[19.562334,44.142433],[19.563271,44.141513],[19.563968,44.140441],[19.565406,44.139528],[19.564482,44.139384],[19.563303,44.140187],[19.562249,44.140402],[19.561113,44.140423],[19.560115,44.140323],[19.559086,44.139993],[19.558283,44.140396],[19.55688,44.140387],[19.556011,44.140983],[19.555437,44.14152],[19.554837,44.142092],[19.554852,44.142989],[19.554456,44.143718],[19.553261,44.144186],[19.552335,44.143638],[19.551494,44.144093],[19.550897,44.144543],[19.550023,44.145349],[19.549536,44.146283],[19.548312,44.14596],[19.54761,44.145713],[19.546786,44.146476],[19.545933,44.146909],[19.545632,44.147749],[19.54515,44.148507],[19.545202,44.149334],[19.544685,44.150039],[19.544202,44.150815],[19.544995,44.15133],[19.54471,44.152012],[19.544079,44.15283],[19.543717,44.153678],[19.542646,44.154051],[19.542287,44.15474],[19.541932,44.155782],[19.541408,44.15675],[19.54081,44.157727],[19.540136,44.158333],[19.538916,44.158283],[19.538345,44.157686],[19.537821,44.157179],[19.536438,44.156326],[19.53508,44.155465],[19.5339,44.154809],[19.533106,44.153867],[19.532958,44.152934],[19.532993,44.152007],[19.533143,44.150867],[19.532145,44.150766],[19.530993,44.151463],[19.530807,44.151101],[19.531472,44.150362],[19.531958,44.149455],[19.532272,44.148615],[19.531303,44.148805],[19.530822,44.14951],[19.530131,44.149783],[19.528633,44.15066],[19.527503,44.151427],[19.526216,44.152149],[19.524849,44.15265],[19.523369,44.152771],[19.521933,44.152137],[19.520795,44.151253],[19.519487,44.150383],[19.517524,44.150279],[19.51601,44.150312],[19.514436,44.15081],[19.512881,44.151493],[19.511594,44.152197],[19.510049,44.152967],[19.509675,44.152295],[19.510816,44.151589],[19.511971,44.150778],[19.513287,44.149899],[19.514872,44.148962],[19.516626,44.148141],[19.518334,44.147688],[19.52021,44.147809],[19.521478,44.148327],[19.522588,44.148376],[19.523088,44.147873],[19.524414,44.148066],[19.525085,44.147565],[19.525411,44.146725],[19.526258,44.146051],[19.527642,44.145832],[19.528287,44.145436],[19.529436,44.145354],[19.530238,44.145004],[19.530647,44.144227],[19.530151,44.143562],[19.530755,44.142858],[19.52988,44.142205],[19.52835,44.141904],[19.526815,44.142306],[19.525511,44.14272],[19.524043,44.142859],[19.522652,44.142692],[19.521524,44.142422],[19.520019,44.142104],[19.518944,44.142152],[19.517814,44.141961],[19.517912,44.141444],[19.516716,44.140959],[19.515208,44.140289],[19.514363,44.139408],[19.514191,44.138496],[19.514597,44.137368],[19.515216,44.136559],[19.515975,44.135971],[19.51664,44.136177],[19.516773,44.135256],[19.515633,44.134003],[19.516372,44.133265]]]}},{"type":"Feature","properties":{"name":"Пештерско поље","name_lat":"Pestersko polje","type":"ZP","rajac":false,"pa_type":"ZP","pa_id":"pestersko-polje"},"geometry":{"type":"Polygon","coordinates":[[[20.076789,43.072998],[20.075916,43.07403],[20.074866,43.074351],[20.072253,43.07601],[20.069707,43.075747],[20.067447,43.075581],[20.066295,43.074552],[20.068907,43.072119],[20.070864,43.071228],[20.069788,43.067943],[20.07295,43.066667],[20.075877,43.065366],[20.077213,43.065383],[20.080636,43.064763],[20.084624,43.06537],[20.084059,43.067507],[20.080963,43.068855],[20.079701,43.069598],[20.078827,43.069995],[20.078583,43.070271],[20.076234,43.070719],[20.07647,43.072277],[20.078946,43.073821],[20.079869,43.075114],[20.080527,43.075046],[20.082373,43.075319],[20.083024,43.075787],[20.086455,43.075163],[20.089461,43.075424],[20.089848,43.07472],[20.092469,43.073072],[20.095675,43.072907],[20.099368,43.072308],[20.101474,43.070749],[20.101673,43.068869],[20.104617,43.067642],[20.106767,43.066601],[20.108874,43.066183],[20.111283,43.065627],[20.112789,43.064651],[20.115493,43.064026],[20.11828,43.063135],[20.119871,43.062287],[20.120163,43.061244],[20.122088,43.059997],[20.124762,43.059693],[20.127438,43.058408],[20.130046,43.057895],[20.133136,43.057157],[20.132754,43.055232],[20.131698,43.053302],[20.132529,43.051926],[20.135085,43.051107],[20.137195,43.052577],[20.138854,43.052526],[20.14075,43.050772],[20.14125,43.048263],[20.140349,43.046805],[20.140085,43.046716],[20.139365,43.046483],[20.139093,43.046435],[20.13825,43.046491],[20.137661,43.04592],[20.137108,43.046029],[20.136349,43.045789],[20.135843,43.045587],[20.135528,43.045231],[20.134595,43.04535],[20.134148,43.044908],[20.133649,43.044854],[20.133142,43.044832],[20.132861,43.044616],[20.132294,43.044321],[20.131816,43.044495],[20.131215,43.044511],[20.132105,43.04401],[20.135692,43.042473],[20.137865,43.042408],[20.141104,43.042329],[20.145699,43.042824],[20.149472,43.041438],[20.152412,43.039066],[20.154953,43.035329],[20.160441,43.03185],[20.16031,43.029285],[20.170557,43.022206],[20.169188,43.019551],[20.167943,43.017098],[20.169676,43.015816],[20.175173,43.019538],[20.17206,43.021986],[20.172054,43.023264],[20.17277,43.02436],[20.170522,43.026579],[20.173399,43.027032],[20.176531,43.027042],[20.177038,43.025719],[20.179039,43.024617],[20.18471,43.024054],[20.184423,43.021789],[20.185802,43.024615],[20.183821,43.026173],[20.181355,43.026542],[20.178401,43.026717],[20.176416,43.027522],[20.173639,43.027563],[20.170629,43.028247],[20.1693,43.029576],[20.170468,43.030837],[20.169399,43.032926],[20.168032,43.035094],[20.166592,43.036839],[20.165582,43.038628],[20.162763,43.040457],[20.159378,43.039996],[20.158026,43.040689],[20.156658,43.041249],[20.156452,43.041429],[20.156482,43.041955],[20.156266,43.04249],[20.155764,43.042813],[20.156987,43.044149],[20.155862,43.04674],[20.155618,43.047031],[20.154642,43.047258],[20.154094,43.04757],[20.153956,43.048077],[20.151463,43.049855],[20.15028,43.051391],[20.152151,43.053711],[20.15382,43.057003],[20.15662,43.058174],[20.159763,43.059969],[20.15008,43.061237],[20.1484,43.059694],[20.146124,43.059964],[20.144289,43.060699],[20.14073,43.061533],[20.134592,43.064825],[20.132501,43.067894],[20.131422,43.070253],[20.131104,43.070887],[20.128932,43.075734],[20.142606,43.079991],[20.142261,43.082425],[20.141425,43.085096],[20.144834,43.08745],[20.145554,43.088173],[20.146615,43.088556],[20.148426,43.089045],[20.150652,43.090116],[20.146473,43.089522],[20.143242,43.088664],[20.138504,43.088211],[20.136044,43.089082],[20.13366,43.090516],[20.131725,43.091513],[20.129211,43.09291],[20.128571,43.094288],[20.128258,43.095622],[20.130081,43.095534],[20.134402,43.095965],[20.135691,43.097147],[20.139994,43.095225],[20.144093,43.09708],[20.151933,43.09927],[20.158215,43.100985],[20.159444,43.101348],[20.162154,43.101633],[20.166117,43.1009],[20.166254,43.104295],[20.165308,43.106298],[20.167352,43.109548],[20.167682,43.111915],[20.167405,43.11403],[20.164163,43.116163],[20.160634,43.117425],[20.155114,43.117913],[20.145867,43.119005],[20.138513,43.120154],[20.132033,43.123735],[20.124299,43.12467],[20.125287,43.122067],[20.124849,43.121627],[20.124143,43.122059],[20.123195,43.122125],[20.123895,43.121533],[20.123411,43.119783],[20.124513,43.117988],[20.123916,43.116896],[20.123318,43.113412],[20.121215,43.110598],[20.118884,43.108673],[20.114645,43.108759],[20.112628,43.111068],[20.105401,43.10586],[20.098399,43.099105],[20.093848,43.094489],[20.095993,43.093466],[20.098059,43.0926],[20.096818,43.091569],[20.098755,43.085841],[20.097103,43.084426],[20.095952,43.082748],[20.092672,43.083186],[20.086992,43.084197],[20.085621,43.086036],[20.078201,43.085016],[20.075356,43.081995],[20.08149,43.080162],[20.07937,43.076816],[20.077442,43.07408],[20.076789,43.072998]]]}},{"type":"Feature","properties":{"name":"Гоч-Гвоздац","name_lat":"Goc-Gvozdac","type":"ZP","rajac":false,"pa_type":"ZP","pa_id":"goc-gvozdac"},"geometry":{"type":"Polygon","coordinates":[[[20.707679,43.559741],[20.706018,43.560157],[20.704337,43.56089],[20.702042,43.560551],[20.699651,43.559735],[20.697626,43.559749],[20.695229,43.56046],[20.693742,43.56063],[20.69279,43.560182],[20.690663,43.560066],[20.688898,43.559848],[20.687026,43.559723],[20.685432,43.5594],[20.682721,43.5592],[20.681386,43.55881],[20.679343,43.558208],[20.677716,43.558708],[20.675943,43.558984],[20.675323,43.559999],[20.674829,43.560593],[20.673638,43.560907],[20.67259,43.561688],[20.671905,43.562271],[20.670566,43.56307],[20.668846,43.563922],[20.667341,43.564464],[20.667172,43.566169],[20.668527,43.567385],[20.670174,43.568281],[20.670909,43.569181],[20.673481,43.569465],[20.675199,43.570116],[20.6751,43.570703],[20.674464,43.571387],[20.673526,43.572299],[20.672362,43.57382],[20.671143,43.574581],[20.670611,43.574641],[20.670085,43.575258],[20.66949,43.575969],[20.667828,43.576404],[20.666359,43.576311],[20.6654,43.576163],[20.664534,43.576025],[20.663437,43.575441],[20.6625,43.574798],[20.661251,43.574041],[20.65996,43.573303],[20.658875,43.572587],[20.657783,43.572488],[20.656502,43.572894],[20.655238,43.573656],[20.654714,43.574296],[20.653767,43.574812],[20.652842,43.574723],[20.65195,43.574698],[20.650661,43.574641],[20.649108,43.574724],[20.648088,43.574924],[20.647235,43.575253],[20.646293,43.575315],[20.645268,43.574796],[20.644578,43.574347],[20.643853,43.573632],[20.643315,43.573126],[20.642505,43.572544],[20.641974,43.571831],[20.641487,43.571295],[20.641097,43.570536],[20.639883,43.57018],[20.638869,43.569822],[20.637759,43.569069],[20.637116,43.56847],[20.635959,43.568267],[20.635981,43.566501],[20.633387,43.565006],[20.635691,43.564266],[20.633372,43.562644],[20.632239,43.561422],[20.631729,43.563235],[20.630653,43.561216],[20.628842,43.560655],[20.627801,43.559483],[20.629056,43.558118],[20.629414,43.555991],[20.631548,43.553961],[20.635604,43.553001],[20.637427,43.552224],[20.639077,43.550349],[20.641281,43.547588],[20.643992,43.546578],[20.644419,43.545565],[20.647252,43.544804],[20.649339,43.544526],[20.651718,43.545674],[20.654788,43.546697],[20.656348,43.54542],[20.658238,43.544238],[20.659595,43.543249],[20.660854,43.541572],[20.662341,43.540179],[20.664161,43.538619],[20.665303,43.536578],[20.666413,43.534586],[20.669138,43.533683],[20.671517,43.53251],[20.673881,43.530937],[20.676953,43.5298],[20.679916,43.529267],[20.681397,43.528168],[20.682987,43.52824],[20.684483,43.528859],[20.686583,43.529874],[20.687763,43.530912],[20.688736,43.531862],[20.691068,43.533383],[20.694077,43.533488],[20.696944,43.533506],[20.699897,43.533742],[20.704019,43.534242],[20.707162,43.535169],[20.709799,43.536288],[20.70923,43.537648],[20.711321,43.538418],[20.712078,43.539903],[20.715074,43.540209],[20.718911,43.541078],[20.72054,43.540268],[20.722382,43.538411],[20.723769,43.537338],[20.727355,43.535488],[20.730378,43.534522],[20.734991,43.535273],[20.736109,43.534181],[20.738309,43.533803],[20.740684,43.533483],[20.743012,43.532972],[20.745199,43.532547],[20.747109,43.532961],[20.749712,43.533941],[20.751906,43.532979],[20.754335,43.531678],[20.756404,43.531578],[20.758454,43.53161],[20.760636,43.530427],[20.763887,43.529933],[20.76802,43.529535],[20.769723,43.52831],[20.774196,43.528063],[20.776344,43.528656],[20.779415,43.529854],[20.781674,43.531495],[20.784873,43.53329],[20.787017,43.535394],[20.787176,43.537097],[20.788913,43.538577],[20.787268,43.540189],[20.788326,43.541894],[20.789976,43.543483],[20.789626,43.545651],[20.790254,43.547224],[20.791081,43.548694],[20.791102,43.551018],[20.790652,43.552986],[20.790569,43.55458],[20.789849,43.555437],[20.788165,43.556448],[20.786442,43.557047],[20.784484,43.557536],[20.782169,43.557872],[20.781032,43.558534],[20.778892,43.558223],[20.776428,43.558667],[20.773987,43.55914],[20.773038,43.5598],[20.77146,43.560057],[20.768569,43.560298],[20.76567,43.559818],[20.763291,43.55936],[20.761512,43.560658],[20.760424,43.561826],[20.757845,43.562519],[20.754291,43.563109],[20.751238,43.562922],[20.749049,43.563522],[20.747239,43.563948],[20.745646,43.563205],[20.74495,43.561658],[20.742422,43.561858],[20.739721,43.561981],[20.737284,43.56113],[20.734842,43.561351],[20.732181,43.561466],[20.729947,43.561909],[20.728286,43.561925],[20.726607,43.562362],[20.724995,43.562908],[20.723581,43.56365],[20.722539,43.564346],[20.721489,43.565066],[20.720183,43.565799],[20.718935,43.565352],[20.716814,43.5642],[20.716137,43.563135],[20.715453,43.562205],[20.714332,43.560922],[20.712214,43.561482],[20.711072,43.561571],[20.709691,43.561242],[20.708372,43.559962],[20.707679,43.559741]]]}},{"type":"Feature","properties":{"name":"Тителски брег","name_lat":"Titelski breg","type":"ZP","rajac":false,"pa_type":"ZP","pa_id":"titelski-breg"},"geometry":{"type":"MultiPolygon","coordinates":[[[[20.128917,45.282634],[20.129448,45.283456],[20.13037,45.28397],[20.131833,45.283832],[20.131702,45.284633],[20.133385,45.285196],[20.135484,45.283894],[20.136019,45.28368],[20.134155,45.285641],[20.134501,45.285934],[20.13645,45.286943],[20.137245,45.2872],[20.13896,45.287708],[20.140606,45.286867],[20.140763,45.287008],[20.140558,45.287797],[20.140575,45.288263],[20.141385,45.288505],[20.142898,45.28895],[20.145878,45.290027],[20.147813,45.288669],[20.148117,45.288371],[20.148703,45.287982],[20.149035,45.28799],[20.147474,45.290132],[20.147427,45.290522],[20.149172,45.291054],[20.150287,45.290666],[20.151446,45.291721],[20.153597,45.291703],[20.153536,45.292204],[20.154258,45.292544],[20.155165,45.29278],[20.157848,45.29342],[20.159709,45.293996],[20.160826,45.292761],[20.162031,45.292128],[20.161821,45.292389],[20.16066,45.294518],[20.163134,45.295106],[20.165258,45.295565],[20.166031,45.29567],[20.167416,45.295665],[20.168156,45.295256],[20.168477,45.295646],[20.169139,45.295876],[20.170211,45.295944],[20.170646,45.295919],[20.171005,45.295542],[20.171565,45.295982],[20.171629,45.296396],[20.171455,45.296547],[20.170756,45.296476],[20.170009,45.296485],[20.169284,45.296484],[20.16859,45.296394],[20.167489,45.296401],[20.166164,45.296442],[20.165021,45.296197],[20.163162,45.29598],[20.162603,45.295709],[20.160651,45.295315],[20.159879,45.294771],[20.158251,45.294485],[20.157172,45.294002],[20.155562,45.293513],[20.153586,45.2929],[20.152826,45.29262],[20.151847,45.292444],[20.151423,45.292395],[20.150099,45.291846],[20.149197,45.291498],[20.148526,45.291444],[20.14716,45.290991],[20.146461,45.290762],[20.146197,45.290675],[20.145439,45.290475],[20.144288,45.29016],[20.143234,45.289849],[20.142708,45.289668],[20.142286,45.289509],[20.141531,45.289222],[20.141182,45.289101],[20.140782,45.289002],[20.13986,45.288656],[20.1394,45.288403],[20.139147,45.28832],[20.138685,45.288188],[20.13741,45.287824],[20.136762,45.287636],[20.136393,45.287531],[20.135988,45.287417],[20.135442,45.287192],[20.134654,45.286852],[20.134331,45.286688],[20.134212,45.28645],[20.133971,45.286272],[20.133539,45.285968],[20.132908,45.28576],[20.132515,45.285571],[20.130988,45.284867],[20.130493,45.284617],[20.13004,45.284386],[20.129577,45.284185],[20.128457,45.283313],[20.128203,45.282928],[20.127825,45.28168],[20.127692,45.280858],[20.1277,45.279342],[20.128148,45.27807],[20.128978,45.275116],[20.129206,45.273986],[20.1312,45.271415],[20.132744,45.268811],[20.135104,45.266327],[20.139026,45.263803],[20.143893,45.260741],[20.144757,45.261329],[20.145963,45.260407],[20.146513,45.260009],[20.146947,45.259705],[20.147552,45.259247],[20.148333,45.258551],[20.149107,45.257811],[20.149266,45.25751],[20.149673,45.257309],[20.14982,45.257008],[20.151335,45.255705],[20.152272,45.255224],[20.152886,45.25523],[20.15367,45.255769],[20.154007,45.256188],[20.154063,45.256524],[20.154181,45.257375],[20.154099,45.258104],[20.154213,45.25861],[20.154677,45.258818],[20.155465,45.258847],[20.156646,45.25904],[20.15515,45.259008],[20.154152,45.25899],[20.153982,45.259738],[20.153741,45.260433],[20.153522,45.260602],[20.153561,45.259826],[20.153673,45.25926],[20.15346,45.258271],[20.153346,45.256843],[20.152587,45.255757],[20.152381,45.255652],[20.151992,45.255926],[20.151582,45.256285],[20.151247,45.256613],[20.150589,45.256971],[20.150324,45.257287],[20.150972,45.257892],[20.149834,45.257938],[20.149591,45.258136],[20.148865,45.258876],[20.148607,45.259184],[20.148441,45.259664],[20.148545,45.260202],[20.148236,45.260203],[20.147453,45.260048],[20.146634,45.26062],[20.146232,45.261013],[20.145986,45.261485],[20.145367,45.261728],[20.145054,45.262214],[20.144887,45.262933],[20.14436,45.26229],[20.144143,45.261893],[20.143731,45.262021],[20.143203,45.262327],[20.142682,45.262721],[20.141916,45.263243],[20.141331,45.263644],[20.140645,45.264107],[20.140366,45.264141],[20.139261,45.264647],[20.139502,45.265184],[20.138776,45.265303],[20.138303,45.265308],[20.138036,45.265443],[20.137316,45.266012],[20.136495,45.266495],[20.135917,45.266958],[20.135285,45.267438],[20.134997,45.26776],[20.134378,45.268359],[20.13358,45.26949],[20.133891,45.269728],[20.133946,45.270151],[20.13358,45.27026],[20.132868,45.270833],[20.132129,45.271808],[20.131648,45.272489],[20.131423,45.273218],[20.131513,45.273621],[20.131931,45.273642],[20.131773,45.273896],[20.131475,45.274125],[20.130864,45.274564],[20.130312,45.274941],[20.130138,45.275136],[20.129733,45.275886],[20.129568,45.276302],[20.129237,45.277338],[20.12899,45.278558],[20.129428,45.279262],[20.128874,45.279802],[20.128654,45.280384],[20.128733,45.281177],[20.128709,45.281936],[20.128917,45.282634]]],[[[20.15711,45.251847],[20.156389,45.252104],[20.155749,45.252708],[20.155264,45.25315],[20.154741,45.253782],[20.15424,45.254149],[20.153704,45.254694],[20.153857,45.255233],[20.154495,45.255974],[20.154188,45.255983],[20.153534,45.255136],[20.153499,45.254234],[20.154045,45.253731],[20.154548,45.253248],[20.155118,45.252733],[20.156346,45.251161],[20.157101,45.250311],[20.158189,45.249473],[20.159388,45.249276],[20.160536,45.248531],[20.161977,45.249006],[20.162049,45.248761],[20.160999,45.248177],[20.160593,45.247707],[20.161409,45.247316],[20.162599,45.246442],[20.163318,45.245699],[20.164589,45.244469],[20.164713,45.244268],[20.165206,45.243873],[20.166383,45.243136],[20.166713,45.24227],[20.172708,45.237688],[20.173634,45.237239],[20.175228,45.236525],[20.177178,45.235499],[20.178468,45.235052],[20.18164,45.233972],[20.183031,45.233597],[20.186191,45.232934],[20.188678,45.232471],[20.190827,45.231773],[20.193965,45.230633],[20.195457,45.229927],[20.196686,45.229049],[20.202465,45.224969],[20.208625,45.222851],[20.210376,45.222301],[20.214155,45.221432],[20.218448,45.220498],[20.224393,45.219192],[20.229896,45.217833],[20.230495,45.217083],[20.231858,45.212315],[20.231223,45.211703],[20.228121,45.211296],[20.22953,45.210369],[20.233672,45.212619],[20.231742,45.217975],[20.233307,45.219374],[20.233392,45.221777],[20.232008,45.224664],[20.231983,45.223763],[20.232025,45.223012],[20.231927,45.222126],[20.231728,45.221497],[20.23183,45.220816],[20.23099,45.220061],[20.22972,45.220333],[20.228925,45.221823],[20.228566,45.221331],[20.227878,45.220403],[20.226167,45.221003],[20.225431,45.221175],[20.224963,45.221277],[20.224649,45.222129],[20.223784,45.221901],[20.223457,45.221903],[20.222947,45.222458],[20.222504,45.223146],[20.221009,45.222816],[20.220276,45.222967],[20.219771,45.223314],[20.219052,45.223316],[20.217702,45.223484],[20.217457,45.223451],[20.216574,45.223493],[20.216525,45.224589],[20.217537,45.225857],[20.217242,45.225823],[20.216319,45.225775],[20.215837,45.226474],[20.215122,45.227109],[20.213495,45.229541],[20.214769,45.229503],[20.214224,45.230305],[20.211258,45.230632],[20.211416,45.229751],[20.211685,45.229251],[20.212498,45.228027],[20.213301,45.226285],[20.213703,45.225445],[20.213245,45.223923],[20.212376,45.224008],[20.211571,45.224049],[20.210802,45.224216],[20.20946,45.224726],[20.208909,45.225289],[20.208019,45.225693],[20.207969,45.226265],[20.207057,45.226151],[20.206452,45.226461],[20.205643,45.226392],[20.205757,45.227536],[20.204591,45.227182],[20.203857,45.227366],[20.204694,45.228865],[20.203797,45.228763],[20.204492,45.230211],[20.204513,45.230838],[20.203437,45.229945],[20.202351,45.228564],[20.201732,45.229057],[20.201043,45.229186],[20.200961,45.229649],[20.20027,45.229751],[20.199092,45.22998],[20.19851,45.230128],[20.197697,45.230231],[20.197165,45.23045],[20.197847,45.232427],[20.197676,45.232836],[20.198037,45.233638],[20.198233,45.235383],[20.197286,45.233437],[20.196075,45.230711],[20.19561,45.230735],[20.193864,45.231684],[20.192989,45.231827],[20.192164,45.232201],[20.191462,45.232634],[20.190046,45.232822],[20.188756,45.233235],[20.187814,45.233507],[20.187203,45.233536],[20.186721,45.234056],[20.185932,45.233805],[20.185462,45.233999],[20.18513,45.234511],[20.184653,45.234604],[20.184098,45.23449],[20.183413,45.234852],[20.18584,45.237734],[20.186143,45.238078],[20.185779,45.23796],[20.183941,45.23684],[20.183122,45.236532],[20.182512,45.235693],[20.18077,45.2354],[20.179934,45.235655],[20.178971,45.235882],[20.179319,45.23653],[20.178696,45.236608],[20.177809,45.236429],[20.177596,45.236911],[20.177021,45.237297],[20.176297,45.237148],[20.175221,45.237609],[20.17467,45.238013],[20.174827,45.23868],[20.173711,45.238251],[20.172993,45.238615],[20.172285,45.238847],[20.171606,45.23931],[20.171288,45.239588],[20.171022,45.239942],[20.170405,45.240245],[20.169726,45.240772],[20.168692,45.241627],[20.168384,45.241868],[20.168475,45.242063],[20.169311,45.242515],[20.170941,45.242707],[20.172213,45.243564],[20.173119,45.243605],[20.172721,45.243781],[20.170892,45.243678],[20.168871,45.243613],[20.167196,45.243034],[20.166613,45.243698],[20.166235,45.243792],[20.168131,45.245438],[20.16686,45.245673],[20.165386,45.244597],[20.165136,45.244711],[20.163717,45.246053],[20.163288,45.246603],[20.162445,45.247326],[20.161979,45.24799],[20.162177,45.248343],[20.163301,45.248997],[20.16433,45.249534],[20.164848,45.249828],[20.165761,45.250772],[20.164409,45.250219],[20.163361,45.249861],[20.161182,45.249034],[20.160458,45.249039],[20.160286,45.24957],[20.160729,45.250391],[20.158892,45.250089],[20.157651,45.250946],[20.157005,45.251475],[20.157138,45.251772],[20.15711,45.251847]]],[[[20.182194,45.297825],[20.181016,45.297696],[20.180016,45.29752],[20.177321,45.297317],[20.178117,45.296853],[20.181141,45.296425],[20.18213,45.294676],[20.182763,45.293895],[20.18187,45.296193],[20.182696,45.297192],[20.185616,45.297298],[20.188202,45.295226],[20.188347,45.294118],[20.188662,45.292987],[20.189654,45.292091],[20.191241,45.290346],[20.191007,45.291072],[20.190274,45.292056],[20.189248,45.293001],[20.18907,45.295077],[20.188696,45.296959],[20.190409,45.296694],[20.192041,45.296975],[20.19366,45.297056],[20.195163,45.295775],[20.197003,45.295486],[20.198957,45.294054],[20.198993,45.294764],[20.200847,45.295588],[20.203768,45.295245],[20.205369,45.294693],[20.206421,45.294525],[20.207991,45.294023],[20.210582,45.293462],[20.21202,45.292394],[20.213495,45.292673],[20.214888,45.292149],[20.215187,45.291651],[20.217265,45.291215],[20.219588,45.290494],[20.219253,45.287758],[20.220845,45.290141],[20.22145,45.289892],[20.223743,45.289283],[20.226223,45.288112],[20.229402,45.286825],[20.230163,45.286036],[20.232207,45.28659],[20.233948,45.285894],[20.237106,45.284774],[20.237074,45.282692],[20.238782,45.284233],[20.24213,45.282379],[20.241123,45.279968],[20.242491,45.279579],[20.243739,45.281247],[20.244632,45.281817],[20.245559,45.280766],[20.247622,45.280728],[20.249369,45.278687],[20.250954,45.278519],[20.25206,45.277199],[20.251974,45.275242],[20.252952,45.275511],[20.252199,45.278516],[20.253962,45.27761],[20.258694,45.274185],[20.260926,45.272804],[20.264103,45.270865],[20.268228,45.268555],[20.266933,45.267094],[20.267026,45.26638],[20.268078,45.26746],[20.269215,45.268069],[20.271322,45.266582],[20.273412,45.264238],[20.272614,45.262885],[20.274306,45.264039],[20.276593,45.26216],[20.278262,45.26079],[20.278932,45.260008],[20.281067,45.25871],[20.282377,45.257306],[20.283123,45.25514],[20.282635,45.254298],[20.283722,45.254582],[20.284746,45.254044],[20.285816,45.253132],[20.286728,45.252268],[20.287284,45.25161],[20.288213,45.25017],[20.289641,45.249063],[20.290601,45.248351],[20.291799,45.247506],[20.292736,45.246368],[20.293951,45.24509],[20.292772,45.244463],[20.293354,45.244194],[20.29481,45.244076],[20.29597,45.24287],[20.296321,45.240792],[20.295265,45.239984],[20.297772,45.239971],[20.299163,45.23858],[20.299388,45.23746],[20.300385,45.23667],[20.300382,45.23598],[20.301079,45.23541],[20.301559,45.234349],[20.30147,45.233287],[20.302005,45.23249],[20.301455,45.232009],[20.301996,45.231231],[20.301406,45.229902],[20.301296,45.229386],[20.302543,45.22867],[20.302915,45.227371],[20.302568,45.226556],[20.301745,45.225613],[20.303154,45.224717],[20.303302,45.224016],[20.30356,45.22352],[20.304192,45.222511],[20.306271,45.222448],[20.306793,45.221463],[20.305475,45.221072],[20.30647,45.220765],[20.30743,45.220431],[20.307388,45.219889],[20.307463,45.219269],[20.307841,45.218679],[20.30796,45.218051],[20.308218,45.217623],[20.308208,45.216746],[20.308237,45.215953],[20.307553,45.215292],[20.308404,45.214552],[20.308908,45.214344],[20.309115,45.213554],[20.309273,45.213116],[20.309343,45.212662],[20.309468,45.212063],[20.309176,45.211294],[20.308221,45.210236],[20.30914,45.210532],[20.309644,45.210368],[20.310187,45.209414],[20.309045,45.208224],[20.308466,45.207388],[20.307425,45.207244],[20.307653,45.207108],[20.307847,45.206967],[20.308087,45.206644],[20.308115,45.205947],[20.308506,45.205466],[20.308868,45.205835],[20.309277,45.206263],[20.31002,45.205796],[20.310464,45.206101],[20.310725,45.206626],[20.310923,45.207097],[20.310953,45.207424],[20.310962,45.207738],[20.310973,45.208384],[20.310884,45.20909],[20.310381,45.210621],[20.311042,45.211214],[20.310502,45.213198],[20.309793,45.215741],[20.308778,45.218915],[20.307759,45.221353],[20.306455,45.224212],[20.306007,45.227615],[20.305734,45.230678],[20.303242,45.234398],[20.301187,45.237409],[20.298344,45.241448],[20.296272,45.243625],[20.293633,45.2466],[20.291239,45.250062],[20.289487,45.253494],[20.287404,45.256461],[20.283963,45.25964],[20.280059,45.262207],[20.27679,45.265069],[20.272526,45.267849],[20.268528,45.27028],[20.264413,45.272608],[20.261543,45.274463],[20.259796,45.275497],[20.251969,45.279971],[20.242578,45.283297],[20.240131,45.284408],[20.237777,45.285156],[20.233898,45.286605],[20.229339,45.287861],[20.225419,45.288959],[20.22273,45.290424],[20.219607,45.291483],[20.215974,45.292631],[20.200208,45.296363],[20.193753,45.297813],[20.190191,45.297513],[20.188795,45.2975],[20.187437,45.297713],[20.186621,45.2978],[20.184749,45.297841],[20.183176,45.297863],[20.182194,45.297825]]]]}},{"type":"Feature","properties":{"name":"Ритови Доњег Потисја","name_lat":"Ritovi Donjeg Potisja","type":"ZP","rajac":false,"pa_type":"ZP","pa_id":"ritovi-donjeg-potisja"},"geometry":{"type":"MultiPolygon","coordinates":[[[[20.223107,45.411752],[20.223213,45.411912],[20.223785,45.412927],[20.224614,45.414455],[20.22544,45.41633],[20.224801,45.416296],[20.224333,45.415593],[20.223849,45.414882],[20.223414,45.414186],[20.222657,45.413007],[20.222446,45.412702],[20.222073,45.412187],[20.22164,45.411669],[20.223107,45.411752]]],[[[20.225305,45.399725],[20.226135,45.400352],[20.226648,45.400731],[20.226985,45.400992],[20.228061,45.401797],[20.228906,45.40243],[20.229173,45.402639],[20.229781,45.403095],[20.230263,45.403454],[20.230753,45.403819],[20.231533,45.404404],[20.232117,45.404844],[20.233154,45.405631],[20.234012,45.406151],[20.234882,45.40682],[20.235182,45.407041],[20.236113,45.407733],[20.236718,45.408177],[20.237023,45.408402],[20.237761,45.408957],[20.238344,45.409399],[20.239078,45.409964],[20.239205,45.410135],[20.23926,45.410248],[20.239432,45.410746],[20.239696,45.411472],[20.239836,45.411879],[20.240111,45.412648],[20.240271,45.413087],[20.240554,45.413934],[20.24071,45.414409],[20.240759,45.414607],[20.240741,45.414788],[20.240331,45.415309],[20.239873,45.415831],[20.239543,45.416196],[20.23863,45.417221],[20.238238,45.417666],[20.237532,45.418455],[20.237216,45.418811],[20.236251,45.419876],[20.23546,45.420772],[20.234476,45.421853],[20.233833,45.422583],[20.233311,45.423176],[20.232863,45.423071],[20.232411,45.422965],[20.232092,45.422849],[20.231897,45.4225],[20.231585,45.421932],[20.230737,45.420409],[20.230446,45.419917],[20.229745,45.418671],[20.229533,45.418312],[20.22923,45.417789],[20.228675,45.41681],[20.228252,45.41606],[20.227818,45.415301],[20.227439,45.414641],[20.22699,45.413856],[20.226554,45.413098],[20.226092,45.412282],[20.22561,45.411431],[20.225071,45.410383],[20.224851,45.410215],[20.224645,45.408672],[20.223919,45.408422],[20.224488,45.407907],[20.224511,45.405819],[20.223693,45.405332],[20.222494,45.404641],[20.222059,45.404433],[20.22104,45.403926],[20.220637,45.403739],[20.220227,45.403596],[20.2191,45.403181],[20.218032,45.402801],[20.216225,45.402148],[20.216152,45.401933],[20.216046,45.401641],[20.215956,45.40139],[20.21586,45.401056],[20.214513,45.399446],[20.214883,45.399586],[20.214473,45.398987],[20.214087,45.398393],[20.213658,45.397896],[20.213339,45.397519],[20.213212,45.397373],[20.214028,45.397013],[20.21459,45.396782],[20.215143,45.396535],[20.215368,45.396429],[20.215821,45.396232],[20.216408,45.39598],[20.217519,45.395501],[20.217853,45.395351],[20.218309,45.39515],[20.218518,45.39511],[20.218887,45.395046],[20.219008,45.394984],[20.219191,45.395114],[20.219728,45.39552],[20.220073,45.395773],[20.220563,45.396138],[20.221187,45.396603],[20.22188,45.397131],[20.222245,45.397412],[20.22255,45.397642],[20.223275,45.398191],[20.223888,45.398654],[20.224775,45.399323],[20.225305,45.399725]]],[[[20.126242,45.505522],[20.12463,45.506707],[20.123536,45.507557],[20.121698,45.50902],[20.120094,45.5105],[20.119308,45.511092],[20.117483,45.512371],[20.115951,45.51369],[20.114438,45.514644],[20.113174,45.515683],[20.111038,45.514647],[20.111805,45.513815],[20.113453,45.512501],[20.115642,45.510543],[20.117965,45.507722],[20.119184,45.506238],[20.120163,45.505252],[20.122484,45.502906],[20.124171,45.501017],[20.125915,45.498498],[20.127471,45.495643],[20.128274,45.494076],[20.12984,45.491215],[20.13096,45.490232],[20.132068,45.489593],[20.134438,45.488415],[20.135897,45.488016],[20.139329,45.487603],[20.14261,45.487281],[20.144502,45.48653],[20.146764,45.484572],[20.148918,45.482973],[20.149976,45.482264],[20.15224,45.480839],[20.153479,45.480093],[20.156788,45.478093],[20.160707,45.47572],[20.162628,45.474548],[20.165818,45.47256],[20.166879,45.470851],[20.166536,45.469325],[20.163629,45.466435],[20.163016,45.464222],[20.163271,45.462755],[20.164617,45.460323],[20.167145,45.459449],[20.16974,45.459306],[20.175269,45.459187],[20.180468,45.459479],[20.182203,45.45881],[20.183173,45.457977],[20.18491,45.456127],[20.185264,45.455856],[20.186012,45.455174],[20.186879,45.455213],[20.187631,45.454648],[20.189206,45.453841],[20.189858,45.452837],[20.189309,45.451163],[20.188727,45.449786],[20.188153,45.448763],[20.187721,45.447608],[20.187345,45.447013],[20.186998,45.446473],[20.185966,45.445367],[20.185147,45.444757],[20.183311,45.443792],[20.181604,45.44356],[20.179393,45.444262],[20.17618,45.445678],[20.173315,45.446376],[20.171794,45.446388],[20.170155,45.445993],[20.168778,45.44478],[20.168494,45.445065],[20.168243,45.445723],[20.166924,45.445909],[20.167213,45.445624],[20.167608,45.444679],[20.168093,45.444831],[20.168479,45.444933],[20.168469,45.443714],[20.169086,45.442085],[20.170407,45.440836],[20.171556,45.440117],[20.172666,45.439493],[20.174579,45.438915],[20.175428,45.438759],[20.176095,45.438476],[20.176976,45.438379],[20.177868,45.43827],[20.179431,45.438315],[20.180974,45.43846],[20.182461,45.438695],[20.183542,45.438301],[20.184074,45.438126],[20.184578,45.437905],[20.185459,45.437576],[20.186785,45.438338],[20.187327,45.439224],[20.189584,45.439983],[20.193896,45.441409],[20.197082,45.442414],[20.199616,45.443023],[20.202824,45.443788],[20.20512,45.444035],[20.207794,45.443802],[20.209508,45.44273],[20.210178,45.442494],[20.212474,45.44174],[20.214241,45.440562],[20.215399,45.439143],[20.217022,45.436393],[20.218209,45.434405],[20.219931,45.431557],[20.21997,45.430427],[20.219787,45.429239],[20.219641,45.428029],[20.219291,45.425699],[20.218744,45.422947],[20.218287,45.420798],[20.217726,45.418818],[20.216688,45.416489],[20.215487,45.414621],[20.214354,45.411835],[20.213634,45.409444],[20.212995,45.407281],[20.21213,45.404556],[20.211997,45.403463],[20.211765,45.402924],[20.210606,45.402267],[20.210863,45.401266],[20.210075,45.400859],[20.208752,45.399835],[20.208033,45.399603],[20.207402,45.399347],[20.206928,45.399125],[20.206523,45.398544],[20.206277,45.397435],[20.20588,45.39701],[20.205742,45.396743],[20.204564,45.395407],[20.204152,45.395185],[20.203549,45.395102],[20.201716,45.395448],[20.199568,45.395736],[20.198133,45.395792],[20.196681,45.395325],[20.19606,45.395001],[20.19592,45.394891],[20.195819,45.394405],[20.194512,45.393268],[20.193578,45.392456],[20.192493,45.391507],[20.192656,45.391123],[20.192123,45.390828],[20.193079,45.390201],[20.195189,45.389276],[20.197719,45.388717],[20.200847,45.388353],[20.201028,45.388855],[20.20157,45.389849],[20.203251,45.392097],[20.204423,45.393494],[20.205763,45.394383],[20.205524,45.394882],[20.20635,45.395572],[20.207426,45.39515],[20.209841,45.39707],[20.210734,45.398126],[20.211109,45.39859],[20.212013,45.399974],[20.212508,45.400678],[20.213212,45.401737],[20.213478,45.402461],[20.213444,45.402906],[20.214037,45.405211],[20.214926,45.406654],[20.216688,45.408865],[20.218583,45.410967],[20.220429,45.413157],[20.222071,45.416011],[20.223278,45.418868],[20.22393,45.421831],[20.224146,45.424613],[20.224122,45.426893],[20.223843,45.429743],[20.223289,45.431682],[20.22265,45.433645],[20.221967,45.435736],[20.22086,45.438499],[20.219549,45.440591],[20.217301,45.442907],[20.216745,45.44364],[20.215849,45.44416],[20.213695,45.444977],[20.213153,45.445029],[20.211508,45.44571],[20.20925,45.446878],[20.207645,45.4477],[20.2057,45.448859],[20.204457,45.449446],[20.202443,45.450331],[20.2001,45.451758],[20.19717,45.45332],[20.194476,45.454872],[20.192738,45.45578],[20.189556,45.456872],[20.186174,45.458105],[20.183325,45.459564],[20.181302,45.460644],[20.178645,45.462658],[20.1763,45.464379],[20.174163,45.46646],[20.172834,45.46806],[20.171205,45.469927],[20.169726,45.471341],[20.168898,45.471939],[20.167033,45.473658],[20.165132,45.474854],[20.160499,45.477872],[20.158307,45.479627],[20.155497,45.481383],[20.153566,45.482422],[20.15073,45.484998],[20.149418,45.486521],[20.14742,45.488854],[20.145801,45.490766],[20.143925,45.492675],[20.141194,45.495368],[20.138516,45.497721],[20.134882,45.500211],[20.130094,45.502843],[20.1285,45.504015],[20.127432,45.504833],[20.126242,45.505522]]],[[[20.184948,45.443761],[20.18384,45.44333],[20.183234,45.443154],[20.182641,45.443001],[20.181782,45.442908],[20.181181,45.442928],[20.180939,45.442951],[20.18031,45.443076],[20.179833,45.443214],[20.179031,45.443501],[20.178436,45.443619],[20.177909,45.443813],[20.177231,45.444126],[20.17604,45.444674],[20.175246,45.444778],[20.174125,45.444991],[20.173516,45.445126],[20.172835,45.445216],[20.17219,45.445301],[20.172,45.445326],[20.17142,45.445312],[20.170546,45.445212],[20.170263,45.444922],[20.169796,45.444462],[20.169681,45.4442],[20.169685,45.444111],[20.169692,45.444016],[20.169699,45.443879],[20.169694,45.443831],[20.169707,45.44373],[20.169721,45.443301],[20.169725,45.443251],[20.169758,45.443195],[20.16985,45.442988],[20.169962,45.442741],[20.170018,45.44261],[20.170038,45.442576],[20.170101,45.442485],[20.170253,45.442279],[20.170289,45.442225],[20.170377,45.442097],[20.170449,45.441998],[20.170479,45.441958],[20.170575,45.441908],[20.17073,45.441817],[20.170905,45.441708],[20.171064,45.441614],[20.171054,45.44153],[20.171049,45.441496],[20.171161,45.441394],[20.171304,45.441271],[20.171452,45.441143],[20.17157,45.441042],[20.171603,45.440997],[20.171775,45.440888],[20.171939,45.440788],[20.172103,45.440685],[20.172272,45.440579],[20.172425,45.440478],[20.172504,45.440432],[20.172621,45.440384],[20.172877,45.440256],[20.172973,45.440207],[20.173014,45.440185],[20.173153,45.440121],[20.17334,45.440046],[20.173523,45.439969],[20.173738,45.439891],[20.17382,45.439862],[20.173931,45.439813],[20.174048,45.439782],[20.174157,45.439752],[20.174458,45.439665],[20.174567,45.439637],[20.174776,45.439576],[20.175004,45.439513],[20.175243,45.439451],[20.175509,45.439417],[20.175753,45.439381],[20.176046,45.439335],[20.176171,45.439319],[20.176328,45.439301],[20.176526,45.439268],[20.176648,45.439244],[20.176958,45.439172],[20.177283,45.439104],[20.177422,45.439077],[20.177608,45.43907],[20.17799,45.439058],[20.178921,45.439032],[20.179227,45.439025],[20.179389,45.439041],[20.180575,45.439183],[20.180811,45.439231],[20.181999,45.439445],[20.182069,45.439459],[20.182485,45.439571],[20.182994,45.43971],[20.183315,45.439805],[20.183638,45.439901],[20.184694,45.44021],[20.186135,45.440637],[20.186195,45.440659],[20.186588,45.440781],[20.186827,45.440858],[20.1875,45.441078],[20.187791,45.441171],[20.188203,45.441311],[20.188897,45.441558],[20.189917,45.441942],[20.189978,45.442017],[20.190026,45.442061],[20.190578,45.442246],[20.191195,45.442449],[20.191451,45.442529],[20.19168,45.442608],[20.192043,45.442754],[20.193218,45.443204],[20.193686,45.443386],[20.193745,45.443409],[20.193999,45.443487],[20.194521,45.443659],[20.195358,45.443935],[20.195873,45.444097],[20.197508,45.444773],[20.197551,45.4448],[20.197583,45.44481],[20.19876,45.445205],[20.199724,45.445524],[20.199875,45.445558],[20.199937,45.445572],[20.200077,45.445597],[20.200525,45.445882],[20.200627,45.445934],[20.200884,45.445938],[20.201703,45.446171],[20.202049,45.446298],[20.201395,45.446645],[20.200427,45.447177],[20.2001,45.44736],[20.199473,45.447711],[20.198499,45.448236],[20.198173,45.448408],[20.197869,45.448582],[20.196918,45.449089],[20.195952,45.449621],[20.195004,45.450136],[20.194395,45.450455],[20.193421,45.450943],[20.1927,45.451317],[20.191391,45.451965],[20.190814,45.452264],[20.190678,45.452326],[20.190389,45.451521],[20.190204,45.450986],[20.190082,45.450833],[20.189893,45.450417],[20.18975,45.450045],[20.18946,45.449299],[20.189309,45.448904],[20.189165,45.448529],[20.189155,45.448491],[20.189085,45.448306],[20.18892,45.447888],[20.188711,45.447382],[20.1888,45.447362],[20.188526,45.446926],[20.188253,45.446497],[20.187835,45.446032],[20.187339,45.44549],[20.186507,45.444714],[20.18618,45.444471],[20.185773,45.444191],[20.185607,45.444087],[20.184948,45.443761]]],[[[20.201398,45.387921],[20.20094,45.388032],[20.200906,45.387931],[20.200605,45.387836],[20.199943,45.387759],[20.199459,45.387532],[20.199351,45.386538],[20.199334,45.385562],[20.199527,45.384092],[20.200493,45.381471],[20.201209,45.379848],[20.202672,45.376519],[20.20307,45.375536],[20.204311,45.372544],[20.204996,45.370974],[20.206224,45.368201],[20.208007,45.365636],[20.209493,45.364607],[20.212267,45.363176],[20.213932,45.362402],[20.216531,45.361176],[20.218823,45.360071],[20.222076,45.358516],[20.223671,45.357565],[20.224858,45.356515],[20.222251,45.355151],[20.217652,45.352792],[20.216317,45.352026],[20.213054,45.349286],[20.212827,45.34902],[20.211997,45.349325],[20.21138,45.349599],[20.210769,45.349517],[20.210572,45.348354],[20.211844,45.347544],[20.20985,45.345523],[20.209225,45.344654],[20.208833,45.343975],[20.208351,45.343033],[20.207969,45.342078],[20.207821,45.341551],[20.207739,45.341162],[20.207586,45.340293],[20.207506,45.339711],[20.207489,45.339209],[20.207504,45.33868],[20.207602,45.338143],[20.20769,45.337894],[20.208162,45.336747],[20.208538,45.336171],[20.208983,45.335488],[20.209491,45.33488],[20.210244,45.334076],[20.210878,45.333537],[20.211379,45.333192],[20.21208,45.332775],[20.213315,45.332163],[20.214162,45.331933],[20.215576,45.331684],[20.217979,45.331306],[20.218777,45.331226],[20.219974,45.331172],[20.220724,45.331187],[20.222897,45.331364],[20.224416,45.331491],[20.226031,45.331831],[20.227251,45.332189],[20.228635,45.332792],[20.230016,45.333464],[20.231618,45.334308],[20.233402,45.335599],[20.233801,45.335933],[20.234237,45.336421],[20.234506,45.336978],[20.234805,45.338104],[20.235413,45.33997],[20.23568,45.340841],[20.236108,45.341615],[20.237305,45.342264],[20.238435,45.342706],[20.239474,45.343032],[20.240588,45.343222],[20.241587,45.343289],[20.242787,45.343371],[20.243938,45.343308],[20.244602,45.3431],[20.245649,45.342719],[20.24661,45.342171],[20.246198,45.34169],[20.247603,45.340773],[20.248109,45.340376],[20.248912,45.339387],[20.249547,45.33784],[20.249525,45.336311],[20.249707,45.334015],[20.249866,45.332183],[20.249926,45.332107],[20.249993,45.331862],[20.25005,45.330649],[20.249284,45.329344],[20.24861,45.327927],[20.248472,45.327775],[20.24817,45.326633],[20.24783,45.325529],[20.247748,45.32531],[20.246976,45.32306],[20.245753,45.320622],[20.245451,45.320025],[20.244191,45.317805],[20.243829,45.31733],[20.242366,45.31588],[20.241662,45.315517],[20.241197,45.315525],[20.237829,45.314608],[20.234937,45.313669],[20.232987,45.312988],[20.232155,45.312616],[20.231245,45.311877],[20.229248,45.310774],[20.22792,45.30916],[20.227298,45.308359],[20.226258,45.306522],[20.226149,45.306445],[20.224712,45.303736],[20.224226,45.302356],[20.224054,45.301291],[20.224155,45.299641],[20.224506,45.298429],[20.225225,45.296631],[20.226907,45.295385],[20.228037,45.295054],[20.23033,45.293724],[20.231497,45.292711],[20.232838,45.291222],[20.233682,45.289974],[20.234585,45.289933],[20.235159,45.289078],[20.236163,45.287535],[20.236435,45.287101],[20.236497,45.288471],[20.23531,45.290482],[20.2348,45.292393],[20.234953,45.293903],[20.235372,45.296568],[20.235346,45.298864],[20.235685,45.300921],[20.236613,45.30308],[20.23722,45.304097],[20.237888,45.305312],[20.239201,45.307216],[20.241145,45.309595],[20.243756,45.312424],[20.24421,45.313011],[20.245644,45.314925],[20.246576,45.316438],[20.247427,45.318685],[20.248076,45.320963],[20.248559,45.323079],[20.24886,45.32443],[20.249511,45.326186],[20.250814,45.328119],[20.252627,45.32927],[20.255526,45.329872],[20.258773,45.330388],[20.261414,45.330712],[20.263836,45.330767],[20.265382,45.330767],[20.266288,45.331175],[20.266957,45.332295],[20.267434,45.33345],[20.267406,45.33428],[20.267233,45.335024],[20.266439,45.336668],[20.265972,45.337369],[20.264796,45.338778],[20.264182,45.339383],[20.263289,45.340163],[20.262,45.341391],[20.261626,45.34179],[20.259191,45.343092],[20.257553,45.343653],[20.25523,45.344448],[20.253564,45.345166],[20.251275,45.346403],[20.248005,45.348261],[20.246812,45.349075],[20.245373,45.34988],[20.244712,45.350356],[20.243402,45.351235],[20.24187,45.352365],[20.240662,45.353226],[20.239881,45.353835],[20.239011,45.354421],[20.237602,45.355425],[20.236613,45.356022],[20.234856,45.356869],[20.233991,45.357179],[20.23215,45.357812],[20.230212,45.358376],[20.228242,45.358867],[20.227396,45.359052],[20.22516,45.359635],[20.223994,45.360043],[20.221778,45.360862],[20.219935,45.361412],[20.21839,45.361886],[20.216681,45.362503],[20.215075,45.36328],[20.211618,45.365047],[20.210828,45.365675],[20.210213,45.366291],[20.209235,45.368051],[20.208863,45.368784],[20.208574,45.369536],[20.208159,45.37073],[20.207658,45.371989],[20.207357,45.372789],[20.206413,45.374215],[20.205352,45.375403],[20.203973,45.377194],[20.203043,45.379153],[20.202186,45.380922],[20.201224,45.382619],[20.200998,45.383491],[20.200801,45.384837],[20.200949,45.385816],[20.201127,45.386992],[20.201274,45.387355],[20.201398,45.387921]]],[[[20.226127,45.352533],[20.22522,45.352176],[20.225075,45.352312],[20.223101,45.351453],[20.221389,45.350702],[20.220145,45.350021],[20.220065,45.349987],[20.219846,45.349926],[20.219532,45.350088],[20.217629,45.34881],[20.215801,45.347607],[20.215676,45.347188],[20.21457,45.346294],[20.213944,45.345734],[20.212449,45.34442],[20.212254,45.344223],[20.212183,45.344121],[20.21215,45.344097],[20.212223,45.344005],[20.212161,45.343927],[20.211306,45.342598],[20.210879,45.341729],[20.210547,45.340684],[20.210267,45.339271],[20.210255,45.338341],[20.210273,45.338207],[20.210305,45.338032],[20.21031,45.337969],[20.210519,45.33692],[20.210751,45.336324],[20.211169,45.335715],[20.21155,45.33531],[20.211763,45.335156],[20.214024,45.333972],[20.214088,45.333943],[20.215906,45.33339],[20.217217,45.333134],[20.218776,45.333005],[20.218962,45.333006],[20.221823,45.333118],[20.223571,45.333336],[20.224459,45.333553],[20.225426,45.333804],[20.225579,45.333843],[20.226193,45.334032],[20.227227,45.334346],[20.227298,45.334373],[20.22752,45.334491],[20.227969,45.334717],[20.228446,45.334961],[20.228677,45.33507],[20.228869,45.335205],[20.229197,45.335427],[20.229674,45.335749],[20.229829,45.33586],[20.229912,45.335938],[20.230266,45.336262],[20.230458,45.336438],[20.230742,45.33669],[20.230792,45.336738],[20.230941,45.33695],[20.231056,45.337135],[20.231387,45.337617],[20.231491,45.33776],[20.231572,45.338025],[20.231754,45.338626],[20.231743,45.33879],[20.231693,45.33934],[20.231683,45.339816],[20.231945,45.340548],[20.232242,45.341339],[20.232515,45.342075],[20.232654,45.342463],[20.232457,45.342667],[20.232615,45.34298],[20.232788,45.342935],[20.233016,45.343329],[20.233159,45.343569],[20.233188,45.344054],[20.233647,45.344582],[20.23534,45.346149],[20.23639,45.34681],[20.23877,45.347993],[20.238219,45.348328],[20.237197,45.34898],[20.236358,45.349507],[20.235696,45.349923],[20.23513,45.350279],[20.233799,45.351119],[20.233045,45.351599],[20.232726,45.35177],[20.230159,45.353372],[20.229359,45.353867],[20.228805,45.353634],[20.227622,45.353138],[20.226127,45.352533]]],[[[20.221755,45.391778],[20.222128,45.393162],[20.220511,45.393804],[20.218935,45.394448],[20.218255,45.394733],[20.216312,45.394075],[20.214111,45.393331],[20.211916,45.392533],[20.209802,45.39207],[20.209593,45.391024],[20.209832,45.38904],[20.210196,45.386505],[20.210564,45.384387],[20.210857,45.383324],[20.211671,45.381006],[20.206931,45.38033],[20.204689,45.38019],[20.205448,45.378732],[20.207005,45.376811],[20.209303,45.374683],[20.210465,45.37273],[20.21123,45.371186],[20.211576,45.370168],[20.211947,45.369363],[20.212506,45.368315],[20.212799,45.367643],[20.21295,45.367225],[20.213063,45.366865],[20.213218,45.366399],[20.213495,45.365887],[20.21416,45.36518],[20.214699,45.364826],[20.215643,45.364324],[20.21701,45.363892],[20.218206,45.363497],[20.219885,45.363121],[20.22155,45.362858],[20.222349,45.362718],[20.223202,45.362558],[20.224592,45.362326],[20.225565,45.362138],[20.226991,45.361878],[20.227997,45.361676],[20.230138,45.361181],[20.231443,45.360847],[20.232249,45.360619],[20.233135,45.360282],[20.234242,45.359866],[20.235761,45.3592],[20.237324,45.358442],[20.239283,45.357044],[20.240086,45.356368],[20.241638,45.355229],[20.244273,45.353482],[20.245726,45.352513],[20.246773,45.351712],[20.2483,45.350759],[20.24953,45.350108],[20.251553,45.349054],[20.254338,45.347806],[20.255483,45.347333],[20.257988,45.346204],[20.259539,45.345476],[20.260043,45.345349],[20.260906,45.344854],[20.261471,45.344271],[20.261995,45.343908],[20.262501,45.343446],[20.263237,45.342792],[20.263854,45.342308],[20.264226,45.341702],[20.264753,45.34116],[20.265053,45.340731],[20.266306,45.339628],[20.267516,45.338418],[20.268285,45.337492],[20.268947,45.336634],[20.269476,45.335547],[20.269887,45.33413],[20.269818,45.333213],[20.26952,45.332266],[20.268904,45.331337],[20.268171,45.330663],[20.266383,45.329488],[20.265852,45.329162],[20.265204,45.32897],[20.264236,45.32893],[20.264437,45.327995],[20.264667,45.327113],[20.264995,45.326515],[20.265196,45.326084],[20.265605,45.325159],[20.26591,45.324489],[20.265261,45.322829],[20.26545,45.322339],[20.265789,45.321422],[20.265962,45.320972],[20.267991,45.320464],[20.268753,45.318948],[20.265135,45.31971],[20.259045,45.320316],[20.257277,45.320982],[20.256454,45.323222],[20.250864,45.32428],[20.250783,45.323964],[20.250701,45.323662],[20.250695,45.323438],[20.250568,45.322161],[20.250304,45.319123],[20.249349,45.315684],[20.248275,45.313958],[20.246216,45.310994],[20.24327,45.307727],[20.240364,45.303207],[20.238895,45.300567],[20.238028,45.297737],[20.237259,45.29319],[20.237471,45.290474],[20.239587,45.287605],[20.242888,45.285641],[20.248221,45.283833],[20.251615,45.282704],[20.249697,45.285854],[20.24508,45.287783],[20.243697,45.290065],[20.2443,45.293851],[20.245805,45.295531],[20.249705,45.29953],[20.253152,45.302177],[20.255701,45.304161],[20.261631,45.308727],[20.265644,45.310396],[20.268173,45.310652],[20.26938,45.310883],[20.271206,45.311601],[20.271749,45.313176],[20.272964,45.314107],[20.2731,45.315363],[20.273489,45.315787],[20.273286,45.316882],[20.27374,45.317907],[20.273812,45.318395],[20.272382,45.319402],[20.270304,45.320807],[20.269607,45.321658],[20.268997,45.322426],[20.268216,45.323559],[20.267674,45.324367],[20.26749,45.324715],[20.267134,45.325758],[20.266878,45.327195],[20.266819,45.328173],[20.26674,45.32822],[20.267711,45.329854],[20.268919,45.330565],[20.269903,45.331441],[20.271387,45.333214],[20.272044,45.33394],[20.271996,45.334126],[20.271459,45.334979],[20.27042,45.336633],[20.269654,45.337896],[20.268425,45.339121],[20.267897,45.339684],[20.264224,45.343108],[20.261486,45.345709],[20.262047,45.345918],[20.261394,45.345798],[20.260061,45.347018],[20.258981,45.348005],[20.25839,45.348499],[20.256223,45.349642],[20.255048,45.350103],[20.252135,45.350646],[20.25203,45.350692],[20.251185,45.350854],[20.249545,45.35215],[20.247875,45.353339],[20.245298,45.355134],[20.242509,45.357053],[20.241446,45.357801],[20.240439,45.358503],[20.239471,45.35918],[20.240791,45.360351],[20.242287,45.361639],[20.242733,45.363084],[20.241487,45.365125],[20.242213,45.367694],[20.241663,45.3694],[20.241973,45.370231],[20.241774,45.370345],[20.238911,45.372253],[20.237022,45.373094],[20.234457,45.373941],[20.232455,45.374951],[20.232036,45.375368],[20.229871,45.377183],[20.229469,45.378661],[20.229079,45.380153],[20.228854,45.380536],[20.228713,45.381805],[20.228386,45.383038],[20.227957,45.383546],[20.227029,45.384189],[20.226158,45.384793],[20.225769,45.38516],[20.224786,45.386118],[20.224018,45.386864],[20.223129,45.387722],[20.22194,45.388884],[20.221247,45.389788],[20.220521,45.391222],[20.221029,45.39144],[20.221755,45.391778]]]]}},{"type":"Feature","properties":{"name":"Потамишје","name_lat":"Potamisje","type":"ZP","rajac":false,"pa_type":"ZP","pa_id":"potamisje"},"geometry":{"type":"MultiPolygon","coordinates":[[[[20.522431,45.191468],[20.532176,45.188884],[20.538638,45.180486],[20.530093,45.173418],[20.519097,45.181306],[20.533846,45.172086],[20.544665,45.180259],[20.549906,45.182376],[20.55914,45.165886],[20.572917,45.16974],[20.567768,45.170798],[20.572959,45.176151],[20.60314,45.184844],[20.606662,45.190706],[20.605078,45.199149],[20.593362,45.201789],[20.595862,45.20839],[20.597584,45.213236],[20.600283,45.211178],[20.604423,45.204621],[20.611385,45.20511],[20.614746,45.210076],[20.618891,45.214536],[20.626088,45.212363],[20.628926,45.223007],[20.633303,45.229367],[20.646591,45.236671],[20.633168,45.244028],[20.632577,45.244892],[20.640977,45.238206],[20.63351,45.234733],[20.621631,45.231911],[20.613194,45.230094],[20.604659,45.248467],[20.61243,45.255861],[20.614837,45.263617],[20.616905,45.268497],[20.619066,45.274488],[20.628978,45.276339],[20.632029,45.281517],[20.640345,45.283216],[20.645214,45.277663],[20.666005,45.288617],[20.654139,45.300314],[20.661809,45.317953],[20.676763,45.33059],[20.691288,45.332008],[20.687472,45.343461],[20.697227,45.342074],[20.703206,45.343657],[20.708648,45.346675],[20.712934,45.348555],[20.720617,45.347654],[20.732159,45.353471],[20.744503,45.353814],[20.766696,45.353907],[20.760614,45.344108],[20.749381,45.341995],[20.742999,45.337036],[20.752201,45.338823],[20.757816,45.339961],[20.751647,45.332243],[20.730918,45.321242],[20.717929,45.313326],[20.715226,45.304535],[20.715284,45.295598],[20.732986,45.285612],[20.747593,45.275414],[20.774365,45.272704],[20.812855,45.277806],[20.84566,45.279148],[20.879223,45.301067],[20.86089,45.302982],[20.860237,45.318651],[20.855145,45.320906],[20.840208,45.338441],[20.82479,45.326661],[20.810875,45.321038],[20.805104,45.305256],[20.828184,45.302525],[20.837347,45.30319],[20.825662,45.294978],[20.848175,45.298088],[20.823592,45.292008],[20.805445,45.2882],[20.792328,45.279418],[20.778785,45.284921],[20.782781,45.288548],[20.760029,45.279323],[20.756756,45.298022],[20.754766,45.3068],[20.757521,45.315466],[20.770446,45.320773],[20.792956,45.325247],[20.804812,45.343117],[20.800715,45.353019],[20.802859,45.356086],[20.807376,45.360728],[20.828182,45.367316],[20.843414,45.370869],[20.852519,45.376339],[20.869715,45.380788],[20.873344,45.386013],[20.873894,45.39718],[20.868752,45.402179],[20.861163,45.405729],[20.862063,45.421111],[20.857268,45.425867],[20.864839,45.430563],[20.875285,45.440472],[20.872526,45.449016],[20.865663,45.450209],[20.870538,45.443656],[20.864517,45.436726],[20.853314,45.430514],[20.850093,45.419105],[20.849816,45.410877],[20.829057,45.375739],[20.798099,45.36309],[20.779188,45.362199],[20.766188,45.357898],[20.75306,45.363215],[20.735856,45.363695],[20.715288,45.361336],[20.721636,45.368291],[20.712223,45.363389],[20.699068,45.367141],[20.696846,45.3731],[20.694388,45.378587],[20.667635,45.373531],[20.667617,45.367246],[20.665997,45.359035],[20.659537,45.346711],[20.653227,45.336945],[20.657018,45.329455],[20.648519,45.325878],[20.644975,45.31466],[20.649869,45.310346],[20.641545,45.302963],[20.637134,45.294539],[20.633402,45.29206],[20.625558,45.286102],[20.620308,45.281827],[20.604531,45.274163],[20.600824,45.262958],[20.593479,45.256404],[20.588237,45.24898],[20.577266,45.233253],[20.570868,45.217325],[20.562241,45.223194],[20.538207,45.217976],[20.531547,45.224403],[20.52971,45.227845],[20.506569,45.228648],[20.49271,45.210725],[20.486772,45.200188],[20.481104,45.20003],[20.476062,45.195373],[20.475883,45.188028],[20.470832,45.184627],[20.467207,45.183308],[20.459229,45.1804],[20.448212,45.180404],[20.453922,45.167798],[20.439956,45.172641],[20.425621,45.163132],[20.434411,45.143173],[20.433878,45.143405],[20.391034,45.12583],[20.393337,45.116151],[20.404571,45.103309],[20.402183,45.093046],[20.41608,45.083421],[20.42007,45.074928],[20.416182,45.055097],[20.420773,45.054615],[20.423778,45.063361],[20.426681,45.07188],[20.435175,45.07556],[20.440184,45.080892],[20.43603,45.08572],[20.432817,45.08931],[20.431056,45.095795],[20.43238,45.09613],[20.448178,45.090872],[20.448974,45.114027],[20.458209,45.124315],[20.468535,45.144347],[20.476868,45.145109],[20.480679,45.149984],[20.481671,45.159968],[20.481852,45.168127],[20.488569,45.172333],[20.497449,45.177919],[20.500038,45.186239],[20.506455,45.18969],[20.508213,45.195788],[20.504785,45.198621],[20.509774,45.197677],[20.514357,45.194015],[20.522431,45.191468]]],[[[20.797488,45.358848],[20.797953,45.358543],[20.798033,45.358491],[20.798237,45.35836],[20.798993,45.357872],[20.799201,45.357738],[20.800005,45.357401],[20.800078,45.357372],[20.800644,45.357151],[20.800879,45.357059],[20.801217,45.356934],[20.801383,45.356873],[20.801937,45.356708],[20.802351,45.356586],[20.802567,45.356541],[20.802761,45.356501],[20.803136,45.35643],[20.803138,45.35643],[20.803362,45.356396],[20.803768,45.3565],[20.803875,45.356527],[20.804078,45.35665],[20.804174,45.356941],[20.804026,45.35708],[20.803829,45.357145],[20.803648,45.357205],[20.803448,45.357272],[20.80327,45.357326],[20.803067,45.357388],[20.803065,45.357389],[20.802899,45.35744],[20.802739,45.35749],[20.802551,45.357547],[20.802491,45.357562],[20.802416,45.35758],[20.80225,45.35762],[20.80209,45.357659],[20.801918,45.357697],[20.801771,45.357729],[20.801734,45.357737],[20.801556,45.357777],[20.801388,45.357818],[20.801279,45.357845],[20.801173,45.357871],[20.801011,45.357911],[20.800802,45.357962],[20.800583,45.358016],[20.800533,45.358029],[20.800404,45.358063],[20.800175,45.358121],[20.800087,45.358144],[20.79996,45.358177],[20.799719,45.358239],[20.799514,45.358292],[20.799217,45.358368],[20.798901,45.358478],[20.798737,45.358535],[20.798576,45.35859],[20.798195,45.358721],[20.79807,45.358796],[20.797707,45.359012],[20.797437,45.35922],[20.79742,45.359233],[20.797303,45.359378],[20.797279,45.359525],[20.797049,45.359555],[20.796754,45.359593],[20.796527,45.359618],[20.796509,45.35962],[20.796463,45.359624],[20.796594,45.359457],[20.796945,45.359206],[20.797411,45.358899],[20.797488,45.358848]]],[[[20.877509,45.425042],[20.876448,45.424701],[20.875821,45.421918],[20.874634,45.419838],[20.87321,45.417263],[20.871796,45.414585],[20.870284,45.411676],[20.868237,45.407872],[20.867857,45.40636],[20.868778,45.405427],[20.869454,45.404618],[20.871073,45.403641],[20.871764,45.403907],[20.872559,45.40305],[20.873341,45.402257],[20.874653,45.401894],[20.876337,45.401519],[20.876613,45.401016],[20.876813,45.400627],[20.877283,45.40016],[20.877694,45.399744],[20.87793,45.39895],[20.878357,45.397967],[20.878835,45.396765],[20.879639,45.395759],[20.880176,45.395187],[20.881138,45.395666],[20.882487,45.396878],[20.883601,45.397883],[20.884971,45.398736],[20.886435,45.398701],[20.887621,45.398538],[20.887956,45.397694],[20.887795,45.396712],[20.888185,45.395994],[20.889332,45.395491],[20.891174,45.394818],[20.891649,45.394163],[20.891861,45.393662],[20.893127,45.39299],[20.896151,45.392923],[20.898587,45.394081],[20.899834,45.395571],[20.902246,45.398258],[20.901756,45.398776],[20.902672,45.399298],[20.903849,45.399652],[20.905162,45.399792],[20.906768,45.398943],[20.908513,45.397658],[20.909161,45.396804],[20.910994,45.3957],[20.913015,45.395242],[20.915505,45.394851],[20.915137,45.394661],[20.913585,45.394468],[20.913055,45.394306],[20.914214,45.393329],[20.915839,45.392014],[20.916374,45.391392],[20.916754,45.389834],[20.916615,45.388771],[20.914449,45.388198],[20.911985,45.389026],[20.908023,45.389492],[20.904409,45.388891],[20.903647,45.38905],[20.903513,45.388786],[20.90392,45.388623],[20.904622,45.388273],[20.907726,45.386726],[20.907471,45.386084],[20.905362,45.385821],[20.904099,45.38565],[20.902577,45.385403],[20.900731,45.385151],[20.898976,45.384843],[20.897921,45.385028],[20.896994,45.386288],[20.896797,45.386557],[20.896569,45.386866],[20.896278,45.386955],[20.894926,45.38637],[20.894104,45.386679],[20.892668,45.387474],[20.891834,45.388246],[20.890702,45.38901],[20.889777,45.389392],[20.889525,45.389199],[20.888842,45.38887],[20.887826,45.389621],[20.886802,45.390377],[20.886031,45.39077],[20.885375,45.390262],[20.883897,45.389113],[20.884419,45.388128],[20.882026,45.385629],[20.882162,45.384693],[20.881873,45.3838],[20.882154,45.383437],[20.88292,45.382481],[20.883773,45.381407],[20.884421,45.380705],[20.885579,45.379562],[20.886068,45.378999],[20.886999,45.377751],[20.888003,45.376732],[20.890507,45.375758],[20.892854,45.375147],[20.895101,45.374573],[20.8972,45.374633],[20.898806,45.375211],[20.898812,45.376142],[20.898436,45.37731],[20.898192,45.37834],[20.899272,45.378934],[20.900379,45.379106],[20.901581,45.379139],[20.901933,45.378198],[20.90462,45.377462],[20.904391,45.376662],[20.906163,45.375377],[20.907442,45.374566],[20.908569,45.37415],[20.910464,45.373945],[20.912439,45.373815],[20.914225,45.373643],[20.916168,45.373163],[20.918201,45.372583],[20.919455,45.373208],[20.920772,45.37384],[20.921986,45.374519],[20.923763,45.375515],[20.924798,45.374953],[20.926399,45.373582],[20.928102,45.372136],[20.929442,45.370998],[20.930677,45.36995],[20.931773,45.369131],[20.934013,45.367837],[20.935611,45.368538],[20.936776,45.369279],[20.938078,45.369976],[20.939324,45.370738],[20.94105,45.371727],[20.94322,45.372949],[20.944549,45.373687],[20.944951,45.374543],[20.943838,45.375378],[20.942717,45.376337],[20.941213,45.376945],[20.939316,45.377331],[20.937819,45.377948],[20.936833,45.378566],[20.938002,45.379223],[20.940133,45.380443],[20.941307,45.381333],[20.941376,45.381901],[20.94171,45.382847],[20.941725,45.383499],[20.941772,45.384076],[20.941684,45.384653],[20.941811,45.384942],[20.941941,45.385602],[20.942302,45.385895],[20.93981,45.386492],[20.93337,45.38672],[20.931004,45.387809],[20.930675,45.38937],[20.930393,45.390713],[20.930106,45.392124],[20.93158,45.392432],[20.933812,45.392605],[20.935529,45.392902],[20.934866,45.394444],[20.93424,45.395908],[20.933673,45.397227],[20.933176,45.398392],[20.932671,45.3994],[20.932274,45.40019],[20.93182,45.401129],[20.93163,45.401524],[20.931552,45.401686],[20.931488,45.401817],[20.931475,45.401845],[20.931212,45.401941],[20.928912,45.401641],[20.927647,45.402835],[20.928071,45.404403],[20.926543,45.40535],[20.924816,45.406749],[20.923595,45.408503],[20.922545,45.411315],[20.921432,45.414181],[20.920255,45.417238],[20.916406,45.417242],[20.912359,45.417249],[20.908317,45.417177],[20.904756,45.41705],[20.901161,45.416917],[20.898177,45.417779],[20.896265,45.41851],[20.894977,45.419008],[20.893263,45.419675],[20.891333,45.420418],[20.888803,45.421343],[20.88667,45.421964],[20.884778,45.422518],[20.882976,45.423075],[20.881028,45.423773],[20.878697,45.424619],[20.877509,45.425042]]],[[[20.75468,45.391577],[20.754603,45.391636],[20.754443,45.391758],[20.754266,45.391892],[20.754067,45.392044],[20.753955,45.39213],[20.753941,45.392142],[20.75379,45.392339],[20.753647,45.392526],[20.753523,45.392688],[20.753419,45.392824],[20.753248,45.393046],[20.75321,45.393095],[20.753065,45.393238],[20.752851,45.393416],[20.752654,45.39358],[20.752563,45.393656],[20.752428,45.393768],[20.752354,45.39383],[20.752208,45.393951],[20.752103,45.394038],[20.752013,45.394113],[20.751882,45.394221],[20.751815,45.394236],[20.751414,45.394147],[20.750948,45.394043],[20.750373,45.393915],[20.749833,45.393794],[20.749284,45.393672],[20.748654,45.393532],[20.748074,45.393402],[20.7475,45.393274],[20.746921,45.393145],[20.746327,45.393013],[20.745779,45.39289],[20.745497,45.392828],[20.745206,45.39274],[20.74468,45.392583],[20.744264,45.392458],[20.744056,45.392387],[20.743666,45.392167],[20.743405,45.39202],[20.743084,45.391838],[20.742825,45.391692],[20.742497,45.391337],[20.742123,45.390934],[20.741751,45.390531],[20.741368,45.390117],[20.741346,45.390093],[20.741049,45.389841],[20.740948,45.389785],[20.740806,45.389545],[20.740642,45.38926],[20.740545,45.388876],[20.740489,45.388654],[20.74042,45.388381],[20.740349,45.388097],[20.740254,45.387625],[20.740173,45.387185],[20.740082,45.386697],[20.739991,45.386207],[20.739876,45.385585],[20.739822,45.385293],[20.739726,45.384777],[20.739844,45.384242],[20.739904,45.38397],[20.739997,45.383548],[20.740055,45.383286],[20.740108,45.383046],[20.740156,45.382885],[20.740413,45.38239],[20.74041,45.382285],[20.740356,45.381868],[20.740343,45.381774],[20.740117,45.381027],[20.740006,45.380718],[20.739504,45.380422],[20.739476,45.380411],[20.74002,45.380238],[20.740433,45.380129],[20.741027,45.379994],[20.74213,45.379745],[20.743063,45.379534],[20.743702,45.379365],[20.744052,45.379273],[20.744302,45.379207],[20.744551,45.379141],[20.744839,45.37912],[20.745188,45.379229],[20.745702,45.379207],[20.745843,45.378872],[20.745925,45.378815],[20.74642,45.37864],[20.747017,45.378428],[20.747243,45.378375],[20.748172,45.378158],[20.748926,45.378004],[20.749591,45.377877],[20.749898,45.377827],[20.750693,45.377697],[20.750969,45.377634],[20.75148,45.377596],[20.752179,45.377528],[20.752785,45.377436],[20.75298,45.377426],[20.753282,45.377574],[20.753664,45.377528],[20.754395,45.377229],[20.755058,45.377142],[20.756141,45.377012],[20.756479,45.376972],[20.757367,45.376817],[20.757821,45.37676],[20.758897,45.376619],[20.759504,45.376541],[20.760659,45.376423],[20.76091,45.376391],[20.761553,45.376309],[20.762143,45.376194],[20.762988,45.376047],[20.764309,45.375871],[20.764911,45.375876],[20.764957,45.375851],[20.765531,45.375708],[20.765884,45.376022],[20.76589,45.376194],[20.765496,45.377564],[20.765349,45.377984],[20.764614,45.379013],[20.764461,45.379575],[20.764346,45.379994],[20.763468,45.380678],[20.763282,45.380823],[20.763018,45.381028],[20.762781,45.381187],[20.762612,45.381299],[20.762522,45.381358],[20.762263,45.381531],[20.762013,45.381698],[20.761738,45.381881],[20.761477,45.382054],[20.761265,45.382195],[20.76106,45.382331],[20.761006,45.382368],[20.760717,45.382923],[20.762425,45.382609],[20.764859,45.383198],[20.764966,45.383083],[20.76516,45.382804],[20.765122,45.382382],[20.765215,45.382209],[20.765626,45.382132],[20.765775,45.382003],[20.76586,45.381873],[20.766023,45.381403],[20.766288,45.381361],[20.766673,45.381013],[20.766743,45.380283],[20.766793,45.379762],[20.767671,45.379744],[20.767767,45.379395],[20.767827,45.378889],[20.768265,45.37883],[20.768623,45.378797],[20.769594,45.37869],[20.770203,45.378623],[20.770907,45.378537],[20.771827,45.378425],[20.772172,45.378382],[20.773001,45.378276],[20.774067,45.375136],[20.774335,45.375089],[20.774527,45.374785],[20.77456,45.374574],[20.77499,45.374565],[20.775607,45.374553],[20.775376,45.375558],[20.775113,45.376701],[20.775017,45.377117],[20.774841,45.377885],[20.774386,45.379243],[20.774005,45.380381],[20.773657,45.381423],[20.773295,45.382059],[20.772778,45.382965],[20.772174,45.384023],[20.771967,45.384385],[20.77174,45.384782],[20.770719,45.385663],[20.770474,45.385875],[20.769351,45.386844],[20.768878,45.387251],[20.768827,45.387296],[20.768792,45.387326],[20.768773,45.387484],[20.769072,45.387765],[20.769422,45.388094],[20.769878,45.388522],[20.770165,45.388792],[20.770339,45.388942],[20.770521,45.389092],[20.770794,45.38938],[20.770567,45.389367],[20.770221,45.389349],[20.769903,45.38943],[20.769759,45.389478],[20.769472,45.389573],[20.769133,45.389684],[20.768803,45.389412],[20.768749,45.389367],[20.768617,45.389166],[20.768239,45.388593],[20.768058,45.388317],[20.76794,45.387942],[20.767847,45.387647],[20.767659,45.387345],[20.767547,45.387253],[20.767055,45.387349],[20.766868,45.387532],[20.766819,45.387868],[20.766772,45.388185],[20.766728,45.388483],[20.76658,45.388634],[20.766389,45.388829],[20.766193,45.388908],[20.766006,45.388983],[20.765809,45.389063],[20.765623,45.389138],[20.765367,45.389096],[20.765229,45.389073],[20.765146,45.389059],[20.764903,45.389171],[20.76483,45.389223],[20.764743,45.389284],[20.764677,45.389331],[20.764614,45.389376],[20.764524,45.38944],[20.764414,45.389519],[20.764273,45.389619],[20.764133,45.389718],[20.76399,45.38982],[20.763847,45.389921],[20.763744,45.389995],[20.763614,45.390104],[20.76348,45.390216],[20.763358,45.390318],[20.763246,45.390412],[20.763112,45.390525],[20.762991,45.390626],[20.762882,45.390718],[20.762758,45.390822],[20.762641,45.390921],[20.762539,45.391006],[20.762417,45.391109],[20.762339,45.391174],[20.762192,45.391298],[20.761684,45.391587],[20.761276,45.391808],[20.76082,45.392055],[20.760478,45.39224],[20.760024,45.392486],[20.759607,45.392712],[20.759316,45.392877],[20.758997,45.39279],[20.75845,45.39264],[20.757859,45.392478],[20.757272,45.392318],[20.756744,45.392174],[20.756448,45.392095],[20.755916,45.391976],[20.755551,45.391895],[20.755377,45.391798],[20.755064,45.391624],[20.754806,45.391481],[20.75468,45.391577]]],[[[20.857452,45.356411],[20.858025,45.356765],[20.858123,45.356826],[20.857799,45.357117],[20.857039,45.357275],[20.856862,45.357308],[20.856523,45.357399],[20.85609,45.357508],[20.85565,45.357618],[20.855174,45.357737],[20.854722,45.35785],[20.854227,45.357974],[20.853775,45.358087],[20.853416,45.358177],[20.853,45.358281],[20.852556,45.358392],[20.852093,45.358508],[20.85172,45.358601],[20.851597,45.358633],[20.851507,45.358656],[20.85134,45.3587],[20.851155,45.358748],[20.850963,45.358798],[20.850786,45.358844],[20.850588,45.358895],[20.850465,45.358927],[20.850279,45.358976],[20.850153,45.359008],[20.850031,45.35904],[20.849945,45.359062],[20.849789,45.358949],[20.850405,45.358652],[20.851063,45.358333],[20.851627,45.35806],[20.85191,45.357923],[20.851381,45.357412],[20.850925,45.356971],[20.85064,45.356696],[20.850375,45.356439],[20.849973,45.356218],[20.849177,45.356673],[20.848911,45.356825],[20.848415,45.356284],[20.847794,45.355608],[20.847485,45.355271],[20.847018,45.354762],[20.846665,45.354474],[20.846297,45.354203],[20.846213,45.354141],[20.846119,45.354071],[20.845991,45.353977],[20.845718,45.353775],[20.845162,45.35343],[20.844967,45.353464],[20.844346,45.353781],[20.843529,45.353727],[20.842945,45.353211],[20.842806,45.353083],[20.842233,45.352533],[20.84196,45.352295],[20.841666,45.352036],[20.841478,45.351878],[20.841309,45.351707],[20.841085,45.3515],[20.840998,45.351405],[20.841246,45.351117],[20.841565,45.350824],[20.841607,45.350786],[20.841649,45.350492],[20.841688,45.350221],[20.841738,45.349874],[20.841671,45.349836],[20.841313,45.349668],[20.841121,45.349632],[20.840992,45.349773],[20.840968,45.34981],[20.84096,45.349849],[20.840954,45.349879],[20.840886,45.350215],[20.840844,45.350422],[20.840814,45.350571],[20.84042,45.350925],[20.840257,45.350785],[20.839913,45.350505],[20.839854,45.350456],[20.839636,45.350283],[20.839452,45.350298],[20.838946,45.3506],[20.838484,45.350875],[20.838065,45.351085],[20.837777,45.351128],[20.837661,45.351014],[20.837397,45.350784],[20.837318,45.350714],[20.837023,45.350462],[20.836658,45.35016],[20.836434,45.34994],[20.836246,45.34978],[20.835973,45.349545],[20.835654,45.349269],[20.835584,45.349208],[20.835272,45.348935],[20.835233,45.348897],[20.83496,45.348679],[20.834757,45.34854],[20.834456,45.348327],[20.834368,45.348251],[20.834026,45.347956],[20.833948,45.347895],[20.833774,45.347742],[20.833638,45.347755],[20.833541,45.347673],[20.83331,45.347478],[20.833208,45.347391],[20.833024,45.347236],[20.832735,45.346992],[20.83263,45.346903],[20.83257,45.346852],[20.832442,45.346744],[20.832325,45.346645],[20.832174,45.346518],[20.832023,45.34639],[20.831873,45.346263],[20.831717,45.346131],[20.831515,45.34596],[20.831638,45.345847],[20.832103,45.345467],[20.832301,45.345306],[20.832398,45.345176],[20.832687,45.34469],[20.832921,45.344296],[20.83314,45.343927],[20.833384,45.343515],[20.833508,45.343307],[20.833658,45.343055],[20.833906,45.342673],[20.834169,45.342269],[20.834309,45.342053],[20.834542,45.341832],[20.834797,45.341597],[20.835048,45.341475],[20.835678,45.341167],[20.836223,45.340902],[20.836888,45.340577],[20.837502,45.340276],[20.838078,45.339995],[20.838554,45.339762],[20.839069,45.33951],[20.839283,45.339536],[20.839724,45.339284],[20.840285,45.338963],[20.840662,45.338747],[20.841043,45.338985],[20.841233,45.339103],[20.841481,45.339258],[20.841649,45.339362],[20.841819,45.339468],[20.84197,45.339562],[20.842276,45.339539],[20.842718,45.339368],[20.843204,45.33918],[20.843425,45.339196],[20.84375,45.339502],[20.844047,45.339374],[20.844227,45.339296],[20.844663,45.339099],[20.845157,45.338795],[20.845548,45.338554],[20.846006,45.338272],[20.846295,45.338094],[20.846601,45.337906],[20.846647,45.338037],[20.84677,45.338328],[20.846808,45.338417],[20.847222,45.339395],[20.847043,45.339521],[20.847199,45.339644],[20.848076,45.340336],[20.848842,45.340941],[20.849545,45.341496],[20.850233,45.342038],[20.850383,45.342303],[20.850227,45.342416],[20.85009,45.342514],[20.849905,45.342648],[20.849789,45.342732],[20.849587,45.342878],[20.849477,45.342957],[20.849322,45.343069],[20.849209,45.343151],[20.849075,45.343248],[20.84893,45.343352],[20.848745,45.343486],[20.848591,45.343597],[20.848457,45.343694],[20.848335,45.343782],[20.848211,45.343872],[20.848138,45.343924],[20.84812,45.343942],[20.848154,45.343967],[20.847872,45.344171],[20.847568,45.344391],[20.847187,45.344666],[20.846774,45.344965],[20.846488,45.345172],[20.846218,45.345318],[20.845896,45.344981],[20.845571,45.34464],[20.845083,45.344128],[20.844718,45.34373],[20.84454,45.343143],[20.844387,45.342638],[20.844367,45.342572],[20.843997,45.342727],[20.84372,45.3429],[20.843386,45.343108],[20.842994,45.343353],[20.842551,45.34351],[20.842469,45.343531],[20.842061,45.343833],[20.841814,45.344015],[20.841784,45.34404],[20.841831,45.344092],[20.842044,45.344331],[20.84259,45.344732],[20.842835,45.344911],[20.843319,45.345266],[20.843381,45.345312],[20.843499,45.345479],[20.843582,45.345596],[20.843766,45.345762],[20.84402,45.345992],[20.844105,45.346069],[20.84425,45.346217],[20.844298,45.346411],[20.844541,45.346549],[20.84474,45.346662],[20.84483,45.346713],[20.845019,45.34687],[20.845209,45.347008],[20.845238,45.347027],[20.845429,45.347146],[20.845378,45.347201],[20.845296,45.347273],[20.845428,45.347394],[20.845565,45.347521],[20.845563,45.347612],[20.845479,45.347679],[20.845418,45.347728],[20.845424,45.347738],[20.845624,45.347883],[20.84572,45.347952],[20.845831,45.348032],[20.845961,45.348126],[20.846229,45.348107],[20.846502,45.348179],[20.846643,45.348284],[20.846976,45.348605],[20.847146,45.348769],[20.847353,45.348969],[20.847663,45.349143],[20.847991,45.349327],[20.848195,45.349442],[20.848545,45.349638],[20.848699,45.349725],[20.849001,45.349966],[20.849033,45.350073],[20.849432,45.350394],[20.849692,45.350604],[20.850138,45.350963],[20.850606,45.35134],[20.851071,45.351715],[20.851525,45.35208],[20.851875,45.352362],[20.852284,45.352672],[20.852728,45.353008],[20.853126,45.353309],[20.853551,45.353631],[20.85392,45.35391],[20.854259,45.354167],[20.854531,45.35433],[20.854744,45.354448],[20.855033,45.354594],[20.85526,45.354695],[20.855546,45.35478],[20.855948,45.35501],[20.856474,45.355168],[20.85693,45.355606],[20.856938,45.356093],[20.857452,45.356411]]],[[[20.818475,45.275535],[20.81884,45.276029],[20.819045,45.27632],[20.819265,45.276623],[20.818888,45.276634],[20.818296,45.276649],[20.817512,45.276669],[20.816609,45.276693],[20.815867,45.276711],[20.815215,45.276726],[20.814395,45.276679],[20.813476,45.276626],[20.812272,45.276556],[20.811686,45.276526],[20.810822,45.27648],[20.809843,45.276412],[20.808872,45.276345],[20.807622,45.276258],[20.806703,45.276195],[20.80617,45.276158],[20.805556,45.276116],[20.804942,45.276053],[20.804068,45.275964],[20.803248,45.27588],[20.803073,45.275862],[20.802922,45.275834],[20.802619,45.275806],[20.801701,45.275722],[20.79981,45.275548],[20.798537,45.275476],[20.797122,45.275397],[20.795756,45.275321],[20.795036,45.275154],[20.793598,45.274821],[20.792134,45.274481],[20.79076,45.273895],[20.789153,45.273125],[20.78777,45.272461],[20.787572,45.272355],[20.786735,45.271876],[20.786217,45.271637],[20.785467,45.271355],[20.784306,45.271224],[20.782753,45.271306],[20.781274,45.271384],[20.779948,45.271453],[20.778489,45.271525],[20.777013,45.271602],[20.775851,45.271662],[20.775088,45.271701],[20.774973,45.271078],[20.774669,45.270847],[20.774644,45.270388],[20.774633,45.270025],[20.774875,45.269693],[20.774937,45.269364],[20.775249,45.269198],[20.775145,45.269043],[20.774844,45.268839],[20.774949,45.268424],[20.775084,45.267938],[20.775151,45.267447],[20.775219,45.267127],[20.775621,45.267606],[20.775716,45.26761],[20.776015,45.267451],[20.776229,45.267353],[20.776082,45.26707],[20.77665,45.266891],[20.776817,45.26684],[20.776842,45.266783],[20.777046,45.266682],[20.777266,45.266622],[20.777477,45.266573],[20.777795,45.266503],[20.777892,45.26644],[20.777974,45.266383],[20.778154,45.266337],[20.778704,45.266185],[20.779712,45.265899],[20.780235,45.265748],[20.781051,45.265499],[20.781787,45.265309],[20.782697,45.265063],[20.784032,45.26471],[20.784536,45.264525],[20.785205,45.264198],[20.785306,45.264145],[20.785813,45.263897],[20.78661,45.263562],[20.78686,45.263445],[20.787055,45.263349],[20.787472,45.263189],[20.787984,45.263026],[20.788723,45.264398],[20.789447,45.264258],[20.791075,45.263939],[20.791055,45.263632],[20.790528,45.262672],[20.791403,45.262429],[20.792958,45.262123],[20.793366,45.262042],[20.793828,45.261951],[20.794222,45.261938],[20.794514,45.261839],[20.795167,45.261713],[20.79515,45.261593],[20.794697,45.260821],[20.794393,45.260283],[20.794436,45.260255],[20.794679,45.260172],[20.794951,45.26008],[20.795456,45.259909],[20.795846,45.259777],[20.796418,45.259583],[20.797025,45.259377],[20.797929,45.259071],[20.798499,45.258878],[20.799455,45.258554],[20.800047,45.258353],[20.800498,45.258322],[20.800929,45.258413],[20.801105,45.258461],[20.80141,45.258633],[20.801562,45.258797],[20.801899,45.259016],[20.80232,45.259194],[20.802854,45.259418],[20.803531,45.259702],[20.80397,45.259886],[20.804601,45.260151],[20.80513,45.260373],[20.805804,45.260656],[20.806109,45.260784],[20.806312,45.260869],[20.806467,45.260934],[20.806752,45.261051],[20.807188,45.26123],[20.807573,45.261387],[20.807997,45.261562],[20.808286,45.26168],[20.808679,45.261838],[20.809069,45.261995],[20.809488,45.262164],[20.809844,45.262308],[20.810099,45.262426],[20.810239,45.262561],[20.810425,45.262693],[20.810669,45.262798],[20.811076,45.262963],[20.811286,45.263053],[20.811494,45.263001],[20.811757,45.263092],[20.811979,45.26317],[20.812063,45.263234],[20.812505,45.263425],[20.812894,45.263594],[20.813107,45.263686],[20.813246,45.263771],[20.813623,45.263998],[20.813977,45.263802],[20.814267,45.263872],[20.81451,45.263999],[20.814496,45.264108],[20.814804,45.264344],[20.814925,45.264412],[20.815103,45.264329],[20.815385,45.264517],[20.815721,45.264742],[20.815871,45.264723],[20.816106,45.26486],[20.816289,45.264944],[20.816455,45.265015],[20.816609,45.265107],[20.816821,45.265307],[20.816686,45.265406],[20.816886,45.265691],[20.817086,45.265977],[20.817187,45.266121],[20.817518,45.266592],[20.817757,45.266933],[20.817995,45.267271],[20.818236,45.267697],[20.818502,45.268177],[20.81894,45.268195],[20.81915,45.268522],[20.819166,45.268935],[20.819217,45.269228],[20.819385,45.269616],[20.819512,45.269908],[20.819637,45.270129],[20.819874,45.270436],[20.820108,45.270458],[20.820512,45.27029],[20.820786,45.270156],[20.82139,45.270042],[20.821347,45.270614],[20.82124,45.270976],[20.820173,45.271076],[20.819295,45.271081],[20.819031,45.27106],[20.818409,45.271013],[20.817781,45.271035],[20.816817,45.271078],[20.817169,45.272043],[20.817031,45.272467],[20.816738,45.273151],[20.816903,45.273527],[20.816991,45.273946],[20.81721,45.274346],[20.817329,45.274557],[20.817446,45.274938],[20.817555,45.275464],[20.818177,45.275354],[20.818475,45.275535]]],[[[20.616729,45.25699],[20.616627,45.25711],[20.616562,45.257142],[20.61631,45.257264],[20.616014,45.257143],[20.615817,45.257042],[20.615685,45.256975],[20.615576,45.25698],[20.615476,45.256985],[20.615279,45.256995],[20.615184,45.257],[20.614801,45.256791],[20.614344,45.256518],[20.61417,45.256396],[20.613939,45.256228],[20.613838,45.256154],[20.61338,45.255815],[20.613079,45.255568],[20.612798,45.255357],[20.612581,45.255206],[20.612622,45.255159],[20.612603,45.255069],[20.612416,45.254954],[20.612166,45.254828],[20.611951,45.254685],[20.611587,45.25444],[20.611492,45.254375],[20.611396,45.254321],[20.611088,45.254146],[20.610872,45.254023],[20.610393,45.253758],[20.610143,45.253585],[20.60995,45.25341],[20.60963,45.253129],[20.609511,45.253025],[20.609078,45.252674],[20.608823,45.252467],[20.608568,45.252303],[20.60831,45.25215],[20.608252,45.252117],[20.607908,45.25191],[20.607711,45.251753],[20.607523,45.251603],[20.60735,45.251432],[20.607115,45.251199],[20.606988,45.251074],[20.606996,45.25107],[20.607237,45.250937],[20.607285,45.250911],[20.607008,45.250667],[20.606858,45.250682],[20.606704,45.250732],[20.606564,45.250801],[20.606363,45.250655],[20.606307,45.250614],[20.606178,45.250521],[20.606093,45.250459],[20.606002,45.250406],[20.605919,45.250357],[20.605755,45.250259],[20.605553,45.250139],[20.605498,45.250095],[20.605387,45.249954],[20.605371,45.249873],[20.60533,45.249663],[20.605293,45.249474],[20.605259,45.249298],[20.605227,45.249134],[20.605215,45.249077],[20.605402,45.249044],[20.605647,45.248945],[20.605864,45.248857],[20.606059,45.248768],[20.606279,45.248662],[20.606429,45.24859],[20.606558,45.248512],[20.606748,45.248398],[20.606949,45.248278],[20.607097,45.248189],[20.607212,45.248119],[20.607406,45.248002],[20.607594,45.247888],[20.607793,45.247767],[20.607932,45.247682],[20.608101,45.247578],[20.608212,45.247511],[20.60828,45.247455],[20.608339,45.247406],[20.608386,45.247368],[20.60844,45.247324],[20.608671,45.247198],[20.608964,45.247039],[20.609218,45.246901],[20.609478,45.24676],[20.609761,45.246606],[20.610018,45.246467],[20.610166,45.246386],[20.610454,45.246214],[20.610639,45.246104],[20.610846,45.245981],[20.61096,45.245913],[20.611122,45.245816],[20.611427,45.245597],[20.611624,45.245459],[20.611869,45.245298],[20.61214,45.245121],[20.612289,45.245024],[20.612482,45.244913],[20.612727,45.244772],[20.612989,45.24462],[20.613063,45.24458],[20.613253,45.244474],[20.613427,45.244378],[20.613502,45.244336],[20.613577,45.244304],[20.613874,45.244174],[20.614032,45.244117],[20.614297,45.244036],[20.614404,45.244005],[20.615084,45.243923],[20.615982,45.24382],[20.616263,45.243793],[20.616827,45.243738],[20.617432,45.243667],[20.617747,45.24364],[20.618154,45.243616],[20.620069,45.243479],[20.620392,45.243484],[20.621294,45.243679],[20.622012,45.243845],[20.622851,45.244018],[20.62348,45.244163],[20.62399,45.244365],[20.624589,45.244621],[20.624856,45.244773],[20.625205,45.245071],[20.625666,45.2454],[20.626077,45.245688],[20.62653,45.246072],[20.626906,45.246544],[20.627032,45.246709],[20.627732,45.247583],[20.627871,45.247851],[20.627941,45.248087],[20.628001,45.248288],[20.628058,45.248481],[20.628121,45.24869],[20.628181,45.248889],[20.628232,45.249061],[20.628272,45.249196],[20.628324,45.24931],[20.628402,45.249395],[20.628503,45.249469],[20.628701,45.249478],[20.628795,45.249483],[20.6289,45.249456],[20.629136,45.249395],[20.629169,45.249709],[20.629186,45.249844],[20.629228,45.250086],[20.629264,45.250291],[20.629296,45.250478],[20.629344,45.250679],[20.629428,45.250962],[20.629515,45.251253],[20.629526,45.251312],[20.629517,45.251594],[20.629501,45.251777],[20.629459,45.252139],[20.629422,45.252458],[20.629384,45.252792],[20.62938,45.252826],[20.629343,45.253132],[20.629305,45.253443],[20.629267,45.25365],[20.629217,45.253878],[20.629206,45.253931],[20.62916,45.254152],[20.629127,45.254312],[20.629085,45.254502],[20.629068,45.254577],[20.628994,45.254833],[20.628918,45.255097],[20.628664,45.255961],[20.628581,45.256217],[20.628551,45.256309],[20.628481,45.256308],[20.628201,45.256431],[20.62799,45.256503],[20.627762,45.256581],[20.627538,45.256657],[20.627345,45.256724],[20.6271,45.256783],[20.626784,45.25682],[20.62645,45.256859],[20.626099,45.2569],[20.625833,45.256931],[20.625585,45.25696],[20.625308,45.256992],[20.625075,45.257019],[20.624913,45.256987],[20.624672,45.256938],[20.624381,45.256879],[20.624284,45.256863],[20.624093,45.256803],[20.623892,45.256783],[20.623552,45.256803],[20.623396,45.256841],[20.623117,45.256913],[20.622947,45.256915],[20.622537,45.256954],[20.622109,45.257008],[20.622053,45.257015],[20.621618,45.25702],[20.621213,45.257025],[20.620857,45.257029],[20.620708,45.257034],[20.620612,45.25704],[20.620214,45.257064],[20.619858,45.257087],[20.619644,45.2571],[20.619421,45.257097],[20.619179,45.257093],[20.619079,45.256977],[20.618931,45.256806],[20.618487,45.256593],[20.618281,45.256494],[20.618072,45.256394],[20.618005,45.256406],[20.617784,45.256446],[20.617451,45.256507],[20.617118,45.256567],[20.61702,45.256617],[20.616971,45.256682],[20.616912,45.256761],[20.616894,45.256785],[20.616847,45.256847],[20.616775,45.256937],[20.616729,45.25699]]]]}}]}